Workbook

Sheet Data
A1: LINEA | B1: APU | C1: LINEA | D1: 46023 | F1: 46024 | H1: 46027 | J1: 46028 | L1: 46029 | N1: 46030 | P1: 46031 | R1: 46034 | T1: 46035 | V1: 46036 | X1: 46037 | Z1: 46038 | AB1: 46041 | AD1: 46042 | AF1: 46043 | AH1: 46044 | AJ1: 46045 | AL1: 46048 | AN1: 46049 | AP1: 46050 | AR1: 46051 | AT1: 46052 | AV1: 46387 | AX1: No | AY1: Si | AZ1: Sin
A2: BLW | B2: APU1 | C2: BLW | D2: Sin conteo | F2: Sin conteo | H2: Sin conteo | J2: Sin conteo | L2: Sin conteo | N2: Sin conteo | P2: Sin conteo | R2: Sin conteo | T2: Sin conteo | V2: Sin conteo | X2: Sin conteo | Z2: Sin conteo | AB2: No cumplio | AD2: No cumplio | AF2: No cumplio | AX2: =COUNTIFS(D2:AW2,"No cumplio",$D$1:$AW$1, ">=" & Main!$I$10,$D$1:$AW$1, "<=" & Main!$L$10) -> 3 | AY2: =COUNTIFS($D2:$AW2, "Si cumplio",$D$1:$AW$1, ">=" & Main!$I$10,$D$1:$AW$1, "<=" & Main!$L$10) -> 0 | AZ2: =COUNTIFS($D2:$AW2, "Sin Conteo",$D$1:$AW$1, ">=" & Main!$I$10,$D$1:$AW$1, "<=" & Main!$L$10) -> 12 | BA2: =SUM(AY2:AY20)/SUM(AX2:AY20) -> 0.57142857 | BB2: =SUM(AX2:AX20)/SUM(AX2:AY20) -> 0.42857143
A3: CON | B3: APU1 | C3: CON | D3: Sin conteo | F3: Sin conteo | H3: Sin conteo | J3: Sin conteo | L3: Sin conteo | N3: Sin conteo | P3: Sin conteo | R3: Sin conteo | T3: Sin conteo | V3: Sin conteo | X3: Sin conteo | Z3: Sin conteo | AB3: Si cumplio | AD3: Si cumplio | AF3: No cumplio | AX3: =COUNTIFS(D3:AW3,"No cumplio",$D$1:$AW$1, ">=" & Main!$I$10,$D$1:$AW$1, "<=" & Main!$L$10) -> 1 | AY3: =COUNTIFS($D3:$AW3, "Si cumplio",$D$1:$AW$1, ">=" & Main!$I$10,$D$1:$AW$1, "<=" & Main!$L$10) -> 2 | AZ3: =COUNTIFS($D3:$AW3, "Sin Conteo",$D$1:$AW$1, ">=" & Main!$I$10,$D$1:$AW$1, "<=" & Main!$L$10) -> 12
A4: CR | B4: APU1 | C4: CR | D4: Sin conteo | F4: Sin conteo | H4: Sin conteo | J4: Sin conteo | L4: Sin conteo | N4: Sin conteo | P4: Sin conteo | R4: Sin conteo | T4: Sin conteo | V4: Sin conteo | X4: Sin conteo | Z4: Sin conteo | AB4: No cumplio | AD4: No cumplio | AF4: No cumplio | AX4: =COUNTIFS(D4:AW4,"No cumplio",$D$1:$AW$1, ">=" & Main!$I$10,$D$1:$AW$1, "<=" & Main!$L$10) -> 3 | AY4: =COUNTIFS($D4:$AW4, "Si cumplio",$D$1:$AW$1, ">=" & Main!$I$10,$D$1:$AW$1, "<=" & Main!$L$10) -> 0 | AZ4: =COUNTIFS($D4:$AW4, "Sin Conteo",$D$1:$AW$1, ">=" & Main!$I$10,$D$1:$AW$1, "<=" & Main!$L$10) -> 12
A5: DP | B5: APU1 | C5: DP | D5: Sin conteo | F5: Sin conteo | H5: Sin conteo | J5: Sin conteo | L5: Sin conteo | N5: Sin conteo | P5: Sin conteo | R5: Sin conteo | T5: Sin conteo | V5: Sin conteo | X5: Sin conteo | Z5: Sin conteo | AB5: Si cumplio | AD5: Si cumplio | AF5: Si cumplio | AX5: =COUNTIFS(D5:AW5,"No cumplio",$D$1:$AW$1, ">=" & Main!$I$10,$D$1:$AW$1, "<=" & Main!$L$10) -> 0 | AY5: =COUNTIFS($D5:$AW5, "Si cumplio",$D$1:$AW$1, ">=" & Main!$I$10,$D$1:$AW$1, "<=" & Main!$L$10) -> 3 | AZ5: =COUNTIFS($D5:$AW5, "Sin Conteo",$D$1:$AW$1, ">=" & Main!$I$10,$D$1:$AW$1, "<=" & Main!$L$10) -> 12
A6: HRS | B6: APU1 | C6: HRS | D6: Sin conteo | F6: Sin conteo | H6: Sin conteo | J6: Sin conteo | L6: Sin conteo | N6: Sin conteo | P6: Sin conteo | R6: Sin conteo | T6: Sin conteo | V6: Sin conteo | X6: Sin conteo | Z6: Sin conteo | AB6: Si cumplio | AD6: Sin conteo | AF6: Sin conteo | AX6: =COUNTIFS(D6:AW6,"No cumplio",$D$1:$AW$1, ">=" & Main!$I$10,$D$1:$AW$1, "<=" & Main!$L$10) -> 0 | AY6: =COUNTIFS($D6:$AW6, "Si cumplio",$D$1:$AW$1, ">=" & Main!$I$10,$D$1:$AW$1, "<=" & Main!$L$10) -> 1 | AZ6: =COUNTIFS($D6:$AW6, "Sin Conteo",$D$1:$AW$1, ">=" & Main!$I$10,$D$1:$AW$1, "<=" & Main!$L$10) -> 14
A7: SKID | B7: APU1 | C7: SKID | D7: Sin conteo | F7: Sin conteo | H7: Sin conteo | J7: Sin conteo | L7: Sin conteo | N7: Sin conteo | P7: Sin conteo | R7: Sin conteo | T7: Sin conteo | V7: Sin conteo | X7: Sin conteo | Z7: Sin conteo | AB7: Si cumplio | AD7: No cumplio | AF7: Si cumplio | AX7: =COUNTIFS(D7:AW7,"No cumplio",$D$1:$AW$1, ">=" & Main!$I$10,$D$1:$AW$1, "<=" & Main!$L$10) -> 1 | AY7: =COUNTIFS($D7:$AW7, "Si cumplio",$D$1:$AW$1, ">=" & Main!$I$10,$D$1:$AW$1, "<=" & Main!$L$10) -> 2 | AZ7: =COUNTIFS($D7:$AW7, "Sin Conteo",$D$1:$AW$1, ">=" & Main!$I$10,$D$1:$AW$1, "<=" & Main!$L$10) -> 12
A8: AFC | B8: APU2 | C8: AFC | D8: Sin conteo | F8: Sin conteo | H8: Sin conteo | J8: Sin conteo | L8: Sin conteo | N8: Sin conteo | P8: Sin conteo | R8: Sin conteo | T8: Sin conteo | V8: Sin conteo | X8: Sin conteo | Z8: Sin conteo | AB8: Si cumplio | AD8: Si cumplio | AF8: Si cumplio | AX8: =COUNTIFS(D8:AW8,"No cumplio",$D$1:$AW$1, ">=" & Main!$I$10,$D$1:$AW$1, "<=" & Main!$L$10) -> 0 | AY8: =COUNTIFS($D8:$AW8, "Si cumplio",$D$1:$AW$1, ">=" & Main!$I$10,$D$1:$AW$1, "<=" & Main!$L$10) -> 3 | AZ8: =COUNTIFS($D8:$AW8, "Sin Conteo",$D$1:$AW$1, ">=" & Main!$I$10,$D$1:$AW$1, "<=" & Main!$L$10) -> 12
A9: DA | B9: APU2 | C9: DA | D9: Sin conteo | F9: Sin conteo | H9: Sin conteo | J9: Sin conteo | L9: Sin conteo | N9: Sin conteo | P9: Sin conteo | R9: Sin conteo | T9: Sin conteo | V9: Sin conteo | X9: Sin conteo | Z9: Sin conteo | AB9: Si cumplio | AD9: Si cumplio | AF9: Si cumplio | AX9: =COUNTIFS(D9:AW9,"No cumplio",$D$1:$AW$1, ">=" & Main!$I$10,$D$1:$AW$1, "<=" & Main!$L$10) -> 0 | AY9: =COUNTIFS($D9:$AW9, "Si cumplio",$D$1:$AW$1, ">=" & Main!$I$10,$D$1:$AW$1, "<=" & Main!$L$10) -> 3 | AZ9: =COUNTIFS($D9:$AW9, "Sin Conteo",$D$1:$AW$1, ">=" & Main!$I$10,$D$1:$AW$1, "<=" & Main!$L$10) -> 12
A10: KITS | B10: APU2 | C10: KITS | D10: Sin conteo | F10: Sin conteo | H10: Sin conteo | J10: Sin conteo | L10: Sin conteo | N10: Sin conteo | P10: Sin conteo | R10: Sin conteo | T10: Sin conteo | V10: Sin conteo | X10: Sin conteo | Z10: Sin conteo | AB10: No cumplio | AD10: Si cumplio | AF10: Si cumplio | AX10: =COUNTIFS(D10:AW10,"No cumplio",$D$1:$AW$1, ">=" & Main!$I$10,$D$1:$AW$1, "<=" & Main!$L$10) -> 1 | AY10: =COUNTIFS($D10:$AW10, "Si cumplio",$D$1:$AW$1, ">=" & Main!$I$10,$D$1:$AW$1, "<=" & Main!$L$10) -> 2 | AZ10: =COUNTIFS($D10:$AW10, "Sin Conteo",$D$1:$AW$1, ">=" & Main!$I$10,$D$1:$AW$1, "<=" & Main!$L$10) -> 12
A11: PLENUM | B11: APU2 | C11: PLENUM | D11: Sin conteo | F11: Sin conteo | H11: Sin conteo | J11: Sin conteo | L11: Sin conteo | N11: Sin conteo | P11: Sin conteo | R11: Sin conteo | T11: Sin conteo | V11: Sin conteo | X11: Sin conteo | Z11: Sin conteo | AB11: Si cumplio | AD11: Si cumplio | AF11: Si cumplio | AX11: =COUNTIFS(D11:AW11,"No cumplio",$D$1:$AW$1, ">=" & Main!$I$10,$D$1:$AW$1, "<=" & Main!$L$10) -> 0 | AY11: =COUNTIFS($D11:$AW11, "Si cumplio",$D$1:$AW$1, ">=" & Main!$I$10,$D$1:$AW$1, "<=" & Main!$L$10) -> 3 | AZ11: =COUNTIFS($D11:$AW11, "Sin Conteo",$D$1:$AW$1, ">=" & Main!$I$10,$D$1:$AW$1, "<=" & Main!$L$10) -> 12
A12: PRE | B12: APU2 | C12: PRE | D12: Sin conteo | F12: Sin conteo | H12: Sin conteo | J12: Sin conteo | L12: Sin conteo | N12: Sin conteo | P12: Sin conteo | R12: Sin conteo | T12: Sin conteo | V12: Sin conteo | X12: Sin conteo | Z12: Sin conteo | AB12: No cumplio | AD12: Si cumplio | AF12: No cumplio | AX12: =COUNTIFS(D12:AW12,"No cumplio",$D$1:$AW$1, ">=" & Main!$I$10,$D$1:$AW$1, "<=" & Main!$L$10) -> 2 | AY12: =COUNTIFS($D12:$AW12, "Si cumplio",$D$1:$AW$1, ">=" & Main!$I$10,$D$1:$AW$1, "<=" & Main!$L$10) -> 1 | AZ12: =COUNTIFS($D12:$AW12, "Sin Conteo",$D$1:$AW$1, ">=" & Main!$I$10,$D$1:$AW$1, "<=" & Main!$L$10) -> 12
A13: XDU100 | B13: APU2 | C13: XDU100 | D13: Sin conteo | F13: Sin conteo | H13: Sin conteo | J13: Sin conteo | L13: Sin conteo | N13: Sin conteo | P13: Sin conteo | R13: Sin conteo | T13: Sin conteo | V13: Sin conteo | X13: Sin conteo | Z13: Sin conteo | AB13: Si cumplio | AD13: Sin conteo | AF13: No cumplio | AX13: =COUNTIFS(D13:AW13,"No cumplio",$D$1:$AW$1, ">=" & Main!$I$10,$D$1:$AW$1, "<=" & Main!$L$10) -> 1 | AY13: =COUNTIFS($D13:$AW13, "Si cumplio",$D$1:$AW$1, ">=" & Main!$I$10,$D$1:$AW$1, "<=" & Main!$L$10) -> 1 | AZ13: =COUNTIFS($D13:$AW13, "Sin Conteo",$D$1:$AW$1, ">=" & Main!$I$10,$D$1:$AW$1, "<=" & Main!$L$10) -> 13
A14: COILS | B14: APU3 | C14: COILS | D14: Sin conteo | F14: Sin conteo | H14: Sin conteo | J14: Sin conteo | L14: Sin conteo | N14: Sin conteo | P14: Sin conteo | R14: Sin conteo | T14: Sin conteo | V14: Sin conteo | X14: Sin conteo | Z14: Sin conteo | AB14: Si cumplio | AD14: Sin conteo | AF14: Si cumplio | AX14: =COUNTIFS(D14:AW14,"No cumplio",$D$1:$AW$1, ">=" & Main!$I$10,$D$1:$AW$1, "<=" & Main!$L$10) -> 0 | AY14: =COUNTIFS($D14:$AW14, "Si cumplio",$D$1:$AW$1, ">=" & Main!$I$10,$D$1:$AW$1, "<=" & Main!$L$10) -> 2 | AZ14: =COUNTIFS($D14:$AW14, "Sin Conteo",$D$1:$AW$1, ">=" & Main!$I$10,$D$1:$AW$1, "<=" & Main!$L$10) -> 13
... A20: MC | B20: APU3 | C20: MC | D20: Sin conteo | F20: Sin conteo | H20: Sin conteo | J20: Sin conteo | L20: Sin conteo | N20: Sin conteo | P20: Sin conteo | R20: Sin conteo | T20: Sin conteo | V20: Sin conteo | X20: Sin conteo | Z20: Sin conteo | AB20: No cumplio | AD20: No cumplio | AF20: No cumplio | AX20: =COUNTIFS(D20:AW20,"No cumplio",$D$1:$AW$1, ">=" & Main!$I$10,$D$1:$AW$1, "<=" & Main!$L$10) -> 3 | AY20: =COUNTIFS($D20:$AW20, "Si cumplio",$D$1:$AW$1, ">=" & Main!$I$10,$D$1:$AW$1, "<=" & Main!$L$10) -> 0 | AZ20: =COUNTIFS($D20:$AW20, "Sin Conteo",$D$1:$AW$1, ">=" & Main!$I$10,$D$1:$AW$1, "<=" & Main!$L$10) -> 12
B22: Modos de falla | D22: 46329 | F22: 46330 | H22: 46331 | J22: 46332 | L22: 46333 | N22: 46336 | P22: 46337 | R22: 46338 | T22: 46339 | V22: 46340 | X22: 46343 | Z22: 46344 | AB22: 46345 | AD22: 46346 | AF22: 46347 | AH22: 46350 | AJ22: 46351 | AL22: 46352 | AN22: 46353 | AP22: 46354
B23: No hay recurso
B24: Consumo de WO
B25: Punto de Uso
B26: Retardo de Material
B27: Corto V.X.
B28: Surtimiento
B29: Material Perdido
B31: Diferencias de inventario | D31: inventario total | E31: diferencias | F31: inventario total | G31: diferencias | H31: inventario total | I31: diferencias | J31: inventario total | K31: diferencias | L31: inventario total | M31: diferencias | N31: inventario total | O31: diferencias | P31: inventario total | Q31: diferencias | R31: inventario total | S31: diferencias | T31: inventario total | U31: diferencias | V31: inventario total | W31: diferencias | X31: inventario total | Y31: diferencias | Z31: inventario total | AA31: diferencias | AB31: inventario total | AC31: diferencias | AD31: inventario total | AE31: diferencias | AF31: inventario total | AG31: diferencias | AH31: inventario total | AI31: diferencias | AJ31: inventario total | AK31: diferencias | AL31: inventario total | AM31: diferencias | AN31: inventario total | AO31: diferencias | AP31: inventario total | AQ31: diferencias | AR31: inventario total | AS31: diferencias | AT31: inventario total | AU31: diferencias | AV31: inventario total | AW31: diferencias
B32: APU | C32: LINEA | D32: 46023 | E32: 46023 | F32: 46024 | G32: 46024 | H32: 46027 | I32: 46027 | J32: 46028 | K32: 46028 | L32: 46029 | M32: 46029 | N32: 46030 | O32: 46030 | P32: 46031 | Q32: 46031 | R32: 46034 | S32: 46034 | T32: 46035 | U32: 46035 | V32: 46036 | W32: 46036 | X32: 46037 | Y32: 46037 | Z32: 46038 | AA32: 46038 | AB32: 46041 | AC32: 46041 | AD32: 46042 | AE32: 46042 | AF32: 46043 | AG32: 46043 | AH32: 46044 | AI32: 46044 | AJ32: 46045 | AK32: 46045 | AL32: 46048 | AM32: 46048 | AN32: 46049 | AO32: 46049 | AP32: 46050 | AQ32: 46050 | AR32: 46051 | AS32: 46051 | AT32: 46052 | AU32: 46052 | AV32: 46387 | AW32: 46387
A33: BLW | B33: APU1 | C33: BLW | D33: 0 | E33: 0 | F33: 0 | G33: 0 | H33: 0 | I33: 0 | J33: 0 | K33: 0 | L33: 0 | M33: 0 | N33: 0 | O33: 0 | P33: 0 | Q33: 0 | R33: 0 | S33: 0 | T33: 0 | U33: 0 | V33: 0 | W33: 0 | X33: 0 | Y33: 0 | Z33: 0 | AA33: 0 | AB33: 1 | AC33: 1 | AD33: 3 | AE33: 3 | AF33: 4 | AG33: 4 | AH33: 0 | AI33: 0 | AJ33: 0 | AK33: 0 | AL33: 0 | AM33: 0 | AN33: 0 | AO33: 0 | AP33: 0 | AQ33: 0 | AR33: 0 | AS33: 0 | AT33: 0 | AU33: 0
A34: CON | B34: APU1 | C34: CON | D34: 0 | E34: 0 | F34: 0 | G34: 0 | H34: 0 | I34: 0 | J34: 0 | K34: 0 | L34: 0 | M34: 0 | N34: 0 | O34: 0 | P34: 0 | Q34: 0 | R34: 0 | S34: 0 | T34: 0 | U34: 0 | V34: 0 | W34: 0 | X34: 0 | Y34: 0 | Z34: 0 | AA34: 0 | AB34: 2 | AC34: 1 | AD34: 5 | AE34: 0 | AF34: 6 | AG34: 6 | AH34: 0 | AI34: 0 | AJ34: 0 | AK34: 0 | AL34: 0 | AM34: 0 | AN34: 0 | AO34: 0 | AP34: 0 | AQ34: 0 | AR34: 0 | AS34: 0 | AT34: 0 | AU34: 0
A35: CR | B35: APU1 | C35: CR | D35: 0 | E35: 0 | F35: 0 | G35: 0 | H35: 0 | I35: 0 | J35: 0 | K35: 0 | L35: 0 | M35: 0 | N35: 0 | O35: 0 | P35: 0 | Q35: 0 | R35: 0 | S35: 0 | T35: 0 | U35: 0 | V35: 0 | W35: 0 | X35: 0 | Y35: 0 | Z35: 0 | AA35: 0 | AB35: 1 | AC35: 1 | AD35: 2 | AE35: 2 | AF35: 1 | AG35: 1 | AH35: 0 | AI35: 0 | AJ35: 0 | AK35: 0 | AL35: 0 | AM35: 0 | AN35: 0 | AO35: 0 | AP35: 0 | AQ35: 0 | AR35: 0 | AS35: 0 | AT35: 0 | AU35: 0
A36: DP | B36: APU1 | C36: DP | D36: 0 | E36: 0 | F36: 0 | G36: 0 | H36: 0 | I36: 0 | J36: 0 | K36: 0 | L36: 0 | M36: 0 | N36: 0 | O36: 0 | P36: 0 | Q36: 0 | R36: 0 | S36: 0 | T36: 0 | U36: 0 | V36: 0 | W36: 0 | X36: 0 | Y36: 0 | Z36: 0 | AA36: 0 | AB36: 8 | AC36: 1 | AD36: 9 | AE36: 3 | AF36: 9 | AG36: 1 | AH36: 0 | AI36: 0 | AJ36: 0 | AK36: 0 | AL36: 0 | AM36: 0 | AN36: 0 | AO36: 0 | AP36: 0 | AQ36: 0 | AR36: 0 | AS36: 0 | AT36: 0 | AU36: 0
A37: HRS | B37: APU1 | C37: HRS | D37: 0 | E37: 0 | F37: 0 | G37: 0 | H37: 0 | I37: 0 | J37: 0 | K37: 0 | L37: 0 | M37: 0 | N37: 0 | O37: 0 | P37: 0 | Q37: 0 | R37: 0 | S37: 0 | T37: 0 | U37: 0 | V37: 0 | W37: 0 | X37: 0 | Y37: 0 | Z37: 0 | AA37: 0 | AB37: 2 | AC37: 0 | AD37: 0 | AE37: 0 | AF37: 0 | AG37: 0 | AH37: 0 | AI37: 0 | AJ37: 0 | AK37: 0 | AL37: 0 | AM37: 0 | AN37: 0 | AO37: 0 | AP37: 0 | AQ37: 0 | AR37: 0 | AS37: 0 | AT37: 0 | AU37: 0
A38: SKID | B38: APU1 | C38: SKID | D38: 0 | E38: 0 | F38: 0 | G38: 0 | H38: 0 | I38: 0 | J38: 0 | K38: 0 | L38: 0 | M38: 0 | N38: 0 | O38: 0 | P38: 0 | Q38: 0 | R38: 0 | S38: 0 | T38: 0 | U38: 0 | V38: 0 | W38: 0 | X38: 0 | Y38: 0 | Z38: 0 | AA38: 0 | AB38: 5 | AC38: 0 | AD38: 6 | AE38: 6 | AF38: 8 | AG38: 3 | AH38: 0 | AI38: 0 | AJ38: 0 | AK38: 0 | AL38: 0 | AM38: 0 | AN38: 0 | AO38: 0 | AP38: 0 | AQ38: 0 | AR38: 0 | AS38: 0 | AT38: 0 | AU38: 0
A39: AFC | B39: APU2 | C39: AFC | D39: 0 | E39: 0 | F39: 0 | G39: 0 | H39: 0 | I39: 0 | J39: 0 | K39: 0 | L39: 0 | M39: 0 | N39: 0 | O39: 0 | P39: 0 | Q39: 0 | R39: 0 | S39: 0 | T39: 0 | U39: 0 | V39: 0 | W39: 0 | X39: 0 | Y39: 0 | Z39: 0 | AA39: 0 | AB39: 8 | AC39: 3 | AD39: 2 | AE39: 1 | AF39: 5 | AG39: 2 | AH39: 0 | AI39: 0 | AJ39: 0 | AK39: 0 | AL39: 0 | AM39: 0 | AN39: 0 | AO39: 0 | AP39: 0 | AQ39: 0 | AR39: 0 | AS39: 0 | AT39: 0 | AU39: 0
A40: DA | B40: APU2 | C40: DA | D40: 0 | E40: 0 | F40: 0 | G40: 0 | H40: 0 | I40: 0 | J40: 0 | K40: 0 | L40: 0 | M40: 0 | N40: 0 | O40: 0 | P40: 0 | Q40: 0 | R40: 0 | S40: 0 | T40: 0 | U40: 0 | V40: 0 | W40: 0 | X40: 0 | Y40: 0 | Z40: 0 | AA40: 0 | AB40: 5 | AC40: 1 | AD40: 4 | AE40: 2 | AF40: 12 | AG40: 4 | AH40: 0 | AI40: 0 | AJ40: 0 | AK40: 0 | AL40: 0 | AM40: 0 | AN40: 0 | AO40: 0 | AP40: 0 | AQ40: 0 | AR40: 0 | AS40: 0 | AT40: 0 | AU40: 0
A41: KITS | B41: APU2 | C41: KITS | D41: 0 | E41: 0 | F41: 0 | G41: 0 | H41: 0 | I41: 0 | J41: 0 | K41: 0 | L41: 0 | M41: 0 | N41: 0 | O41: 0 | P41: 0 | Q41: 0 | R41: 0 | S41: 0 | T41: 0 | U41: 0 | V41: 0 | W41: 0 | X41: 0 | Y41: 0 | Z41: 0 | AA41: 0 | AB41: 2 | AC41: 2 | AD41: 5 | AE41: 0 | AF41: 8 | AG41: 3 | AH41: 0 | AI41: 0 | AJ41: 0 | AK41: 0 | AL41: 0 | AM41: 0 | AN41: 0 | AO41: 0 | AP41: 0 | AQ41: 0 | AR41: 0 | AS41: 0 | AT41: 0 | AU41: 0
A42: PLENUM | B42: APU2 | C42: PLENUM | D42: 0 | E42: 0 | F42: 0 | G42: 0 | H42: 0 | I42: 0 | J42: 0 | K42: 0 | L42: 0 | M42: 0 | N42: 0 | O42: 0 | P42: 0 | Q42: 0 | R42: 0 | S42: 0 | T42: 0 | U42: 0 | V42: 0 | W42: 0 | X42: 0 | Y42: 0 | Z42: 0 | AA42: 0 | AB42: 5 | AC42: 2 | AD42: 2 | AE42: 2 | AF42: 3 | AG42: 0 | AH42: 0 | AI42: 0 | AJ42: 0 | AK42: 0 | AL42: 0 | AM42: 0 | AN42: 0 | AO42: 0 | AP42: 0 | AQ42: 0 | AR42: 0 | AS42: 0 | AT42: 0 | AU42: 0
A43: PRE | B43: APU2 | C43: PRE | D43: 0 | E43: 0 | F43: 0 | G43: 0 | H43: 0 | I43: 0 | J43: 0 | K43: 0 | L43: 0 | M43: 0 | N43: 0 | O43: 0 | P43: 0 | Q43: 0 | R43: 0 | S43: 0 | T43: 0 | U43: 0 | V43: 0 | W43: 0 | X43: 0 | Y43: 0 | Z43: 0 | AA43: 0 | AB43: 4 | AC43: 4 | AD43: 2 | AE43: 2 | AF43: 7 | AG43: 7 | AH43: 0 | AI43: 0 | AJ43: 0 | AK43: 0 | AL43: 0 | AM43: 0 | AN43: 0 | AO43: 0 | AP43: 0 | AQ43: 0 | AR43: 0 | AS43: 0 | AT43: 0 | AU43: 0
A44: XDU100 | B44: APU2 | C44: XDU100 | D44: 0 | E44: 0 | F44: 0 | G44: 0 | H44: 0 | I44: 0 | J44: 0 | K44: 0 | L44: 0 | M44: 0 | N44: 0 | O44: 0 | P44: 0 | Q44: 0 | R44: 0 | S44: 0 | T44: 0 | U44: 0 | V44: 0 | W44: 0 | X44: 0 | Y44: 0 | Z44: 0 | AA44: 0 | AB44: 1 | AC44: 0 | AD44: 0 | AE44: 0 | AF44: 1 | AG44: 1 | AH44: 0 | AI44: 0 | AJ44: 0 | AK44: 0 | AL44: 0 | AM44: 0 | AN44: 0 | AO44: 0 | AP44: 0 | AQ44: 0 | AR44: 0 | AS44: 0 | AT44: 0 | AU44: 0
... A51: MC | B51: APU3 | C51: MC | D51: 0 | E51: 0 | F51: 0 | G51: 0 | H51: 0 | I51: 0 | J51: 0 | K51: 0 | L51: 0 | M51: 0 | N51: 0 | O51: 0 | P51: 0 | Q51: 0 | R51: 0 | S51: 0 | T51: 0 | U51: 0 | V51: 0 | W51: 0 | X51: 0 | Y51: 0 | Z51: 0 | AA51: 0 | AB51: 37 | AC51: 37 | AD51: 21 | AE51: 21 | AF51: 9 | AG51: 9 | AH51: 0 | AI51: 0 | AJ51: 0 | AK51: 0 | AL51: 0 | AM51: 0 | AN51: 0 | AO51: 0 | AP51: 0 | AQ51: 0 | AR51: 0 | AS51: 0 | AT51: 0 | AU51: 0

Sheet Main
A1: AUDITORIA PISO PRODUCTIVO
B4: Cumplimiento: | G4: Incumplimiento: | L4: Conteos diarios
L5: Mayor | O5: =_xlfn.XLOOKUP(MAX(Data!AY2:AY20), Data!AY2:AY20, Data!C2:C20) -> DP
B6: =IFERROR(SUM(Data!AY2:AY20)/SUM(Data!AX2:AY20), 0) -> 0.57142857 | G6: =IFERROR(SUM(Data!AX2:AX20)/SUM(Data!AX2:AY20), 0) -> 0.42857143
L7: Menor | O7: =_xlfn.XLOOKUP(MAX(Data!AX2:AX20), Data!AX2:AX20, Data!C2:C20) -> BLW
B10: Semana: | E10: Todos | G10: Fechas: | I10: =VLOOKUP(E10,Sheet2!A2:E8,4,0) -> 46023 | K10: - | L10: =VLOOKUP(E10,Sheet2!A2:E8,5,0) -> 46052
B13: APU 1 | G13: APU 2 | L13: APU 3
B15: Si contaron | D15: ='APU1'!D18 -> 8 | G15: Si contaron | I15: ='APU2'!$D$18 -> 13 | L15: Si contaron | N15: ='APU3'!$D$19 -> 7
B17: No contaron | D17: ='APU1'!C18 -> 8 | G17: No contaron | I17: ='APU2'!$C$18 -> 4 | L17: No contaron | N17: ='APU3'!$C$19 -> 9
B19: Total | D19: =D15+D17 -> 16 | G19: Total | I19: =I15+I17 -> 17 | L19: Total | N19: =N15+N17 -> 16
B32: ITEMS CON DIFERENCIA | D32: ='APU1'!I18 -> 33 | G32: ITEMS CON DIFERENCIA | I32: ='APU2'!I18 -> 36 | L32: ITEMS CON DIFERENCIA | N32: ='APU3'!I19 -> 159
B35: TOTAL ITEMS | D35: ='APU1'!H18 -> 72 | G35: TOTAL ITEMS | I35: ='APU2'!H18 -> 76 | L35: TOTAL ITEMS | N35: ='APU3'!H19 -> 189

Sheet JSON
A1: Status | B1: Descripcion | C1: Dato
A2: Global | B2: Cumplimiento | C2: =Main!B6 -> 0.57142857
A3: Global | B3: Incumplimiento | C3: =Main!G6 -> 0.42857143
A4: Global | B4: C.Diario mayor | C4: =Main!O5 -> DP
A5: Global | B5: C.Diario menor | C5: =Main!O7 -> BLW
A6: APU1 | B6: Si Cont. 1 | C6: =Main!D15 -> 8
A7: APU1 | B7: No Cont. 1 | C7: =Main!D17 -> 8
A8: APU1 | B8: Tot 1 | C8: =Main!D19 -> 16
A9: APU2 | B9: Si Cont. 2 | C9: =Main!I15 -> 13
A10: APU2 | B10: No Cont. 2 | C10: =Main!I17 -> 4
A11: APU2 | B11: Tot 2 | C11: =Main!I19 -> 17
A12: APU3 | B12: Si Cont. 3 | C12: =Main!N15 -> 7
A13: APU3 | B13: No Cont. 3 | C13: =Main!N17 -> 9
A14: APU3 | B14: Tot 3 | C14: =Main!N19 -> 16
A16: {=_xlfn._xlws.PY(0,1,TablaDatos[#All])} -> [ { "Status": "Global", "Descripcion": "Cumplimiento", "Dato": 0.5714285714285714 }, { "Status": "Global", "Descripcion": "Incumplimiento", "Dato": 0.42857142857142855 }, { "Status": "Global", "Descripcion": "C.Diario mayor", "Dato": "DP" }, { "Status": "Global", "Descripcion": "C.Diario menor", "Dato": "BLW" }, { "Status": "APU1", "Descripcion": "Si Cont. 1", "Dato": 8 }, { "Status": "APU1", "Descripcion": "No Cont. 1", "Dato": 8 }, { "Status": "APU1", "Descripcion": "Tot 1", "Dato": 16 }, { "Status": "APU2", "Descripcion": "Si Cont. 2", "Dato": 13 }, { "Status": "APU2", "Descripcion": "No Cont. 2", "Dato": 4 }, { "Status": "APU2", "Descripcion": "Tot 2", "Dato": 17 }, { "Status": "APU3", "Descripcion": "Si Cont. 3", "Dato": 7 }, { "Status": "APU3", "Descripcion": "No Cont. 3", "Dato": 9 }, { "Status": "APU3", "Descripcion": "Tot 3", "Dato": 16 } ]

Sheet APU1
A1: REGRESAR
B11: Linea | C11: No cumplio | D11: Si Cumplio | E11: Sin Conteo | G11: Linea | H11: inventario total | I11: diferencias | J11: sin diferencia
B12: BLW | C12: =COUNTIFS(Data!D2:AU2, $C$11,Data!$D$1:$AU$1, ">=" & Main!$I$10,Data!$D$1:$AU$1, "<=" & Main!$L$10) -> 3 | D12: =COUNTIFS(Data!$D2:$AU2, $D$11,Data!$D$1:$AU$1, ">=" &Main!$I$10,Data!$D$1:$AU$1, "<=" & Main!$L$10) -> 0 | E12: =COUNTIFS(Data!$D2:$AU2, $E$11,Data!$D$1:$AU$1, ">=" &Main!$I$10,Data!$D$1:$AU$1, "<=" & Main!$L$10) -> 12 | G12: BLW | H12: =SUMIFS((Data!$D33:$AU33), Data!$D$31:$AU$31, H$11, Data!$D$32:$AU$32, ">=" & Main!$I$10, Data!$D$32:$AU$32, "<=" & Main!$L$10) -> 8 | I12: =SUMIFS((Data!$D33:$AU33), Data!$D$31:$AU$31, I$11, Data!$D$32:$AU$32, ">=" & Main!$I$10, Data!$D$32:$AU$32, "<=" & Main!$L$10) -> 8 | J12: =APU1Dif[[#This Row],[inventario total]]-APU1Dif[[#This Row],[diferencias]] -> 0
B13: CON | C13: =COUNTIFS(Data!D3:AU3, $C$11,Data!$D$1:$AU$1, ">=" & Main!$I$10,Data!$D$1:$AU$1, "<=" & Main!$L$10) -> 1 | D13: =COUNTIFS(Data!$D3:$AU3, $D$11,Data!$D$1:$AU$1, ">=" &Main!$I$10,Data!$D$1:$AU$1, "<=" & Main!$L$10) -> 2 | E13: =COUNTIFS(Data!$D3:$AU3, $E$11,Data!$D$1:$AU$1, ">=" &Main!$I$10,Data!$D$1:$AU$1, "<=" & Main!$L$10) -> 12 | G13: CON | H13: =SUMIFS((Data!$D34:$AU34), Data!$D$31:$AU$31, H$11, Data!$D$32:$AU$32, ">=" & Main!$I$10, Data!$D$32:$AU$32, "<=" & Main!$L$10) -> 13 | I13: =SUMIFS((Data!$D34:$AU34), Data!$D$31:$AU$31, I$11, Data!$D$32:$AU$32, ">=" & Main!$I$10, Data!$D$32:$AU$32, "<=" & Main!$L$10) -> 7 | J13: =APU1Dif[[#This Row],[inventario total]]-APU1Dif[[#This Row],[diferencias]] -> 6
B14: CR | C14: =COUNTIFS(Data!D4:AU4, $C$11,Data!$D$1:$AU$1, ">=" & Main!$I$10,Data!$D$1:$AU$1, "<=" & Main!$L$10) -> 3 | D14: =COUNTIFS(Data!$D4:$AU4, $D$11,Data!$D$1:$AU$1, ">=" &Main!$I$10,Data!$D$1:$AU$1, "<=" & Main!$L$10) -> 0 | E14: =COUNTIFS(Data!$D4:$AU4, $E$11,Data!$D$1:$AU$1, ">=" &Main!$I$10,Data!$D$1:$AU$1, "<=" & Main!$L$10) -> 12 | G14: CR | H14: =SUMIFS((Data!$D35:$AU35), Data!$D$31:$AU$31, H$11, Data!$D$32:$AU$32, ">=" & Main!$I$10, Data!$D$32:$AU$32, "<=" & Main!$L$10) -> 4 | I14: =SUMIFS((Data!$D35:$AU35), Data!$D$31:$AU$31, I$11, Data!$D$32:$AU$32, ">=" & Main!$I$10, Data!$D$32:$AU$32, "<=" & Main!$L$10) -> 4 | J14: =APU1Dif[[#This Row],[inventario total]]-APU1Dif[[#This Row],[diferencias]] -> 0
B15: DP | C15: =COUNTIFS(Data!D5:AU5, $C$11,Data!$D$1:$AU$1, ">=" & Main!$I$10,Data!$D$1:$AU$1, "<=" & Main!$L$10) -> 0 | D15: =COUNTIFS(Data!$D5:$AU5, $D$11,Data!$D$1:$AU$1, ">=" &Main!$I$10,Data!$D$1:$AU$1, "<=" & Main!$L$10) -> 3 | E15: =COUNTIFS(Data!$D5:$AU5, $E$11,Data!$D$1:$AU$1, ">=" &Main!$I$10,Data!$D$1:$AU$1, "<=" & Main!$L$10) -> 12 | G15: DP | H15: =SUMIFS((Data!$D36:$AU36), Data!$D$31:$AU$31, H$11, Data!$D$32:$AU$32, ">=" & Main!$I$10, Data!$D$32:$AU$32, "<=" & Main!$L$10) -> 26 | I15: =SUMIFS((Data!$D36:$AU36), Data!$D$31:$AU$31, I$11, Data!$D$32:$AU$32, ">=" & Main!$I$10, Data!$D$32:$AU$32, "<=" & Main!$L$10) -> 5 | J15: =APU1Dif[[#This Row],[inventario total]]-APU1Dif[[#This Row],[diferencias]] -> 21
B16: HRS | C16: =COUNTIFS(Data!D6:AU6, $C$11,Data!$D$1:$AU$1, ">=" & Main!$I$10,Data!$D$1:$AU$1, "<=" & Main!$L$10) -> 0 | D16: =COUNTIFS(Data!$D6:$AU6, $D$11,Data!$D$1:$AU$1, ">=" &Main!$I$10,Data!$D$1:$AU$1, "<=" & Main!$L$10) -> 1 | E16: =COUNTIFS(Data!$D6:$AU6, $E$11,Data!$D$1:$AU$1, ">=" &Main!$I$10,Data!$D$1:$AU$1, "<=" & Main!$L$10) -> 14 | G16: HRS | H16: =SUMIFS((Data!$D37:$AU37), Data!$D$31:$AU$31, H$11, Data!$D$32:$AU$32, ">=" & Main!$I$10, Data!$D$32:$AU$32, "<=" & Main!$L$10) -> 2 | I16: =SUMIFS((Data!$D37:$AU37), Data!$D$31:$AU$31, I$11, Data!$D$32:$AU$32, ">=" & Main!$I$10, Data!$D$32:$AU$32, "<=" & Main!$L$10) -> 0 | J16: =APU1Dif[[#This Row],[inventario total]]-APU1Dif[[#This Row],[diferencias]] -> 2
B17: SKID | C17: =COUNTIFS(Data!D7:AU7, $C$11,Data!$D$1:$AU$1, ">=" & Main!$I$10,Data!$D$1:$AU$1, "<=" & Main!$L$10) -> 1 | D17: =COUNTIFS(Data!$D7:$AU7, $D$11,Data!$D$1:$AU$1, ">=" &Main!$I$10,Data!$D$1:$AU$1, "<=" & Main!$L$10) -> 2 | E17: =COUNTIFS(Data!$D7:$AU7, $E$11,Data!$D$1:$AU$1, ">=" &Main!$I$10,Data!$D$1:$AU$1, "<=" & Main!$L$10) -> 12 | G17: SKID | H17: =SUMIFS((Data!$D38:$AU38), Data!$D$31:$AU$31, H$11, Data!$D$32:$AU$32, ">=" & Main!$I$10, Data!$D$32:$AU$32, "<=" & Main!$L$10) -> 19 | I17: =SUMIFS((Data!$D38:$AU38), Data!$D$31:$AU$31, I$11, Data!$D$32:$AU$32, ">=" & Main!$I$10, Data!$D$32:$AU$32, "<=" & Main!$L$10) -> 9 | J17: =APU1Dif[[#This Row],[inventario total]]-APU1Dif[[#This Row],[diferencias]] -> 10
B18: Total | C18: =SUM(APU1Cont[No cumplio]) -> 8 | D18: =SUM(APU1Cont[Si Cumplio]) -> 8 | E18: =SUM(APU1Cont[Sin Conteo]) -> 74 | H18: =SUM(H12:H17) -> 72 | I18: =SUM(I12:I17) -> 33 | J18: =H18-I18 -> 39
I19: =IFERROR((I18/H18),0) -> 0.45833333 | J19: =IFERROR((J18/H18),0) -> 0.54166667
B21: {=_xlfn._xlws.PY(0,1,APU1Cont[#All])} -> [ { "Linea": "BLW", "No cumplio": 3, "Si Cumplio": 0, "Sin Conteo": 12 }, { "Linea": "CON", "No cumplio": 1, "Si Cumplio": 2, "Sin Conteo": 12 }, { "Linea": "CR", "No cumplio": 3, "Si Cumplio": 0, "Sin Conteo": 12 }, { "Linea": "DP", "No cumplio": 0, "Si Cumplio": 3, "Sin Conteo": 12 }, { "Linea": "HRS", "No cumplio": 0, "Si Cumplio": 1, "Sin Conteo": 14 }, { "Linea": "SKID", "No cumplio": 1, "Si Cumplio": 2, "Sin Conteo": 12 }, { "Linea": "Total", "No cumplio": 8, "Si Cumplio": 8, "Sin Conteo": 74 } ]

Sheet APU2
A1: REGRESAR
B11: Linea | C11: No cumplio | D11: Si Cumplio | E11: Sin Conteo | G11: Linea | H11: inventario total | I11: diferencias | J11: sin diferencia
B12: AFC | C12: =COUNTIFS(Data!$D8:$AU8, $C$11,Data!$D$1:$AU$1, ">=" & Main!$I$10,Data!$D$1:$AU$1, "<=" & Main!$L$10) -> 0 | D12: =COUNTIFS(Data!$D8:$AU8, $D$11,Data!$D$1:$AU$1, ">=" & Main!$I$10,Data!$D$1:$AU$1, "<=" & Main!$L$10) -> 3 | E12: =COUNTIFS(Data!$D8:$AU8, $E$11,Data!$D$1:$AU$1, ">=" & Main!$I$10,Data!$D$1:$AU$1, "<=" & Main!$L$10) -> 12 | G12: AFC | H12: =SUMIFS((Data!$D39:$AU39), Data!$D$31:$AU$31, H$11, Data!$D$32:$AU$32, ">=" & Main!$I$10, Data!$D$32:$AU$32, "<=" & Main!$L$10) -> 15 | I12: =SUMIFS((Data!$D39:$AU39), Data!$D$31:$AU$31, I$11, Data!$D$32:$AU$32, ">=" & Main!$I$10, Data!$D$32:$AU$32, "<=" & Main!$L$10) -> 6 | J12: =APU2Dif[[#This Row],[inventario total]]-APU2Dif[[#This Row],[diferencias]] -> 9
B13: DA | C13: =COUNTIFS(Data!$D9:$AU9, $C$11,Data!$D$1:$AU$1, ">=" & Main!$I$10,Data!$D$1:$AU$1, "<=" & Main!$L$10) -> 0 | D13: =COUNTIFS(Data!$D9:$AU9, $D$11,Data!$D$1:$AU$1, ">=" & Main!$I$10,Data!$D$1:$AU$1, "<=" & Main!$L$10) -> 3 | E13: =COUNTIFS(Data!$D9:$AU9, $E$11,Data!$D$1:$AU$1, ">=" & Main!$I$10,Data!$D$1:$AU$1, "<=" & Main!$L$10) -> 12 | G13: DA | H13: =SUMIFS((Data!$D40:$AU40), Data!$D$31:$AU$31, H$11, Data!$D$32:$AU$32, ">=" & Main!$I$10, Data!$D$32:$AU$32, "<=" & Main!$L$10) -> 21 | I13: =SUMIFS((Data!$D40:$AU40), Data!$D$31:$AU$31, I$11, Data!$D$32:$AU$32, ">=" & Main!$I$10, Data!$D$32:$AU$32, "<=" & Main!$L$10) -> 7 | J13: =APU2Dif[[#This Row],[inventario total]]-APU2Dif[[#This Row],[diferencias]] -> 14
B14: KITS | C14: =COUNTIFS(Data!$D10:$AU10, $C$11,Data!$D$1:$AU$1, ">=" & Main!$I$10,Data!$D$1:$AU$1, "<=" & Main!$L$10) -> 1 | D14: =COUNTIFS(Data!$D10:$AU10, $D$11,Data!$D$1:$AU$1, ">=" & Main!$I$10,Data!$D$1:$AU$1, "<=" & Main!$L$10) -> 2 | E14: =COUNTIFS(Data!$D10:$AU10, $E$11,Data!$D$1:$AU$1, ">=" & Main!$I$10,Data!$D$1:$AU$1, "<=" & Main!$L$10) -> 12 | G14: KITS | H14: =SUMIFS((Data!$D41:$AU41), Data!$D$31:$AU$31, H$11, Data!$D$32:$AU$32, ">=" & Main!$I$10, Data!$D$32:$AU$32, "<=" & Main!$L$10) -> 15 | I14: =SUMIFS((Data!$D41:$AU41), Data!$D$31:$AU$31, I$11, Data!$D$32:$AU$32, ">=" & Main!$I$10, Data!$D$32:$AU$32, "<=" & Main!$L$10) -> 5 | J14: =APU2Dif[[#This Row],[inventario total]]-APU2Dif[[#This Row],[diferencias]] -> 10
B15: PLENUM | C15: =COUNTIFS(Data!$D11:$AU11, $C$11,Data!$D$1:$AU$1, ">=" & Main!$I$10,Data!$D$1:$AU$1, "<=" & Main!$L$10) -> 0 | D15: =COUNTIFS(Data!$D11:$AU11, $D$11,Data!$D$1:$AU$1, ">=" & Main!$I$10,Data!$D$1:$AU$1, "<=" & Main!$L$10) -> 3 | E15: =COUNTIFS(Data!$D11:$AU11, $E$11,Data!$D$1:$AU$1, ">=" & Main!$I$10,Data!$D$1:$AU$1, "<=" & Main!$L$10) -> 12 | G15: PLENUM | H15: =SUMIFS((Data!$D42:$AU42), Data!$D$31:$AU$31, H$11, Data!$D$32:$AU$32, ">=" & Main!$I$10, Data!$D$32:$AU$32, "<=" & Main!$L$10) -> 10 | I15: =SUMIFS((Data!$D42:$AU42), Data!$D$31:$AU$31, I$11, Data!$D$32:$AU$32, ">=" & Main!$I$10, Data!$D$32:$AU$32, "<=" & Main!$L$10) -> 4 | J15: =APU2Dif[[#This Row],[inventario total]]-APU2Dif[[#This Row],[diferencias]] -> 6
B16: PRE | C16: =COUNTIFS(Data!$D12:$AU12, $C$11,Data!$D$1:$AU$1, ">=" & Main!$I$10,Data!$D$1:$AU$1, "<=" & Main!$L$10) -> 2 | D16: =COUNTIFS(Data!$D12:$AU12, $D$11,Data!$D$1:$AU$1, ">=" & Main!$I$10,Data!$D$1:$AU$1, "<=" & Main!$L$10) -> 1 | E16: =COUNTIFS(Data!$D12:$AU12, $E$11,Data!$D$1:$AU$1, ">=" & Main!$I$10,Data!$D$1:$AU$1, "<=" & Main!$L$10) -> 12 | G16: PRE | H16: =SUMIFS((Data!$D43:$AU43), Data!$D$31:$AU$31, H$11, Data!$D$32:$AU$32, ">=" & Main!$I$10, Data!$D$32:$AU$32, "<=" & Main!$L$10) -> 13 | I16: =SUMIFS((Data!$D43:$AU43), Data!$D$31:$AU$31, I$11, Data!$D$32:$AU$32, ">=" & Main!$I$10, Data!$D$32:$AU$32, "<=" & Main!$L$10) -> 13 | J16: =APU2Dif[[#This Row],[inventario total]]-APU2Dif[[#This Row],[diferencias]] -> 0
B17: XDU100 | C17: =COUNTIFS(Data!$D13:$AU13, $C$11,Data!$D$1:$AU$1, ">=" & Main!$I$10,Data!$D$1:$AU$1, "<=" & Main!$L$10) -> 1 | D17: =COUNTIFS(Data!$D13:$AU13, $D$11,Data!$D$1:$AU$1, ">=" & Main!$I$10,Data!$D$1:$AU$1, "<=" & Main!$L$10) -> 1 | E17: =COUNTIFS(Data!$D13:$AU13, $E$11,Data!$D$1:$AU$1, ">=" & Main!$I$10,Data!$D$1:$AU$1, "<=" & Main!$L$10) -> 13 | G17: XDU100 | H17: =SUMIFS((Data!$D44:$AU44), Data!$D$31:$AU$31, H$11, Data!$D$32:$AU$32, ">=" & Main!$I$10, Data!$D$32:$AU$32, "<=" & Main!$L$10) -> 2 | I17: =SUMIFS((Data!$D44:$AU44), Data!$D$31:$AU$31, I$11, Data!$D$32:$AU$32, ">=" & Main!$I$10, Data!$D$32:$AU$32, "<=" & Main!$L$10) -> 1 | J17: =APU2Dif[[#This Row],[inventario total]]-APU2Dif[[#This Row],[diferencias]] -> 1
B18: Total | C18: =SUM(APU2Cont[No cumplio]) -> 4 | D18: =SUM(APU2Cont[Si Cumplio]) -> 13 | E18: =SUM(APU2Cont[Sin Conteo]) -> 73 | H18: =SUM(H12:H17) -> 76 | I18: =SUM(I12:I17) -> 36 | J18: =H18-I18 -> 40
I19: =IFERROR((I18/H18),0) -> 0.47368421 | J19: =IFERROR((J18/H18),0) -> 0.52631579
B21: {=_xlfn._xlws.PY(0,1,APU2Cont[#All])} -> [ { "Linea": "AFC", "No cumplio": 0, "Si Cumplio": 3, "Sin Conteo": 12 }, { "Linea": "DA", "No cumplio": 0, "Si Cumplio": 3, "Sin Conteo": 12 }, { "Linea": "KITS", "No cumplio": 1, "Si Cumplio": 2, "Sin Conteo": 12 }, { "Linea": "PLENUM", "No cumplio": 0, "Si Cumplio": 3, "Sin Conteo": 12 }, { "Linea": "PRE", "No cumplio": 2, "Si Cumplio": 1, "Sin Conteo": 12 }, { "Linea": "XDU100", "No cumplio": 1, "Si Cumplio": 1, "Sin Conteo": 13 }, { "Linea": "Total", "No cumplio": 4, "Si Cumplio": 13, "Sin Conteo": 73 } ]

Sheet APU3
A1: REGRESAR
B11: Linea | C11: No cumplio | D11: Si Cumplio | E11: Sin Conteo | G11: Linea | H11: inventario total | I11: diferencias | J11: sin diferencias
B12: COILS | C12: =COUNTIFS(Data!$D14:$AU14, C$11,Data!$D$1:$AU$1, ">=" & Main!$I$10,Data!$D$1:$AU$1, "<=" & Main!$L$10) -> 0 | D12: =COUNTIFS(Data!$D14:$AU14, D$11,Data!$D$1:$AU$1, ">=" & Main!$I$10,Data!$D$1:$AU$1, "<=" & Main!$L$10) -> 2 | E12: =COUNTIFS(Data!$D14:$AU14, E$11,Data!$D$1:$AU$1, ">=" & Main!$I$10,Data!$D$1:$AU$1, "<=" & Main!$L$10) -> 13 | G12: COILS | H12: =SUMIFS((Data!$D45:$AU45), Data!$D$31:$AU$31, H$11, Data!D$32:$AU$32, ">=" & Main!$I$10, Data!D$32:$AU$32, "<=" & Main!$L$10) -> 3 | I12: =SUMIFS((Data!$D45:$AU45), Data!$D$31:$AU$31, I$11, Data!$D$32:$AU$32, ">=" & Main!$I$10, Data!$D$32:$AU$32, "<=" & Main!$L$10) -> 3 | J12: =APU3Dif[[#This Row],[inventario total]]-APU3Dif[[#This Row],[diferencias]] -> 0
B13: EP | C13: =COUNTIFS(Data!$D15:$AU15, C$11,Data!$D$1:$AU$1, ">=" & Main!$I$10,Data!$D$1:$AU$1, "<=" & Main!$L$10) -> 3 | D13: =COUNTIFS(Data!$D15:$AU15, D$11,Data!$D$1:$AU$1, ">=" & Main!$I$10,Data!$D$1:$AU$1, "<=" & Main!$L$10) -> 0 | E13: =COUNTIFS(Data!$D15:$AU15, E$11,Data!$D$1:$AU$1, ">=" & Main!$I$10,Data!$D$1:$AU$1, "<=" & Main!$L$10) -> 12 | G13: EP | H13: =SUMIFS((Data!$D46:$AU46), Data!$D$31:$AU$31, H$11, Data!D$32:$AU$32, ">=" & Main!$I$10, Data!D$32:$AU$32, "<=" & Main!$L$10) -> 100 | I13: =SUMIFS((Data!$D46:$AU46), Data!$D$31:$AU$31, I$11, Data!$D$32:$AU$32, ">=" & Main!$I$10, Data!$D$32:$AU$32, "<=" & Main!$L$10) -> 75 | J13: =APU3Dif[[#This Row],[inventario total]]-APU3Dif[[#This Row],[diferencias]] -> 25
B14: PIPING | C14: =COUNTIFS(Data!$D16:$AU16, C$11,Data!$D$1:$AU$1, ">=" & Main!$I$10,Data!$D$1:$AU$1, "<=" & Main!$L$10) -> 3 | D14: =COUNTIFS(Data!$D16:$AU16, D$11,Data!$D$1:$AU$1, ">=" & Main!$I$10,Data!$D$1:$AU$1, "<=" & Main!$L$10) -> 0 | E14: =COUNTIFS(Data!$D16:$AU16, E$11,Data!$D$1:$AU$1, ">=" & Main!$I$10,Data!$D$1:$AU$1, "<=" & Main!$L$10) -> 12 | G14: PIPING | H14: =SUMIFS((Data!$D47:$AU47), Data!$D$31:$AU$31, H$11, Data!D$32:$AU$32, ">=" & Main!$I$10, Data!D$32:$AU$32, "<=" & Main!$L$10) -> 8 | I14: =SUMIFS((Data!$D47:$AU47), Data!$D$31:$AU$31, I$11, Data!$D$32:$AU$32, ">=" & Main!$I$10, Data!$D$32:$AU$32, "<=" & Main!$L$10) -> 8 | J14: =APU3Dif[[#This Row],[inventario total]]-APU3Dif[[#This Row],[diferencias]] -> 0
B15: SM | C15: =COUNTIFS(Data!$D17:$AU17, C$11,Data!$D$1:$AU$1, ">=" & Main!$I$10,Data!$D$1:$AU$1, "<=" & Main!$L$10) -> 0 | D15: =COUNTIFS(Data!$D17:$AU17, D$11,Data!$D$1:$AU$1, ">=" & Main!$I$10,Data!$D$1:$AU$1, "<=" & Main!$L$10) -> 0 | E15: =COUNTIFS(Data!$D17:$AU17, E$11,Data!$D$1:$AU$1, ">=" & Main!$I$10,Data!$D$1:$AU$1, "<=" & Main!$L$10) -> 15 | G15: SM | H15: =SUMIFS((Data!$D48:$AU48), Data!$D$31:$AU$31, H$11, Data!D$32:$AU$32, ">=" & Main!$I$10, Data!D$32:$AU$32, "<=" & Main!$L$10) -> 0 | I15: =SUMIFS((Data!$D48:$AU48), Data!$D$31:$AU$31, I$11, Data!$D$32:$AU$32, ">=" & Main!$I$10, Data!$D$32:$AU$32, "<=" & Main!$L$10) -> 0 | J15: =APU3Dif[[#This Row],[inventario total]]-APU3Dif[[#This Row],[diferencias]] -> 0
B16: XDM | C16: =COUNTIFS(Data!$D18:$AU18, C$11,Data!$D$1:$AU$1, ">=" & Main!$I$10,Data!$D$1:$AU$1, "<=" & Main!$L$10) -> 0 | D16: =COUNTIFS(Data!$D18:$AU18, D$11,Data!$D$1:$AU$1, ">=" & Main!$I$10,Data!$D$1:$AU$1, "<=" & Main!$L$10) -> 3 | E16: =COUNTIFS(Data!$D18:$AU18, E$11,Data!$D$1:$AU$1, ">=" & Main!$I$10,Data!$D$1:$AU$1, "<=" & Main!$L$10) -> 12 | G16: XDM | H16: =SUMIFS((Data!$D49:$AU49), Data!$D$31:$AU$31, H$11, Data!D$32:$AU$32, ">=" & Main!$I$10, Data!D$32:$AU$32, "<=" & Main!$L$10) -> 9 | I16: =SUMIFS((Data!$D49:$AU49), Data!$D$31:$AU$31, I$11, Data!$D$32:$AU$32, ">=" & Main!$I$10, Data!$D$32:$AU$32, "<=" & Main!$L$10) -> 4 | J16: =APU3Dif[[#This Row],[inventario total]]-APU3Dif[[#This Row],[diferencias]] -> 5
B17: XDU | C17: =COUNTIFS(Data!$D19:$AU19, C$11,Data!$D$1:$AU$1, ">=" & Main!$I$10,Data!$D$1:$AU$1, "<=" & Main!$L$10) -> 0 | D17: =COUNTIFS(Data!$D19:$AU19, D$11,Data!$D$1:$AU$1, ">=" & Main!$I$10,Data!$D$1:$AU$1, "<=" & Main!$L$10) -> 2 | E17: =COUNTIFS(Data!$D19:$AU19, E$11,Data!$D$1:$AU$1, ">=" & Main!$I$10,Data!$D$1:$AU$1, "<=" & Main!$L$10) -> 13 | G17: XDU | H17: =SUMIFS((Data!$D50:$AU50), Data!$D$31:$AU$31, H$11, Data!D$32:$AU$32, ">=" & Main!$I$10, Data!D$32:$AU$32, "<=" & Main!$L$10) -> 2 | I17: =SUMIFS((Data!$D50:$AU50), Data!$D$31:$AU$31, I$11, Data!$D$32:$AU$32, ">=" & Main!$I$10, Data!$D$32:$AU$32, "<=" & Main!$L$10) -> 2 | J17: =APU3Dif[[#This Row],[inventario total]]-APU3Dif[[#This Row],[diferencias]] -> 0
B18: MC | C18: =COUNTIFS(Data!$D20:$AU20, C$11,Data!$D$1:$AU$1, ">=" & Main!$I$10,Data!$D$1:$AU$1, "<=" & Main!$L$10) -> 3 | D18: =COUNTIFS(Data!$D20:$AU20, D$11,Data!$D$1:$AU$1, ">=" & Main!$I$10,Data!$D$1:$AU$1, "<=" & Main!$L$10) -> 0 | E18: =COUNTIFS(Data!$D20:$AU20, E$11,Data!$D$1:$AU$1, ">=" & Main!$I$10,Data!$D$1:$AU$1, "<=" & Main!$L$10) -> 12 | G18: MC | H18: =SUMIFS((Data!$D51:$AU51), Data!$D$31:$AU$31, H$11, Data!D$32:$AU$32, ">=" & Main!$I$10, Data!D$32:$AU$32, "<=" & Main!$L$10) -> 67 | I18: =SUMIFS((Data!$D51:$AU51), Data!$D$31:$AU$31, I$11, Data!$D$32:$AU$32, ">=" & Main!$I$10, Data!$D$32:$AU$32, "<=" & Main!$L$10) -> 67 | J18: =APU3Dif[[#This Row],[inventario total]]-APU3Dif[[#This Row],[diferencias]] -> 0
B19: Total | C19: =SUM(APU3Cont[No cumplio]) -> 9 | D19: =SUM(APU3Cont[Si Cumplio]) -> 7 | E19: =SUM(APU3Cont[Sin Conteo]) -> 89 | H19: =SUM(H12:H18) -> 189 | I19: =SUM(I12:I18) -> 159 | J19: =H19-I19 -> 30
I20: =IFERROR((I19/H19),0) -> 0.84126984 | J20: =IFERROR((J19/H19),0) -> 0.15873016
B22: {=_xlfn._xlws.PY(0,1,APU3Cont[#All])} -> [ { "Linea": "COILS", "No cumplio": 0, "Si Cumplio": 2, "Sin Conteo": 13 }, { "Linea": "EP", "No cumplio": 3, "Si Cumplio": 0, "Sin Conteo": 12 }, { "Linea": "PIPING", "No cumplio": 3, "Si Cumplio": 0, "Sin Conteo": 12 }, { "Linea": "SM", "No cumplio": 0, "Si Cumplio": 0, "Sin Conteo": 15 }, { "Linea": "XDM", "No cumplio": 0, "Si Cumplio": 3, "Sin Conteo": 12 }, { "Linea": "XDU", "No cumplio": 0, "Si Cumplio": 2, "Sin Conteo": 13 }, { "Linea": "MC", "No cumplio": 3, "Si Cumplio": 0, "Sin Conteo": 12 }, { "Linea": "Total", "No cumplio": 9, "Si Cumplio": 7, "Sin Conteo": 89 } ]

Sheet Sheet2
A2: Semana | B2: Inicio | C2: Fin | D2: Inicio Aug | E2: FinAug | G2: Semana | H2: Inicio | I2: Fin | J2: Inicio Aug | K2: FinAug
A3: Todos | B3: =B4 -> 46020 | C3: =C8 -> 46054 | D3: =D4 -> 46023 | E3: =E8 -> 46052 | G3: Todos | H3: =H4 -> 46020 | I3: =I56 -> 46390 | J3: 45870 | K3: 45898
A4: 1 | B4: 46020 | C4: 46026 | D4: 46023 | E4: 46054 | G4: 1 | H4: 46020 | I4: 46026 | J4: 46023 | K4: 46054
A5: 2 | B5: 46027 | C5: 46033 | D5: 46027 | E5: 46031 | G5: 2 | H5: 46027 | I5: 46033 | J5: 46027 | K5: 46031
A6: 3 | B6: 46034 | C6: 46040 | D6: 46034 | E6: 46038 | G6: 3 | H6: 46034 | I6: 46040 | J6: 46034 | K6: 46038
A7: 4 | B7: 46041 | C7: 46047 | D7: 46041 | E7: 46045 | G7: 4 | H7: 46041 | I7: 46047 | J7: 46041 | K7: 46045
A8: 5 | B8: 46048 | C8: 46054 | D8: 46048 | E8: 46052 | G8: 5 | H8: 46048 | I8: 46054 | J8: 46048 | K8: 46052
G9: 6 | H9: 46055 | I9: 46061 | J9: 46055 | K9: 46059
G10: 7 | H10: 46062 | I10: 46068 | J10: 46062 | K10: 46066
G11: 8 | H11: 46069 | I11: 46075 | J11: 46069 | K11: 46073
G12: 9 | H12: 46076 | I12: 46082 | J12: 46076 | K12: 46080
G13: 10 | H13: 46083 | I13: 46089 | J13: 46083 | K13: 46087
G14: 11 | H14: 46090 | I14: 46096 | J14: 46090 | K14: 46094
G15: 12 | H15: 46097 | I15: 46103 | J15: 46097 | K15: 46101
G16: 13 | H16: 46104 | I16: 46110 | J16: 46104 | K16: 46108
G17: 14 | H17: 46111 | I17: 46117 | J17: 46111 | K17: 46115
G18: 15 | H18: 46118 | I18: 46124 | J18: 46118 | K18: 46122
G19: 16 | H19: 46125 | I19: 46131 | J19: 46125 | K19: 46129
G20: 17 | H20: 46132 | I20: 46138 | J20: 46132 | K20: 46136
... G56: 53 | H56: 46384 | I56: 46390 | J56: 46384 | K56: 46388
