Workbook

Sheet Sheet1
A1: ItemLocator | B1: Fecha | C1: TAC | D1: Item | E1: Locator | F1: Sublocator | G1: UOM | H1: FISICO | I1: on hand qty | J1: diferencia | K1: porcentaje | L1: Comments | M1: Location Validated | N1: Dollar U | O1: Total
A2: =_xlfn.CONCAT(D2,E2) -> RS-2090MONCOILS | B2: 46041 | C2: 16 | D2: RS-2090 | E2: MONCOILS | F2: MONCOILS.. | G2: FT | H2: 0 | I2: 0.001 | J2: =Table1[[#This Row],[FISICO]]-Table1[[#This Row],[on hand qty]] -> -0.001 | K2: =IFERROR(IF((I2/H2)<1,I2/H2, H2/I2), 0) -> 0 | L2: =IF(Table1[[#This Row],[FISICO]]="",Sheet2!$A$7,IF(Table1[[#This Row],[diferencia]]=0,Sheet2!$A$9,Sheet2!$A$6)) -> NOT Accuracy Inventory | M2: =E2 -> MONCOILS | N2: =_xlfn.XLOOKUP(Table1[[#This Row],[ItemLocator]], [1]Data!$A:$A,[1]Data!$R:$R,0,0) -> 2.54377 | O2: =Table1[[#This Row],[Dollar U]]*Table1[[#This Row],[diferencia]] -> -0.00254377
A3: =_xlfn.CONCAT(D3,E3) -> 306813P8MONCON | B3: 46041 | C3: 17 | D3: 306813P8 | E3: MONCON | F3: MONCON.. | G3: EA | H3: 1 | I3: 1 | J3: =Table1[[#This Row],[FISICO]]-Table1[[#This Row],[on hand qty]] -> 0 | K3: =IFERROR(IF((I3/H3)<1,I3/H3, H3/I3), 0) -> 1 | L3: =IF(Table1[[#This Row],[FISICO]]="",Sheet2!$A$7,IF(Table1[[#This Row],[diferencia]]=0,Sheet2!$A$9,Sheet2!$A$6)) -> OK Accuracy | M3: =E3 -> MONCON | N3: =_xlfn.XLOOKUP(Table1[[#This Row],[ItemLocator]], [1]Data!$A:$A,[1]Data!$R:$R,0,0) -> 439.13405 | O3: =Table1[[#This Row],[Dollar U]]*Table1[[#This Row],[diferencia]] -> 0
A4: =_xlfn.CONCAT(D4,E4) -> 329483P1MONCON | B4: 46041 | C4: 18 | D4: 329483P1 | E4: MONCON | F4: MONCON.. | G4: EA | H4: 38 | I4: 1 | J4: =Table1[[#This Row],[FISICO]]-Table1[[#This Row],[on hand qty]] -> 37 | K4: =IFERROR(IF((I4/H4)<1,I4/H4, H4/I4), 0) -> 0.026315789 | L4: =IF(Table1[[#This Row],[FISICO]]="",Sheet2!$A$7,IF(Table1[[#This Row],[diferencia]]=0,Sheet2!$A$9,Sheet2!$A$6)) -> NOT Accuracy Inventory | M4: =E4 -> MONCON | N4: =_xlfn.XLOOKUP(Table1[[#This Row],[ItemLocator]], [1]Data!$A:$A,[1]Data!$R:$R,0,0) -> 8.69167 | O4: =Table1[[#This Row],[Dollar U]]*Table1[[#This Row],[diferencia]] -> 321.59179
A5: =_xlfn.CONCAT(D5,E5) -> 122545P2MONDA | B5: 46041 | C5: 20 | D5: 122545P2 | E5: MONDA | F5: MONDA.. | G5: EA | H5: 259 | I5: 259 | J5: =Table1[[#This Row],[FISICO]]-Table1[[#This Row],[on hand qty]] -> 0 | K5: =IFERROR(IF((I5/H5)<1,I5/H5, H5/I5), 0) -> 1 | L5: =IF(Table1[[#This Row],[FISICO]]="",Sheet2!$A$7,IF(Table1[[#This Row],[diferencia]]=0,Sheet2!$A$9,Sheet2!$A$6)) -> OK Accuracy | M5: =E5 -> MONDA | N5: =_xlfn.XLOOKUP(Table1[[#This Row],[ItemLocator]], [1]Data!$A:$A,[1]Data!$R:$R,0,0) -> 0.14313 | O5: =Table1[[#This Row],[Dollar U]]*Table1[[#This Row],[diferencia]] -> 0
A6: =_xlfn.CONCAT(D6,E6) -> 176125P1MONDA | B6: 46041 | C6: 21 | D6: 176125P1 | E6: MONDA | F6: MONDA.. | G6: EA | H6: 1 | I6: 1 | J6: =Table1[[#This Row],[FISICO]]-Table1[[#This Row],[on hand qty]] -> 0 | K6: =IFERROR(IF((I6/H6)<1,I6/H6, H6/I6), 0) -> 1 | L6: =IF(Table1[[#This Row],[FISICO]]="",Sheet2!$A$7,IF(Table1[[#This Row],[diferencia]]=0,Sheet2!$A$9,Sheet2!$A$6)) -> OK Accuracy | M6: =E6 -> MONDA | N6: =_xlfn.XLOOKUP(Table1[[#This Row],[ItemLocator]], [1]Data!$A:$A,[1]Data!$R:$R,0,0) -> 64.39542 | O6: =Table1[[#This Row],[Dollar U]]*Table1[[#This Row],[diferencia]] -> 0
A7: =_xlfn.CONCAT(D7,E7) -> 178339P1MONDA | B7: 46041 | C7: 22 | D7: 178339P1 | E7: MONDA | F7: MONDA.. | G7: EA | H7: 30 | I7: 34 | J7: =Table1[[#This Row],[FISICO]]-Table1[[#This Row],[on hand qty]] -> -4 | K7: =IFERROR(IF((I7/H7)<1,I7/H7, H7/I7), 0) -> 0.88235294 | L7: =IF(Table1[[#This Row],[FISICO]]="",Sheet2!$A$7,IF(Table1[[#This Row],[diferencia]]=0,Sheet2!$A$9,Sheet2!$A$6)) -> NOT Accuracy Inventory | M7: =E7 -> MONDA | N7: =_xlfn.XLOOKUP(Table1[[#This Row],[ItemLocator]], [1]Data!$A:$A,[1]Data!$R:$R,0,0) -> 4.82421 | O7: =Table1[[#This Row],[Dollar U]]*Table1[[#This Row],[diferencia]] -> -19.29684
A8: =_xlfn.CONCAT(D8,E8) -> 310623P1MONDA | B8: 46041 | C8: 23 | D8: 310623P1 | E8: MONDA | F8: MONDA.. | G8: EA | H8: 85 | I8: 85 | J8: =Table1[[#This Row],[FISICO]]-Table1[[#This Row],[on hand qty]] -> 0 | K8: =IFERROR(IF((I8/H8)<1,I8/H8, H8/I8), 0) -> 1 | L8: =IF(Table1[[#This Row],[FISICO]]="",Sheet2!$A$7,IF(Table1[[#This Row],[diferencia]]=0,Sheet2!$A$9,Sheet2!$A$6)) -> OK Accuracy | M8: =E8 -> MONDA | N8: =_xlfn.XLOOKUP(Table1[[#This Row],[ItemLocator]], [1]Data!$A:$A,[1]Data!$R:$R,0,0) -> 0.75218 | O8: =Table1[[#This Row],[Dollar U]]*Table1[[#This Row],[diferencia]] -> 0
A9: =_xlfn.CONCAT(D9,E9) -> 345066G1MONDA | B9: 46041 | C9: 24 | D9: 345066G1 | E9: MONDA | F9: MONDA.. | G9: EA | H9: 13 | I9: 13 | J9: =Table1[[#This Row],[FISICO]]-Table1[[#This Row],[on hand qty]] -> 0 | K9: =IFERROR(IF((I9/H9)<1,I9/H9, H9/I9), 0) -> 1 | L9: =IF(Table1[[#This Row],[FISICO]]="",Sheet2!$A$7,IF(Table1[[#This Row],[diferencia]]=0,Sheet2!$A$9,Sheet2!$A$6)) -> OK Accuracy | M9: =E9 -> MONDA | N9: =_xlfn.XLOOKUP(Table1[[#This Row],[ItemLocator]], [1]Data!$A:$A,[1]Data!$R:$R,0,0) -> 2491.3911 | O9: =Table1[[#This Row],[Dollar U]]*Table1[[#This Row],[diferencia]] -> 0
A10: =_xlfn.CONCAT(D10,E10) -> 1C26657P1MONPLENUM | B10: 46041 | C10: 120 | D10: 1C26657P1 | E10: MONPLENUM | F10: MONPLENUM.. | G10: EA | H10: 56 | I10: 56 | J10: =Table1[[#This Row],[FISICO]]-Table1[[#This Row],[on hand qty]] -> 0 | K10: =IFERROR(IF((I10/H10)<1,I10/H10, H10/I10), 0) -> 1 | L10: =IF(Table1[[#This Row],[FISICO]]="",Sheet2!$A$7,IF(Table1[[#This Row],[diferencia]]=0,Sheet2!$A$9,Sheet2!$A$6)) -> OK Accuracy | M10: =E10 -> MONPLENUM | N10: =_xlfn.XLOOKUP(Table1[[#This Row],[ItemLocator]], [1]Data!$A:$A,[1]Data!$R:$R,0,0) -> 0.8364 | O10: =Table1[[#This Row],[Dollar U]]*Table1[[#This Row],[diferencia]] -> 0
A11: =_xlfn.CONCAT(D11,E11) -> 201769P2MONPLENUM | B11: 46041 | C11: 121 | D11: 201769P2 | E11: MONPLENUM | F11: MONPLENUM.. | G11: EA | H11: 68 | I11: 66 | J11: =Table1[[#This Row],[FISICO]]-Table1[[#This Row],[on hand qty]] -> 2 | K11: =IFERROR(IF((I11/H11)<1,I11/H11, H11/I11), 0) -> 0.97058824 | L11: =IF(Table1[[#This Row],[FISICO]]="",Sheet2!$A$7,IF(Table1[[#This Row],[diferencia]]=0,Sheet2!$A$9,Sheet2!$A$6)) -> NOT Accuracy Inventory | M11: =E11 -> MONPLENUM | N11: =_xlfn.XLOOKUP(Table1[[#This Row],[ItemLocator]], [1]Data!$A:$A,[1]Data!$R:$R,0,0) -> 9.32485 | O11: =Table1[[#This Row],[Dollar U]]*Table1[[#This Row],[diferencia]] -> 18.6497
A12: =_xlfn.CONCAT(D12,E12) -> 322162P2MONPLENUM | B12: 46041 | C12: 122 | D12: 322162P2 | E12: MONPLENUM | F12: MONPLENUM.. | G12: EA | H12: 55 | I12: 55 | J12: =Table1[[#This Row],[FISICO]]-Table1[[#This Row],[on hand qty]] -> 0 | K12: =IFERROR(IF((I12/H12)<1,I12/H12, H12/I12), 0) -> 1 | L12: =IF(Table1[[#This Row],[FISICO]]="",Sheet2!$A$7,IF(Table1[[#This Row],[diferencia]]=0,Sheet2!$A$9,Sheet2!$A$6)) -> OK Accuracy | M12: =E12 -> MONPLENUM | N12: =_xlfn.XLOOKUP(Table1[[#This Row],[ItemLocator]], [1]Data!$A:$A,[1]Data!$R:$R,0,0) -> 455.33434 | O12: =Table1[[#This Row],[Dollar U]]*Table1[[#This Row],[diferencia]] -> 0
A13: =_xlfn.CONCAT(D13,E13) -> 334814P1MONPLENUM | B13: 46041 | C13: 123 | D13: 334814P1 | E13: MONPLENUM | F13: MONPLENUM.. | G13: EA | H13: 66 | I13: 66 | J13: =Table1[[#This Row],[FISICO]]-Table1[[#This Row],[on hand qty]] -> 0 | K13: =IFERROR(IF((I13/H13)<1,I13/H13, H13/I13), 0) -> 1 | L13: =IF(Table1[[#This Row],[FISICO]]="",Sheet2!$A$7,IF(Table1[[#This Row],[diferencia]]=0,Sheet2!$A$9,Sheet2!$A$6)) -> OK Accuracy | M13: =E13 -> MONPLENUM | N13: =_xlfn.XLOOKUP(Table1[[#This Row],[ItemLocator]], [1]Data!$A:$A,[1]Data!$R:$R,0,0) -> 12.17557 | O13: =Table1[[#This Row],[Dollar U]]*Table1[[#This Row],[diferencia]] -> 0
... A19: =_xlfn.CONCAT(D19,E19) -> 09-02EL0Z-11MON-AFC | B19: 46041 | C19: 6 | D19: 09-02EL0Z-11 | E19: MON-AFC | F19: MON-AFC.. | G19: EA | H19: 164 | I19: 164 | J19: =Table1[[#This Row],[FISICO]]-Table1[[#This Row],[on hand qty]] -> 0 | K19: =IFERROR(IF((I19/H19)<1,I19/H19, H19/I19), 0) -> 1 | L19: =IF(Table1[[#This Row],[FISICO]]="",Sheet2!$A$7,IF(Table1[[#This Row],[diferencia]]=0,Sheet2!$A$9,Sheet2!$A$6)) -> OK Accuracy | M19: =E19 -> MON-AFC | N19: =_xlfn.XLOOKUP(Table1[[#This Row],[ItemLocator]], [1]Data!$A:$A,[1]Data!$R:$R,0,0) -> 0.07337 | O19: =Table1[[#This Row],[Dollar U]]*Table1[[#This Row],[diferencia]] -> 0
A20: =_xlfn.CONCAT(D20,E20) -> 10014132MON-AFC | B20: 46041 | C20: 7 | D20: 10014132 | E20: MON-AFC | F20: MON-AFC.. | G20: EA | H20: 184 | I20: 253 | J20: =Table1[[#This Row],[FISICO]]-Table1[[#This Row],[on hand qty]] -> -69 | K20: =IFERROR(IF((I20/H20)<1,I20/H20, H20/I20), 0) -> 0.72727273 | L20: =IF(Table1[[#This Row],[FISICO]]="",Sheet2!$A$7,IF(Table1[[#This Row],[diferencia]]=0,Sheet2!$A$9,Sheet2!$A$6)) -> NOT Accuracy Inventory | M20: =E20 -> MON-AFC | N20: =_xlfn.XLOOKUP(Table1[[#This Row],[ItemLocator]], [1]Data!$A:$A,[1]Data!$R:$R,0,0) -> 0.2083 | O20: =Table1[[#This Row],[Dollar U]]*Table1[[#This Row],[diferencia]] -> -14.3727
A21: =_xlfn.CONCAT(D21,E21) -> 245352300MON-AFC | B21: 46041 | C21: 8 | D21: 245352300 | E21: MON-AFC | F21: MON-AFC.. | G21: EA | H21: 14 | I21: 14 | J21: =Table1[[#This Row],[FISICO]]-Table1[[#This Row],[on hand qty]] -> 0 | K21: =IFERROR(IF((I21/H21)<1,I21/H21, H21/I21), 0) -> 1 | L21: =IF(Table1[[#This Row],[FISICO]]="",Sheet2!$A$7,IF(Table1[[#This Row],[diferencia]]=0,Sheet2!$A$9,Sheet2!$A$6)) -> OK Accuracy | M21: =E21 -> MON-AFC | N21: =_xlfn.XLOOKUP(Table1[[#This Row],[ItemLocator]], [1]Data!$A:$A,[1]Data!$R:$R,0,0) -> 14.31254 | O21: =Table1[[#This Row],[Dollar U]]*Table1[[#This Row],[diferencia]] -> 0
A22: =_xlfn.CONCAT(D22,E22) -> 245354700MON-AFC | B22: 46041 | C22: 9 | D22: 245354700 | E22: MON-AFC | F22: MON-AFC.. | G22: EA | H22: 256 | I22: 256 | J22: =Table1[[#This Row],[FISICO]]-Table1[[#This Row],[on hand qty]] -> 0 | K22: =IFERROR(IF((I22/H22)<1,I22/H22, H22/I22), 0) -> 1 | L22: =IF(Table1[[#This Row],[FISICO]]="",Sheet2!$A$7,IF(Table1[[#This Row],[diferencia]]=0,Sheet2!$A$9,Sheet2!$A$6)) -> OK Accuracy | M22: =E22 -> MON-AFC | N22: =_xlfn.XLOOKUP(Table1[[#This Row],[ItemLocator]], [1]Data!$A:$A,[1]Data!$R:$R,0,0) -> 2.564 | O22: =Table1[[#This Row],[Dollar U]]*Table1[[#This Row],[diferencia]] -> 0
A23: =_xlfn.CONCAT(D23,E23) -> 523024P1MON-AFC | B23: 46041 | C23: 10 | D23: 523024P1 | E23: MON-AFC | F23: MON-AFC.. | G23: EA | H23: 7 | I23: 7 | J23: =Table1[[#This Row],[FISICO]]-Table1[[#This Row],[on hand qty]] -> 0 | K23: =IFERROR(IF((I23/H23)<1,I23/H23, H23/I23), 0) -> 1 | L23: =IF(Table1[[#This Row],[FISICO]]="",Sheet2!$A$7,IF(Table1[[#This Row],[diferencia]]=0,Sheet2!$A$9,Sheet2!$A$6)) -> OK Accuracy | M23: =E23 -> MON-AFC | N23: =_xlfn.XLOOKUP(Table1[[#This Row],[ItemLocator]], [1]Data!$A:$A,[1]Data!$R:$R,0,0) -> 1.66327 | O23: =Table1[[#This Row],[Dollar U]]*Table1[[#This Row],[diferencia]] -> 0
A24: =_xlfn.CONCAT(D24,E24) -> 60010621MON-AFC | B24: 46041 | C24: 11 | D24: 60010621 | E24: MON-AFC | F24: MON-AFC.. | G24: EA | H24: 174 | I24: 174 | J24: =Table1[[#This Row],[FISICO]]-Table1[[#This Row],[on hand qty]] -> 0 | K24: =IFERROR(IF((I24/H24)<1,I24/H24, H24/I24), 0) -> 1 | L24: =IF(Table1[[#This Row],[FISICO]]="",Sheet2!$A$7,IF(Table1[[#This Row],[diferencia]]=0,Sheet2!$A$9,Sheet2!$A$6)) -> OK Accuracy | M24: =E24 -> MON-AFC | N24: =_xlfn.XLOOKUP(Table1[[#This Row],[ItemLocator]], [1]Data!$A:$A,[1]Data!$R:$R,0,0) -> 2.43805 | O24: =Table1[[#This Row],[Dollar U]]*Table1[[#This Row],[diferencia]] -> 0
A25: =_xlfn.CONCAT(D25,E25) -> E-375CMON-AFC | B25: 46041 | C25: 12 | D25: E-375C | E25: MON-AFC | F25: MON-AFC.. | G25: FT | H25: 0 | I25: 200 | J25: =Table1[[#This Row],[FISICO]]-Table1[[#This Row],[on hand qty]] -> -200 | K25: =IFERROR(IF((I25/H25)<1,I25/H25, H25/I25), 0) -> 0 | L25: =IF(Table1[[#This Row],[FISICO]]="",Sheet2!$A$7,IF(Table1[[#This Row],[diferencia]]=0,Sheet2!$A$9,Sheet2!$A$6)) -> NOT Accuracy Inventory | M25: =E25 -> MON-AFC | N25: =_xlfn.XLOOKUP(Table1[[#This Row],[ItemLocator]], [1]Data!$A:$A,[1]Data!$R:$R,0,0) -> 0.07072 | O25: =Table1[[#This Row],[Dollar U]]*Table1[[#This Row],[diferencia]] -> -14.144
A26: =_xlfn.CONCAT(D26,E26) -> 60079762G3MON-AFC | B26: 46041 | C26: CONTEO EXTRA URGENTE | D26: 60079762G3 | E26: MON-AFC | F26: MON-AFC.. | H26: 8 | I26: 5 | J26: =Table1[[#This Row],[FISICO]]-Table1[[#This Row],[on hand qty]] -> 3 | K26: =IFERROR(IF((I26/H26)<1,I26/H26, H26/I26), 0) -> 0.625 | L26: =IF(Table1[[#This Row],[FISICO]]="",Sheet2!$A$7,IF(Table1[[#This Row],[diferencia]]=0,Sheet2!$A$9,Sheet2!$A$6)) -> NOT Accuracy Inventory | M26: =E26 -> MON-AFC | N26: =_xlfn.XLOOKUP(Table1[[#This Row],[ItemLocator]], [1]Data!$A:$A,[1]Data!$R:$R,0,0) -> 312.228 | O26: =Table1[[#This Row],[Dollar U]]*Table1[[#This Row],[diferencia]] -> 936.684
A27: =_xlfn.CONCAT(D27,E27) -> 302011P1MONHRS | B27: 46041 | C27: 74 | D27: 302011P1 | E27: MONHRS | F27: MONHRS.. | G27: EA | H27: 6 | I27: 6 | J27: =Table1[[#This Row],[FISICO]]-Table1[[#This Row],[on hand qty]] -> 0 | K27: =IFERROR(IF((I27/H27)<1,I27/H27, H27/I27), 0) -> 1 | L27: =IF(Table1[[#This Row],[FISICO]]="",Sheet2!$A$7,IF(Table1[[#This Row],[diferencia]]=0,Sheet2!$A$9,Sheet2!$A$6)) -> OK Accuracy | M27: =E27 -> MONHRS | N27: =_xlfn.XLOOKUP(Table1[[#This Row],[ItemLocator]], [1]Data!$A:$A,[1]Data!$R:$R,0,0) -> 16.73004 | O27: =Table1[[#This Row],[Dollar U]]*Table1[[#This Row],[diferencia]] -> 0
A28: =_xlfn.CONCAT(D28,E28) -> 316756P1MONHRS | B28: 46041 | C28: 75 | D28: 316756P1 | E28: MONHRS | F28: MONHRS.. | G28: EA | H28: 23 | I28: 23 | J28: =Table1[[#This Row],[FISICO]]-Table1[[#This Row],[on hand qty]] -> 0 | K28: =IFERROR(IF((I28/H28)<1,I28/H28, H28/I28), 0) -> 1 | L28: =IF(Table1[[#This Row],[FISICO]]="",Sheet2!$A$7,IF(Table1[[#This Row],[diferencia]]=0,Sheet2!$A$9,Sheet2!$A$6)) -> OK Accuracy | M28: =E28 -> MONHRS | N28: =_xlfn.XLOOKUP(Table1[[#This Row],[ItemLocator]], [1]Data!$A:$A,[1]Data!$R:$R,0,0) -> 168.49151 | O28: =Table1[[#This Row],[Dollar U]]*Table1[[#This Row],[diferencia]] -> 0
A29: =_xlfn.CONCAT(D29,E29) -> 306813P8MONSKID | B29: 46041 | C29: 129 | D29: 306813P8 | E29: MONSKID | F29: MONSKID.. | G29: EA | H29: 1 | I29: 1 | J29: =Table1[[#This Row],[FISICO]]-Table1[[#This Row],[on hand qty]] -> 0 | K29: =IFERROR(IF((I29/H29)<1,I29/H29, H29/I29), 0) -> 1 | L29: =IF(Table1[[#This Row],[FISICO]]="",Sheet2!$A$7,IF(Table1[[#This Row],[diferencia]]=0,Sheet2!$A$9,Sheet2!$A$6)) -> OK Accuracy | M29: =E29 -> MONSKID | N29: =_xlfn.XLOOKUP(Table1[[#This Row],[ItemLocator]], [1]Data!$A:$A,[1]Data!$R:$R,0,0) -> 439.13405 | O29: =Table1[[#This Row],[Dollar U]]*Table1[[#This Row],[diferencia]] -> 0
A30: =_xlfn.CONCAT(D30,E30) -> 313075P3MONSKID | B30: 46041 | C30: 130 | D30: 313075P3 | E30: MONSKID | F30: MONSKID.. | G30: EA | H30: 1 | I30: 1 | J30: =Table1[[#This Row],[FISICO]]-Table1[[#This Row],[on hand qty]] -> 0 | K30: =IFERROR(IF((I30/H30)<1,I30/H30, H30/I30), 0) -> 1 | L30: =IF(Table1[[#This Row],[FISICO]]="",Sheet2!$A$7,IF(Table1[[#This Row],[diferencia]]=0,Sheet2!$A$9,Sheet2!$A$6)) -> OK Accuracy | M30: =E30 -> MONSKID | N30: =_xlfn.XLOOKUP(Table1[[#This Row],[ItemLocator]], [1]Data!$A:$A,[1]Data!$R:$R,0,0) -> 43.27534 | O30: =Table1[[#This Row],[Dollar U]]*Table1[[#This Row],[diferencia]] -> 0
A31: =_xlfn.CONCAT(D31,E31) -> 313075P4MONSKID | B31: 46041 | C31: 131 | D31: 313075P4 | E31: MONSKID | F31: MONSKID.. | G31: EA | H31: 2 | I31: 2 | J31: =Table1[[#This Row],[FISICO]]-Table1[[#This Row],[on hand qty]] -> 0 | K31: =IFERROR(IF((I31/H31)<1,I31/H31, H31/I31), 0) -> 1 | L31: =IF(Table1[[#This Row],[FISICO]]="",Sheet2!$A$7,IF(Table1[[#This Row],[diferencia]]=0,Sheet2!$A$9,Sheet2!$A$6)) -> OK Accuracy | M31: =E31 -> MONSKID | N31: =_xlfn.XLOOKUP(Table1[[#This Row],[ItemLocator]], [1]Data!$A:$A,[1]Data!$R:$R,0,0) -> 43.67237 | O31: =Table1[[#This Row],[Dollar U]]*Table1[[#This Row],[diferencia]] -> 0
A32: =_xlfn.CONCAT(D32,E32) -> 316756P1MONSKID | B32: 46041 | C32: 132 | D32: 316756P1 | E32: MONSKID | F32: MONSKID.. | G32: EA | H32: 20 | I32: 20 | J32: =Table1[[#This Row],[FISICO]]-Table1[[#This Row],[on hand qty]] -> 0 | K32: =IFERROR(IF((I32/H32)<1,I32/H32, H32/I32), 0) -> 1 | L32: =IF(Table1[[#This Row],[FISICO]]="",Sheet2!$A$7,IF(Table1[[#This Row],[diferencia]]=0,Sheet2!$A$9,Sheet2!$A$6)) -> OK Accuracy | M32: =E32 -> MONSKID | N32: =_xlfn.XLOOKUP(Table1[[#This Row],[ItemLocator]], [1]Data!$A:$A,[1]Data!$R:$R,0,0) -> 168.49151 | O32: =Table1[[#This Row],[Dollar U]]*Table1[[#This Row],[diferencia]] -> 0
A33: =_xlfn.CONCAT(D33,E33) -> 329483P1MONSKID | B33: 46041 | C33: 133 | D33: 329483P1 | E33: MONSKID | F33: MONSKID.. | G33: EA | H33: 2 | I33: 2 | J33: =Table1[[#This Row],[FISICO]]-Table1[[#This Row],[on hand qty]] -> 0 | K33: =IFERROR(IF((I33/H33)<1,I33/H33, H33/I33), 0) -> 1 | L33: =IF(Table1[[#This Row],[FISICO]]="",Sheet2!$A$7,IF(Table1[[#This Row],[diferencia]]=0,Sheet2!$A$9,Sheet2!$A$6)) -> OK Accuracy | M33: =E33 -> MONSKID | N33: =_xlfn.XLOOKUP(Table1[[#This Row],[ItemLocator]], [1]Data!$A:$A,[1]Data!$R:$R,0,0) -> 8.69167 | O33: =Table1[[#This Row],[Dollar U]]*Table1[[#This Row],[diferencia]] -> 0
A34: =_xlfn.CONCAT(D34,E34) -> 1C26657P1MONXDU100 | B34: 46041 | C34: 138 | D34: 1C26657P1 | E34: MONXDU100 | F34: MONXDU100.. | G34: EA | H34: 105 | I34: 105 | J34: =Table1[[#This Row],[FISICO]]-Table1[[#This Row],[on hand qty]] -> 0 | K34: =IFERROR(IF((I34/H34)<1,I34/H34, H34/I34), 0) -> 1 | L34: =IF(Table1[[#This Row],[FISICO]]="",Sheet2!$A$7,IF(Table1[[#This Row],[diferencia]]=0,Sheet2!$A$9,Sheet2!$A$6)) -> OK Accuracy | M34: =E34 -> MONXDU100 | N34: =_xlfn.XLOOKUP(Table1[[#This Row],[ItemLocator]], [1]Data!$A:$A,[1]Data!$R:$R,0,0) -> 0.8364 | O34: =Table1[[#This Row],[Dollar U]]*Table1[[#This Row],[diferencia]] -> 0
A35: =_xlfn.CONCAT(D35,E35) -> 10-13MK51Z-00MON-PROT | B35: 46041 | C35: 13 | D35: 10-13MK51Z-00 | E35: MON-PROT | F35: MON-PROT.. | G35: EA | I35: 2000 | J35: =Table1[[#This Row],[FISICO]]-Table1[[#This Row],[on hand qty]] -> -2000 | K35: =IFERROR(IF((I35/H35)<1,I35/H35, H35/I35), 0) -> 0 | L35: =IF(Table1[[#This Row],[FISICO]]="",Sheet2!$A$7,IF(Table1[[#This Row],[diferencia]]=0,Sheet2!$A$9,Sheet2!$A$6)) -> NOT Counted | M35: =E35 -> MON-PROT | N35: =_xlfn.XLOOKUP(Table1[[#This Row],[ItemLocator]], [1]Data!$A:$A,[1]Data!$R:$R,0,0) -> 0.16684 | O35: =Table1[[#This Row],[Dollar U]]*Table1[[#This Row],[diferencia]] -> -333.68
A36: =_xlfn.CONCAT(D36,E36) -> SRG12107MON-PROT | B36: 46041 | C36: 14 | D36: SRG12107 | E36: MON-PROT | F36: MON-PROT.. | G36: EA | I36: 28 | J36: =Table1[[#This Row],[FISICO]]-Table1[[#This Row],[on hand qty]] -> -28 | K36: =IFERROR(IF((I36/H36)<1,I36/H36, H36/I36), 0) -> 0 | L36: =IF(Table1[[#This Row],[FISICO]]="",Sheet2!$A$7,IF(Table1[[#This Row],[diferencia]]=0,Sheet2!$A$9,Sheet2!$A$6)) -> NOT Counted | M36: =E36 -> MON-PROT | N36: =_xlfn.XLOOKUP(Table1[[#This Row],[ItemLocator]], [1]Data!$A:$A,[1]Data!$R:$R,0,0) -> 0.03388 | O36: =Table1[[#This Row],[Dollar U]]*Table1[[#This Row],[diferencia]] -> -0.94864
A37: =_xlfn.CONCAT(D37,E37) -> 322162P2MONBLW | B37: 46041 | C37: 15 | D37: 322162P2 | E37: MONBLW | F37: MONBLW.. | G37: EA | I37: 123 | J37: =Table1[[#This Row],[FISICO]]-Table1[[#This Row],[on hand qty]] -> -123 | K37: =IFERROR(IF((I37/H37)<1,I37/H37, H37/I37), 0) -> 0 | L37: =IF(Table1[[#This Row],[FISICO]]="",Sheet2!$A$7,IF(Table1[[#This Row],[diferencia]]=0,Sheet2!$A$9,Sheet2!$A$6)) -> NOT Counted | M37: =E37 -> MONBLW | N37: =_xlfn.XLOOKUP(Table1[[#This Row],[ItemLocator]], [1]Data!$A:$A,[1]Data!$R:$R,0,0) -> 455.33434 | O37: =Table1[[#This Row],[Dollar U]]*Table1[[#This Row],[diferencia]] -> -56006.124
A38: =_xlfn.CONCAT(D38,E38) -> 138203MONCR | B38: 46041 | C38: 19 | D38: 138203 | E38: MONCR | F38: MONCR.. | G38: EA | I38: 32 | J38: =Table1[[#This Row],[FISICO]]-Table1[[#This Row],[on hand qty]] -> -32 | K38: =IFERROR(IF((I38/H38)<1,I38/H38, H38/I38), 0) -> 0 | L38: =IF(Table1[[#This Row],[FISICO]]="",Sheet2!$A$7,IF(Table1[[#This Row],[diferencia]]=0,Sheet2!$A$9,Sheet2!$A$6)) -> NOT Counted | M38: =E38 -> MONCR | N38: =_xlfn.XLOOKUP(Table1[[#This Row],[ItemLocator]], [1]Data!$A:$A,[1]Data!$R:$R,0,0) -> 1.34353 | O38: =Table1[[#This Row],[Dollar U]]*Table1[[#This Row],[diferencia]] -> -42.99296
A39: =_xlfn.CONCAT(D39,E39) -> 09-02EL0Z-11MONDP | B39: 46041 | C39: 25 | D39: 09-02EL0Z-11 | E39: MONDP | F39: MONDP.. | G39: EA | H39: 247 | I39: 247 | J39: =Table1[[#This Row],[FISICO]]-Table1[[#This Row],[on hand qty]] -> 0 | K39: =IFERROR(IF((I39/H39)<1,I39/H39, H39/I39), 0) -> 1 | L39: =IF(Table1[[#This Row],[FISICO]]="",Sheet2!$A$7,IF(Table1[[#This Row],[diferencia]]=0,Sheet2!$A$9,Sheet2!$A$6)) -> OK Accuracy | M39: =E39 -> MONDP | N39: =_xlfn.XLOOKUP(Table1[[#This Row],[ItemLocator]], [1]Data!$A:$A,[1]Data!$R:$R,0,0) -> 0.07337 | O39: =Table1[[#This Row],[Dollar U]]*Table1[[#This Row],[diferencia]] -> 0
A40: =_xlfn.CONCAT(D40,E40) -> 09-02GL0Z-11MONDP | B40: 46041 | C40: 26 | D40: 09-02GL0Z-11 | E40: MONDP | F40: MONDP.. | G40: EA | H40: 247 | I40: 247 | J40: =Table1[[#This Row],[FISICO]]-Table1[[#This Row],[on hand qty]] -> 0 | K40: =IFERROR(IF((I40/H40)<1,I40/H40, H40/I40), 0) -> 1 | L40: =IF(Table1[[#This Row],[FISICO]]="",Sheet2!$A$7,IF(Table1[[#This Row],[diferencia]]=0,Sheet2!$A$9,Sheet2!$A$6)) -> OK Accuracy | M40: =E40 -> MONDP | N40: =_xlfn.XLOOKUP(Table1[[#This Row],[ItemLocator]], [1]Data!$A:$A,[1]Data!$R:$R,0,0) -> 0.40538 | O40: =Table1[[#This Row],[Dollar U]]*Table1[[#This Row],[diferencia]] -> 0
A41: =_xlfn.CONCAT(D41,E41) -> 09-35E00Z-00MONDP | B41: 46041 | C41: 27 | D41: 09-35E00Z-00 | E41: MONDP | F41: MONDP.. | G41: EA | H41: 782 | I41: 782 | J41: =Table1[[#This Row],[FISICO]]-Table1[[#This Row],[on hand qty]] -> 0 | K41: =IFERROR(IF((I41/H41)<1,I41/H41, H41/I41), 0) -> 1 | L41: =IF(Table1[[#This Row],[FISICO]]="",Sheet2!$A$7,IF(Table1[[#This Row],[diferencia]]=0,Sheet2!$A$9,Sheet2!$A$6)) -> OK Accuracy | M41: =E41 -> MONDP | N41: =_xlfn.XLOOKUP(Table1[[#This Row],[ItemLocator]], [1]Data!$A:$A,[1]Data!$R:$R,0,0) -> 0.01907 | O41: =Table1[[#This Row],[Dollar U]]*Table1[[#This Row],[diferencia]] -> 0
A42: =_xlfn.CONCAT(D42,E42) -> 09-39D00Z-A7MONDP | B42: 46041 | C42: 28 | D42: 09-39D00Z-A7 | E42: MONDP | F42: MONDP.. | G42: EA | H42: 1508 | I42: 1508 | J42: =Table1[[#This Row],[FISICO]]-Table1[[#This Row],[on hand qty]] -> 0 | K42: =IFERROR(IF((I42/H42)<1,I42/H42, H42/I42), 0) -> 1 | L42: =IF(Table1[[#This Row],[FISICO]]="",Sheet2!$A$7,IF(Table1[[#This Row],[diferencia]]=0,Sheet2!$A$9,Sheet2!$A$6)) -> OK Accuracy | M42: =E42 -> MONDP | N42: =_xlfn.XLOOKUP(Table1[[#This Row],[ItemLocator]], [1]Data!$A:$A,[1]Data!$R:$R,0,0) -> 0.05175 | O42: =Table1[[#This Row],[Dollar U]]*Table1[[#This Row],[diferencia]] -> 0
A43: =_xlfn.CONCAT(D43,E43) -> 122545P2MONDP | B43: 46041 | C43: 29 | D43: 122545P2 | E43: MONDP | F43: MONDP.. | G43: EA | H43: 850 | I43: 883 | J43: =Table1[[#This Row],[FISICO]]-Table1[[#This Row],[on hand qty]] -> -33 | K43: =IFERROR(IF((I43/H43)<1,I43/H43, H43/I43), 0) -> 0.96262741 | L43: =IF(Table1[[#This Row],[FISICO]]="",Sheet2!$A$7,IF(Table1[[#This Row],[diferencia]]=0,Sheet2!$A$9,Sheet2!$A$6)) -> NOT Accuracy Inventory | M43: =E43 -> MONDP | N43: =_xlfn.XLOOKUP(Table1[[#This Row],[ItemLocator]], [1]Data!$A:$A,[1]Data!$R:$R,0,0) -> 0.14313 | O43: =Table1[[#This Row],[Dollar U]]*Table1[[#This Row],[diferencia]] -> -4.72329
A44: =_xlfn.CONCAT(D44,E44) -> 176125P1MONDP | B44: 46041 | C44: 30 | D44: 176125P1 | E44: MONDP | F44: MONDP.. | G44: EA | H44: 41 | I44: 41 | J44: =Table1[[#This Row],[FISICO]]-Table1[[#This Row],[on hand qty]] -> 0 | K44: =IFERROR(IF((I44/H44)<1,I44/H44, H44/I44), 0) -> 1 | L44: =IF(Table1[[#This Row],[FISICO]]="",Sheet2!$A$7,IF(Table1[[#This Row],[diferencia]]=0,Sheet2!$A$9,Sheet2!$A$6)) -> OK Accuracy | M44: =E44 -> MONDP | N44: =_xlfn.XLOOKUP(Table1[[#This Row],[ItemLocator]], [1]Data!$A:$A,[1]Data!$R:$R,0,0) -> 64.39542 | O44: =Table1[[#This Row],[Dollar U]]*Table1[[#This Row],[diferencia]] -> 0
A45: =_xlfn.CONCAT(D45,E45) -> 333394P2MONDP | B45: 46041 | C45: 31 | D45: 333394P2 | E45: MONDP | F45: MONDP.. | G45: EA | H45: 99 | I45: 99 | J45: =Table1[[#This Row],[FISICO]]-Table1[[#This Row],[on hand qty]] -> 0 | K45: =IFERROR(IF((I45/H45)<1,I45/H45, H45/I45), 0) -> 1 | L45: =IF(Table1[[#This Row],[FISICO]]="",Sheet2!$A$7,IF(Table1[[#This Row],[diferencia]]=0,Sheet2!$A$9,Sheet2!$A$6)) -> OK Accuracy | M45: =E45 -> MONDP | N45: =_xlfn.XLOOKUP(Table1[[#This Row],[ItemLocator]], [1]Data!$A:$A,[1]Data!$R:$R,0,0) -> 30.97366 | O45: =Table1[[#This Row],[Dollar U]]*Table1[[#This Row],[diferencia]] -> 0
A46: =_xlfn.CONCAT(D46,E46) -> S-5170MONDP | B46: 46041 | C46: 32 | D46: S-5170 | E46: MONDP | F46: MONDP.. | G46: EA | H46: 8300 | I46: 8315 | J46: =Table1[[#This Row],[FISICO]]-Table1[[#This Row],[on hand qty]] -> -15 | K46: =IFERROR(IF((I46/H46)<1,I46/H46, H46/I46), 0) -> 0.99819603 | L46: =IF(Table1[[#This Row],[FISICO]]="",Sheet2!$A$7,IF(Table1[[#This Row],[diferencia]]=0,Sheet2!$A$9,Sheet2!$A$6)) -> NOT Accuracy Inventory | M46: =E46 -> MONDP | N46: =_xlfn.XLOOKUP(Table1[[#This Row],[ItemLocator]], [1]Data!$A:$A,[1]Data!$R:$R,0,0) -> 0.01176 | O46: =Table1[[#This Row],[Dollar U]]*Table1[[#This Row],[diferencia]] -> -0.1764
A47: =_xlfn.CONCAT(D47,E47) -> 09-02EL0Z-11MONEP | B47: 46041 | C47: 33 | D47: 09-02EL0Z-11 | E47: MONEP | F47: MONEP.. | G47: EA | H47: 0 | I47: 16 | J47: =Table1[[#This Row],[FISICO]]-Table1[[#This Row],[on hand qty]] -> -16 | K47: =IFERROR(IF((I47/H47)<1,I47/H47, H47/I47), 0) -> 0 | L47: =IF(Table1[[#This Row],[FISICO]]="",Sheet2!$A$7,IF(Table1[[#This Row],[diferencia]]=0,Sheet2!$A$9,Sheet2!$A$6)) -> NOT Accuracy Inventory | M47: =E47 -> MONEP | N47: =_xlfn.XLOOKUP(Table1[[#This Row],[ItemLocator]], [1]Data!$A:$A,[1]Data!$R:$R,0,0) -> 0.07337 | O47: =Table1[[#This Row],[Dollar U]]*Table1[[#This Row],[diferencia]] -> -1.17392
A48: =_xlfn.CONCAT(D48,E48) -> 09-35E00Z-00MONEP | B48: 46041 | C48: 34 | D48: 09-35E00Z-00 | E48: MONEP | F48: MONEP.. | G48: EA | H48: 0 | I48: 16 | J48: =Table1[[#This Row],[FISICO]]-Table1[[#This Row],[on hand qty]] -> -16 | K48: =IFERROR(IF((I48/H48)<1,I48/H48, H48/I48), 0) -> 0 | L48: =IF(Table1[[#This Row],[FISICO]]="",Sheet2!$A$7,IF(Table1[[#This Row],[diferencia]]=0,Sheet2!$A$9,Sheet2!$A$6)) -> NOT Accuracy Inventory | M48: =E48 -> MONEP | N48: =_xlfn.XLOOKUP(Table1[[#This Row],[ItemLocator]], [1]Data!$A:$A,[1]Data!$R:$R,0,0) -> 0.01907 | O48: =Table1[[#This Row],[Dollar U]]*Table1[[#This Row],[diferencia]] -> -0.30512
A49: =_xlfn.CONCAT(D49,E49) -> 123272P2MONEP | B49: 46041 | C49: 35 | D49: 123272P2 | E49: MONEP | F49: MONEP.. | G49: EA | I49: 156 | J49: =Table1[[#This Row],[FISICO]]-Table1[[#This Row],[on hand qty]] -> -156 | K49: =IFERROR(IF((I49/H49)<1,I49/H49, H49/I49), 0) -> 0 | L49: =IF(Table1[[#This Row],[FISICO]]="",Sheet2!$A$7,IF(Table1[[#This Row],[diferencia]]=0,Sheet2!$A$9,Sheet2!$A$6)) -> NOT Counted | M49: =E49 -> MONEP | N49: =_xlfn.XLOOKUP(Table1[[#This Row],[ItemLocator]], [1]Data!$A:$A,[1]Data!$R:$R,0,0) -> 0.05768 | O49: =Table1[[#This Row],[Dollar U]]*Table1[[#This Row],[diferencia]] -> -8.99808
A50: =_xlfn.CONCAT(D50,E50) -> 136860P3MONEP | B50: 46041 | C50: 36 | D50: 136860P3 | E50: MONEP | F50: MONEP.. | G50: EA | I50: 3 | J50: =Table1[[#This Row],[FISICO]]-Table1[[#This Row],[on hand qty]] -> -3 | K50: =IFERROR(IF((I50/H50)<1,I50/H50, H50/I50), 0) -> 0 | L50: =IF(Table1[[#This Row],[FISICO]]="",Sheet2!$A$7,IF(Table1[[#This Row],[diferencia]]=0,Sheet2!$A$9,Sheet2!$A$6)) -> NOT Counted | M50: =E50 -> MONEP | N50: =_xlfn.XLOOKUP(Table1[[#This Row],[ItemLocator]], [1]Data!$A:$A,[1]Data!$R:$R,0,0) -> 0.06516 | O50: =Table1[[#This Row],[Dollar U]]*Table1[[#This Row],[diferencia]] -> -0.19548
A51: =_xlfn.CONCAT(D51,E51) -> 181852P2MONEP | B51: 46041 | C51: 37 | D51: 181852P2 | E51: MONEP | F51: MONEP.. | G51: FT | I51: 1869 | J51: =Table1[[#This Row],[FISICO]]-Table1[[#This Row],[on hand qty]] -> -1869 | K51: =IFERROR(IF((I51/H51)<1,I51/H51, H51/I51), 0) -> 0 | L51: =IF(Table1[[#This Row],[FISICO]]="",Sheet2!$A$7,IF(Table1[[#This Row],[diferencia]]=0,Sheet2!$A$9,Sheet2!$A$6)) -> NOT Counted | M51: =E51 -> MONEP | N51: =_xlfn.XLOOKUP(Table1[[#This Row],[ItemLocator]], [1]Data!$A:$A,[1]Data!$R:$R,0,0) -> 1.07879 | O51: =Table1[[#This Row],[Dollar U]]*Table1[[#This Row],[diferencia]] -> -2016.2585
A52: =_xlfn.CONCAT(D52,E52) -> 200575G1MONEP | B52: 46041 | C52: 38 | D52: 200575G1 | E52: MONEP | F52: MONEP.. | G52: EA | I52: 22 | J52: =Table1[[#This Row],[FISICO]]-Table1[[#This Row],[on hand qty]] -> -22 | K52: =IFERROR(IF((I52/H52)<1,I52/H52, H52/I52), 0) -> 0 | L52: =IF(Table1[[#This Row],[FISICO]]="",Sheet2!$A$7,IF(Table1[[#This Row],[diferencia]]=0,Sheet2!$A$9,Sheet2!$A$6)) -> NOT Counted | M52: =E52 -> MONEP | N52: =_xlfn.XLOOKUP(Table1[[#This Row],[ItemLocator]], [1]Data!$A:$A,[1]Data!$R:$R,0,0) -> 8.52133 | O52: =Table1[[#This Row],[Dollar U]]*Table1[[#This Row],[diferencia]] -> -187.46926
A53: =_xlfn.CONCAT(D53,E53) -> 300306G1MONEP | B53: 46041 | C53: 39 | D53: 300306G1 | E53: MONEP | F53: MONEP.. | G53: EA | H53: 40 | I53: 47 | J53: =Table1[[#This Row],[FISICO]]-Table1[[#This Row],[on hand qty]] -> -7 | K53: =IFERROR(IF((I53/H53)<1,I53/H53, H53/I53), 0) -> 0.85106383 | L53: =IF(Table1[[#This Row],[FISICO]]="",Sheet2!$A$7,IF(Table1[[#This Row],[diferencia]]=0,Sheet2!$A$9,Sheet2!$A$6)) -> NOT Accuracy Inventory | M53: =E53 -> MONEP | N53: =_xlfn.XLOOKUP(Table1[[#This Row],[ItemLocator]], [1]Data!$A:$A,[1]Data!$R:$R,0,0) -> 39.6236 | O53: =Table1[[#This Row],[Dollar U]]*Table1[[#This Row],[diferencia]] -> -277.3652
A54: =_xlfn.CONCAT(D54,E54) -> 300317G1MONEP | B54: 46041 | C54: 40 | D54: 300317G1 | E54: MONEP | F54: MONEP.. | G54: EA | H54: 28 | I54: 20 | J54: =Table1[[#This Row],[FISICO]]-Table1[[#This Row],[on hand qty]] -> 8 | K54: =IFERROR(IF((I54/H54)<1,I54/H54, H54/I54), 0) -> 0.71428571 | L54: =IF(Table1[[#This Row],[FISICO]]="",Sheet2!$A$7,IF(Table1[[#This Row],[diferencia]]=0,Sheet2!$A$9,Sheet2!$A$6)) -> NOT Accuracy Inventory | M54: =E54 -> MONEP | N54: =_xlfn.XLOOKUP(Table1[[#This Row],[ItemLocator]], [1]Data!$A:$A,[1]Data!$R:$R,0,0) -> 27.86824 | O54: =Table1[[#This Row],[Dollar U]]*Table1[[#This Row],[diferencia]] -> 222.94592
A55: =_xlfn.CONCAT(D55,E55) -> 300317G3MONEP | B55: 46041 | C55: 41 | D55: 300317G3 | E55: MONEP | F55: MONEP.. | G55: EA | I55: 182 | J55: =Table1[[#This Row],[FISICO]]-Table1[[#This Row],[on hand qty]] -> -182 | K55: =IFERROR(IF((I55/H55)<1,I55/H55, H55/I55), 0) -> 0 | L55: =IF(Table1[[#This Row],[FISICO]]="",Sheet2!$A$7,IF(Table1[[#This Row],[diferencia]]=0,Sheet2!$A$9,Sheet2!$A$6)) -> NOT Counted | M55: =E55 -> MONEP | N55: =_xlfn.XLOOKUP(Table1[[#This Row],[ItemLocator]], [1]Data!$A:$A,[1]Data!$R:$R,0,0) -> 3.07594 | O55: =Table1[[#This Row],[Dollar U]]*Table1[[#This Row],[diferencia]] -> -559.82108
A56: =_xlfn.CONCAT(D56,E56) -> 300318G1MONEP | B56: 46041 | C56: 42 | D56: 300318G1 | E56: MONEP | F56: MONEP.. | G56: EA | H56: 134 | I56: 134 | J56: =Table1[[#This Row],[FISICO]]-Table1[[#This Row],[on hand qty]] -> 0 | K56: =IFERROR(IF((I56/H56)<1,I56/H56, H56/I56), 0) -> 1 | L56: =IF(Table1[[#This Row],[FISICO]]="",Sheet2!$A$7,IF(Table1[[#This Row],[diferencia]]=0,Sheet2!$A$9,Sheet2!$A$6)) -> OK Accuracy | M56: =E56 -> MONEP | N56: =_xlfn.XLOOKUP(Table1[[#This Row],[ItemLocator]], [1]Data!$A:$A,[1]Data!$R:$R,0,0) -> 27.90083 | O56: =Table1[[#This Row],[Dollar U]]*Table1[[#This Row],[diferencia]] -> 0
A57: =_xlfn.CONCAT(D57,E57) -> 300318G2MONEP | B57: 46041 | C57: 43 | D57: 300318G2 | E57: MONEP | F57: MONEP.. | G57: EA | I57: 104 | J57: =Table1[[#This Row],[FISICO]]-Table1[[#This Row],[on hand qty]] -> -104 | K57: =IFERROR(IF((I57/H57)<1,I57/H57, H57/I57), 0) -> 0 | L57: =IF(Table1[[#This Row],[FISICO]]="",Sheet2!$A$7,IF(Table1[[#This Row],[diferencia]]=0,Sheet2!$A$9,Sheet2!$A$6)) -> NOT Counted | M57: =E57 -> MONEP | N57: =_xlfn.XLOOKUP(Table1[[#This Row],[ItemLocator]], [1]Data!$A:$A,[1]Data!$R:$R,0,0) -> 4.24979 | O57: =Table1[[#This Row],[Dollar U]]*Table1[[#This Row],[diferencia]] -> -441.97816
A58: =_xlfn.CONCAT(D58,E58) -> 300628G14MONEP | B58: 46041 | C58: 44 | D58: 300628G14 | E58: MONEP | F58: MONEP.. | G58: EA | H58: 2 | I58: 2 | J58: =Table1[[#This Row],[FISICO]]-Table1[[#This Row],[on hand qty]] -> 0 | K58: =IFERROR(IF((I58/H58)<1,I58/H58, H58/I58), 0) -> 1 | L58: =IF(Table1[[#This Row],[FISICO]]="",Sheet2!$A$7,IF(Table1[[#This Row],[diferencia]]=0,Sheet2!$A$9,Sheet2!$A$6)) -> OK Accuracy | M58: =E58 -> MONEP | N58: =_xlfn.XLOOKUP(Table1[[#This Row],[ItemLocator]], [1]Data!$A:$A,[1]Data!$R:$R,0,0) -> 107.10591 | O58: =Table1[[#This Row],[Dollar U]]*Table1[[#This Row],[diferencia]] -> 0
A59: =_xlfn.CONCAT(D59,E59) -> 300628G16MONEP | B59: 46041 | C59: 45 | D59: 300628G16 | E59: MONEP | F59: MONEP.. | G59: EA | H59: 2 | I59: 2 | J59: =Table1[[#This Row],[FISICO]]-Table1[[#This Row],[on hand qty]] -> 0 | K59: =IFERROR(IF((I59/H59)<1,I59/H59, H59/I59), 0) -> 1 | L59: =IF(Table1[[#This Row],[FISICO]]="",Sheet2!$A$7,IF(Table1[[#This Row],[diferencia]]=0,Sheet2!$A$9,Sheet2!$A$6)) -> OK Accuracy | M59: =E59 -> MONEP | N59: =_xlfn.XLOOKUP(Table1[[#This Row],[ItemLocator]], [1]Data!$A:$A,[1]Data!$R:$R,0,0) -> 108.61437 | O59: =Table1[[#This Row],[Dollar U]]*Table1[[#This Row],[diferencia]] -> 0
A60: =_xlfn.CONCAT(D60,E60) -> 301286P1MONEP | B60: 46041 | C60: 46 | D60: 301286P1 | E60: MONEP | F60: MONEP.. | G60: FT | H60: 4036.5 | I60: 4036.5 | J60: =Table1[[#This Row],[FISICO]]-Table1[[#This Row],[on hand qty]] -> 0 | K60: =IFERROR(IF((I60/H60)<1,I60/H60, H60/I60), 0) -> 1 | L60: =IF(Table1[[#This Row],[FISICO]]="",Sheet2!$A$7,IF(Table1[[#This Row],[diferencia]]=0,Sheet2!$A$9,Sheet2!$A$6)) -> OK Accuracy | M60: =E60 -> MONEP | N60: =_xlfn.XLOOKUP(Table1[[#This Row],[ItemLocator]], [1]Data!$A:$A,[1]Data!$R:$R,0,0) -> 0.65623 | O60: =Table1[[#This Row],[Dollar U]]*Table1[[#This Row],[diferencia]] -> 0
A61: =_xlfn.CONCAT(D61,E61) -> 302473P1MONEP | B61: 46041 | C61: 47 | D61: 302473P1 | E61: MONEP | F61: MONEP.. | G61: EA | I61: 60 | J61: =Table1[[#This Row],[FISICO]]-Table1[[#This Row],[on hand qty]] -> -60 | K61: =IFERROR(IF((I61/H61)<1,I61/H61, H61/I61), 0) -> 0 | L61: =IF(Table1[[#This Row],[FISICO]]="",Sheet2!$A$7,IF(Table1[[#This Row],[diferencia]]=0,Sheet2!$A$9,Sheet2!$A$6)) -> NOT Counted | M61: =E61 -> MONEP | N61: =_xlfn.XLOOKUP(Table1[[#This Row],[ItemLocator]], [1]Data!$A:$A,[1]Data!$R:$R,0,0) -> 0.45143 | O61: =Table1[[#This Row],[Dollar U]]*Table1[[#This Row],[diferencia]] -> -27.0858
A62: =_xlfn.CONCAT(D62,E62) -> 303436G1MONEP | B62: 46041 | C62: 48 | D62: 303436G1 | E62: MONEP | F62: MONEP.. | G62: EA | I62: 75 | J62: =Table1[[#This Row],[FISICO]]-Table1[[#This Row],[on hand qty]] -> -75 | K62: =IFERROR(IF((I62/H62)<1,I62/H62, H62/I62), 0) -> 0 | L62: =IF(Table1[[#This Row],[FISICO]]="",Sheet2!$A$7,IF(Table1[[#This Row],[diferencia]]=0,Sheet2!$A$9,Sheet2!$A$6)) -> NOT Counted | M62: =E62 -> MONEP | N62: =_xlfn.XLOOKUP(Table1[[#This Row],[ItemLocator]], [1]Data!$A:$A,[1]Data!$R:$R,0,0) -> 28.30337 | O62: =Table1[[#This Row],[Dollar U]]*Table1[[#This Row],[diferencia]] -> -2122.7528
A63: =_xlfn.CONCAT(D63,E63) -> 304912P2MONEP | B63: 46041 | C63: 49 | D63: 304912P2 | E63: MONEP | F63: MONEP.. | G63: EA | I63: 29 | J63: =Table1[[#This Row],[FISICO]]-Table1[[#This Row],[on hand qty]] -> -29 | K63: =IFERROR(IF((I63/H63)<1,I63/H63, H63/I63), 0) -> 0 | L63: =IF(Table1[[#This Row],[FISICO]]="",Sheet2!$A$7,IF(Table1[[#This Row],[diferencia]]=0,Sheet2!$A$9,Sheet2!$A$6)) -> NOT Counted | M63: =E63 -> MONEP | N63: =_xlfn.XLOOKUP(Table1[[#This Row],[ItemLocator]], [1]Data!$A:$A,[1]Data!$R:$R,0,0) -> 5.18517 | O63: =Table1[[#This Row],[Dollar U]]*Table1[[#This Row],[diferencia]] -> -150.36993
A64: =_xlfn.CONCAT(D64,E64) -> 305080P2MONEP | B64: 46041 | C64: 50 | D64: 305080P2 | E64: MONEP | F64: MONEP.. | G64: EA | I64: 493 | J64: =Table1[[#This Row],[FISICO]]-Table1[[#This Row],[on hand qty]] -> -493 | K64: =IFERROR(IF((I64/H64)<1,I64/H64, H64/I64), 0) -> 0 | L64: =IF(Table1[[#This Row],[FISICO]]="",Sheet2!$A$7,IF(Table1[[#This Row],[diferencia]]=0,Sheet2!$A$9,Sheet2!$A$6)) -> NOT Counted | M64: =E64 -> MONEP | N64: =_xlfn.XLOOKUP(Table1[[#This Row],[ItemLocator]], [1]Data!$A:$A,[1]Data!$R:$R,0,0) -> 6.21366 | O64: =Table1[[#This Row],[Dollar U]]*Table1[[#This Row],[diferencia]] -> -3063.3344
A65: =_xlfn.CONCAT(D65,E65) -> 306389G4MONEP | B65: 46041 | C65: 51 | D65: 306389G4 | E65: MONEP | F65: MONEP.. | G65: EA | I65: 152 | J65: =Table1[[#This Row],[FISICO]]-Table1[[#This Row],[on hand qty]] -> -152 | K65: =IFERROR(IF((I65/H65)<1,I65/H65, H65/I65), 0) -> 0 | L65: =IF(Table1[[#This Row],[FISICO]]="",Sheet2!$A$7,IF(Table1[[#This Row],[diferencia]]=0,Sheet2!$A$9,Sheet2!$A$6)) -> NOT Counted | M65: =E65 -> MONEP | N65: =_xlfn.XLOOKUP(Table1[[#This Row],[ItemLocator]], [1]Data!$A:$A,[1]Data!$R:$R,0,0) -> 27.78128 | O65: =Table1[[#This Row],[Dollar U]]*Table1[[#This Row],[diferencia]] -> -4222.7546
A66: =_xlfn.CONCAT(D66,E66) -> 308417P2MONEP | B66: 46041 | C66: 52 | D66: 308417P2 | E66: MONEP | F66: MONEP.. | G66: EA | H66: 0 | I66: 1 | J66: =Table1[[#This Row],[FISICO]]-Table1[[#This Row],[on hand qty]] -> -1 | K66: =IFERROR(IF((I66/H66)<1,I66/H66, H66/I66), 0) -> 0 | L66: =IF(Table1[[#This Row],[FISICO]]="",Sheet2!$A$7,IF(Table1[[#This Row],[diferencia]]=0,Sheet2!$A$9,Sheet2!$A$6)) -> NOT Accuracy Inventory | M66: =E66 -> MONEP | N66: =_xlfn.XLOOKUP(Table1[[#This Row],[ItemLocator]], [1]Data!$A:$A,[1]Data!$R:$R,0,0) -> 37.52956 | O66: =Table1[[#This Row],[Dollar U]]*Table1[[#This Row],[diferencia]] -> -37.52956
A67: =_xlfn.CONCAT(D67,E67) -> 308885G1MONEP | B67: 46041 | C67: 53 | D67: 308885G1 | E67: MONEP | F67: MONEP.. | G67: EA | H67: 2 | I67: 2 | J67: =Table1[[#This Row],[FISICO]]-Table1[[#This Row],[on hand qty]] -> 0 | K67: =IFERROR(IF((I67/H67)<1,I67/H67, H67/I67), 0) -> 1 | L67: =IF(Table1[[#This Row],[FISICO]]="",Sheet2!$A$7,IF(Table1[[#This Row],[diferencia]]=0,Sheet2!$A$9,Sheet2!$A$6)) -> OK Accuracy | M67: =E67 -> MONEP | N67: =_xlfn.XLOOKUP(Table1[[#This Row],[ItemLocator]], [1]Data!$A:$A,[1]Data!$R:$R,0,0) -> 123.45164 | O67: =Table1[[#This Row],[Dollar U]]*Table1[[#This Row],[diferencia]] -> 0
A68: =_xlfn.CONCAT(D68,E68) -> 308885G4MONEP | B68: 46041 | C68: 54 | D68: 308885G4 | E68: MONEP | F68: MONEP.. | G68: EA | H68: 2 | I68: 2 | J68: =Table1[[#This Row],[FISICO]]-Table1[[#This Row],[on hand qty]] -> 0 | K68: =IFERROR(IF((I68/H68)<1,I68/H68, H68/I68), 0) -> 1 | L68: =IF(Table1[[#This Row],[FISICO]]="",Sheet2!$A$7,IF(Table1[[#This Row],[diferencia]]=0,Sheet2!$A$9,Sheet2!$A$6)) -> OK Accuracy | M68: =E68 -> MONEP | N68: =_xlfn.XLOOKUP(Table1[[#This Row],[ItemLocator]], [1]Data!$A:$A,[1]Data!$R:$R,0,0) -> 167.99524 | O68: =Table1[[#This Row],[Dollar U]]*Table1[[#This Row],[diferencia]] -> 0
A69: =_xlfn.CONCAT(D69,E69) -> 309015P1MONEP | B69: 46041 | C69: 55 | D69: 309015P1 | E69: MONEP | F69: MONEP.. | G69: EA | H69: 8 | I69: 8 | J69: =Table1[[#This Row],[FISICO]]-Table1[[#This Row],[on hand qty]] -> 0 | K69: =IFERROR(IF((I69/H69)<1,I69/H69, H69/I69), 0) -> 1 | L69: =IF(Table1[[#This Row],[FISICO]]="",Sheet2!$A$7,IF(Table1[[#This Row],[diferencia]]=0,Sheet2!$A$9,Sheet2!$A$6)) -> OK Accuracy | M69: =E69 -> MONEP | N69: =_xlfn.XLOOKUP(Table1[[#This Row],[ItemLocator]], [1]Data!$A:$A,[1]Data!$R:$R,0,0) -> 17.02782 | O69: =Table1[[#This Row],[Dollar U]]*Table1[[#This Row],[diferencia]] -> 0
A70: =_xlfn.CONCAT(D70,E70) -> 309867G1MONEP | B70: 46041 | C70: 56 | D70: 309867G1 | E70: MONEP | F70: MONEP.. | G70: EA | I70: 30 | J70: =Table1[[#This Row],[FISICO]]-Table1[[#This Row],[on hand qty]] -> -30 | K70: =IFERROR(IF((I70/H70)<1,I70/H70, H70/I70), 0) -> 0 | L70: =IF(Table1[[#This Row],[FISICO]]="",Sheet2!$A$7,IF(Table1[[#This Row],[diferencia]]=0,Sheet2!$A$9,Sheet2!$A$6)) -> NOT Counted | M70: =E70 -> MONEP | N70: =_xlfn.XLOOKUP(Table1[[#This Row],[ItemLocator]], [1]Data!$A:$A,[1]Data!$R:$R,0,0) -> 122.63366 | O70: =Table1[[#This Row],[Dollar U]]*Table1[[#This Row],[diferencia]] -> -3679.0098
A71: =_xlfn.CONCAT(D71,E71) -> 309867P2MONEP | B71: 46041 | C71: 57 | D71: 309867P2 | E71: MONEP | F71: MONEP.. | G71: EA | I71: 31 | J71: =Table1[[#This Row],[FISICO]]-Table1[[#This Row],[on hand qty]] -> -31 | K71: =IFERROR(IF((I71/H71)<1,I71/H71, H71/I71), 0) -> 0 | L71: =IF(Table1[[#This Row],[FISICO]]="",Sheet2!$A$7,IF(Table1[[#This Row],[diferencia]]=0,Sheet2!$A$9,Sheet2!$A$6)) -> NOT Counted | M71: =E71 -> MONEP | N71: =_xlfn.XLOOKUP(Table1[[#This Row],[ItemLocator]], [1]Data!$A:$A,[1]Data!$R:$R,0,0) -> 20.13781 | O71: =Table1[[#This Row],[Dollar U]]*Table1[[#This Row],[diferencia]] -> -624.27211
A72: =_xlfn.CONCAT(D72,E72) -> 309957G2MONEP | B72: 46041 | C72: 58 | D72: 309957G2 | E72: MONEP | F72: MONEP.. | G72: EA | I72: 26 | J72: =Table1[[#This Row],[FISICO]]-Table1[[#This Row],[on hand qty]] -> -26 | K72: =IFERROR(IF((I72/H72)<1,I72/H72, H72/I72), 0) -> 0 | L72: =IF(Table1[[#This Row],[FISICO]]="",Sheet2!$A$7,IF(Table1[[#This Row],[diferencia]]=0,Sheet2!$A$9,Sheet2!$A$6)) -> NOT Counted | M72: =E72 -> MONEP | N72: =_xlfn.XLOOKUP(Table1[[#This Row],[ItemLocator]], [1]Data!$A:$A,[1]Data!$R:$R,0,0) -> 28.30983 | O72: =Table1[[#This Row],[Dollar U]]*Table1[[#This Row],[diferencia]] -> -736.05558
A73: =_xlfn.CONCAT(D73,E73) -> 309959G1MONEP | B73: 46041 | C73: 59 | D73: 309959G1 | E73: MONEP | F73: MONEP.. | G73: EA | I73: 12 | J73: =Table1[[#This Row],[FISICO]]-Table1[[#This Row],[on hand qty]] -> -12 | K73: =IFERROR(IF((I73/H73)<1,I73/H73, H73/I73), 0) -> 0 | L73: =IF(Table1[[#This Row],[FISICO]]="",Sheet2!$A$7,IF(Table1[[#This Row],[diferencia]]=0,Sheet2!$A$9,Sheet2!$A$6)) -> NOT Counted | M73: =E73 -> MONEP | N73: =_xlfn.XLOOKUP(Table1[[#This Row],[ItemLocator]], [1]Data!$A:$A,[1]Data!$R:$R,0,0) -> 53.9839 | O73: =Table1[[#This Row],[Dollar U]]*Table1[[#This Row],[diferencia]] -> -647.8068
A74: =_xlfn.CONCAT(D74,E74) -> 310305P1MONEP | B74: 46041 | C74: 60 | D74: 310305P1 | E74: MONEP | F74: MONEP.. | G74: FT | I74: 210 | J74: =Table1[[#This Row],[FISICO]]-Table1[[#This Row],[on hand qty]] -> -210 | K74: =IFERROR(IF((I74/H74)<1,I74/H74, H74/I74), 0) -> 0 | L74: =IF(Table1[[#This Row],[FISICO]]="",Sheet2!$A$7,IF(Table1[[#This Row],[diferencia]]=0,Sheet2!$A$9,Sheet2!$A$6)) -> NOT Counted | M74: =E74 -> MONEP | N74: =_xlfn.XLOOKUP(Table1[[#This Row],[ItemLocator]], [1]Data!$A:$A,[1]Data!$R:$R,0,0) -> 0.20869 | O74: =Table1[[#This Row],[Dollar U]]*Table1[[#This Row],[diferencia]] -> -43.8249
A75: =_xlfn.CONCAT(D75,E75) -> 313154G1MONEP | B75: 46041 | C75: 61 | D75: 313154G1 | E75: MONEP | F75: MONEP.. | G75: EA | H75: 17 | I75: 17 | J75: =Table1[[#This Row],[FISICO]]-Table1[[#This Row],[on hand qty]] -> 0 | K75: =IFERROR(IF((I75/H75)<1,I75/H75, H75/I75), 0) -> 1 | L75: =IF(Table1[[#This Row],[FISICO]]="",Sheet2!$A$7,IF(Table1[[#This Row],[diferencia]]=0,Sheet2!$A$9,Sheet2!$A$6)) -> OK Accuracy | M75: =E75 -> MONEP | N75: =_xlfn.XLOOKUP(Table1[[#This Row],[ItemLocator]], [1]Data!$A:$A,[1]Data!$R:$R,0,0) -> 12.8264 | O75: =Table1[[#This Row],[Dollar U]]*Table1[[#This Row],[diferencia]] -> 0
A76: =_xlfn.CONCAT(D76,E76) -> 313155P1MONEP | B76: 46041 | C76: 62 | D76: 313155P1 | E76: MONEP | F76: MONEP.. | G76: EA | H76: 31 | I76: 31 | J76: =Table1[[#This Row],[FISICO]]-Table1[[#This Row],[on hand qty]] -> 0 | K76: =IFERROR(IF((I76/H76)<1,I76/H76, H76/I76), 0) -> 1 | L76: =IF(Table1[[#This Row],[FISICO]]="",Sheet2!$A$7,IF(Table1[[#This Row],[diferencia]]=0,Sheet2!$A$9,Sheet2!$A$6)) -> OK Accuracy | M76: =E76 -> MONEP | N76: =_xlfn.XLOOKUP(Table1[[#This Row],[ItemLocator]], [1]Data!$A:$A,[1]Data!$R:$R,0,0) -> 2.46954 | O76: =Table1[[#This Row],[Dollar U]]*Table1[[#This Row],[diferencia]] -> 0
A77: =_xlfn.CONCAT(D77,E77) -> 313156P1MONEP | B77: 46041 | C77: 63 | D77: 313156P1 | E77: MONEP | F77: MONEP.. | G77: EA | H77: 22 | I77: 22 | J77: =Table1[[#This Row],[FISICO]]-Table1[[#This Row],[on hand qty]] -> 0 | K77: =IFERROR(IF((I77/H77)<1,I77/H77, H77/I77), 0) -> 1 | L77: =IF(Table1[[#This Row],[FISICO]]="",Sheet2!$A$7,IF(Table1[[#This Row],[diferencia]]=0,Sheet2!$A$9,Sheet2!$A$6)) -> OK Accuracy | M77: =E77 -> MONEP | N77: =_xlfn.XLOOKUP(Table1[[#This Row],[ItemLocator]], [1]Data!$A:$A,[1]Data!$R:$R,0,0) -> 6.75843 | O77: =Table1[[#This Row],[Dollar U]]*Table1[[#This Row],[diferencia]] -> 0
A78: =_xlfn.CONCAT(D78,E78) -> 315743P1MONEP | B78: 46041 | C78: 64 | D78: 315743P1 | E78: MONEP | F78: MONEP.. | G78: EA | H78: 2 | I78: 5 | J78: =Table1[[#This Row],[FISICO]]-Table1[[#This Row],[on hand qty]] -> -3 | K78: =IFERROR(IF((I78/H78)<1,I78/H78, H78/I78), 0) -> 0.4 | L78: =IF(Table1[[#This Row],[FISICO]]="",Sheet2!$A$7,IF(Table1[[#This Row],[diferencia]]=0,Sheet2!$A$9,Sheet2!$A$6)) -> NOT Accuracy Inventory | M78: =E78 -> MONEP | N78: =_xlfn.XLOOKUP(Table1[[#This Row],[ItemLocator]], [1]Data!$A:$A,[1]Data!$R:$R,0,0) -> 14.65671 | O78: =Table1[[#This Row],[Dollar U]]*Table1[[#This Row],[diferencia]] -> -43.97013
A79: =_xlfn.CONCAT(D79,E79) -> 315844G2MONEP | B79: 46041 | C79: 65 | D79: 315844G2 | E79: MONEP | F79: MONEP.. | G79: EA | H79: 5 | I79: 5 | J79: =Table1[[#This Row],[FISICO]]-Table1[[#This Row],[on hand qty]] -> 0 | K79: =IFERROR(IF((I79/H79)<1,I79/H79, H79/I79), 0) -> 1 | L79: =IF(Table1[[#This Row],[FISICO]]="",Sheet2!$A$7,IF(Table1[[#This Row],[diferencia]]=0,Sheet2!$A$9,Sheet2!$A$6)) -> OK Accuracy | M79: =E79 -> MONEP | N79: =_xlfn.XLOOKUP(Table1[[#This Row],[ItemLocator]], [1]Data!$A:$A,[1]Data!$R:$R,0,0) -> 42.86729 | O79: =Table1[[#This Row],[Dollar U]]*Table1[[#This Row],[diferencia]] -> 0
A80: =_xlfn.CONCAT(D80,E80) -> 316084P1MONEP | B80: 46041 | C80: 66 | D80: 316084P1 | E80: MONEP | F80: MONEP.. | G80: EA | H80: 2 | I80: 2 | J80: =Table1[[#This Row],[FISICO]]-Table1[[#This Row],[on hand qty]] -> 0 | K80: =IFERROR(IF((I80/H80)<1,I80/H80, H80/I80), 0) -> 1 | L80: =IF(Table1[[#This Row],[FISICO]]="",Sheet2!$A$7,IF(Table1[[#This Row],[diferencia]]=0,Sheet2!$A$9,Sheet2!$A$6)) -> OK Accuracy | M80: =E80 -> MONEP | N80: =_xlfn.XLOOKUP(Table1[[#This Row],[ItemLocator]], [1]Data!$A:$A,[1]Data!$R:$R,0,0) -> 16.77416 | O80: =Table1[[#This Row],[Dollar U]]*Table1[[#This Row],[diferencia]] -> 0
A81: =_xlfn.CONCAT(D81,E81) -> 320649P3MONEP | B81: 46041 | C81: 67 | D81: 320649P3 | E81: MONEP | F81: MONEP.. | G81: EA | H81: 3 | I81: 3 | J81: =Table1[[#This Row],[FISICO]]-Table1[[#This Row],[on hand qty]] -> 0 | K81: =IFERROR(IF((I81/H81)<1,I81/H81, H81/I81), 0) -> 1 | L81: =IF(Table1[[#This Row],[FISICO]]="",Sheet2!$A$7,IF(Table1[[#This Row],[diferencia]]=0,Sheet2!$A$9,Sheet2!$A$6)) -> OK Accuracy | M81: =E81 -> MONEP | N81: =_xlfn.XLOOKUP(Table1[[#This Row],[ItemLocator]], [1]Data!$A:$A,[1]Data!$R:$R,0,0) -> 8.86427 | O81: =Table1[[#This Row],[Dollar U]]*Table1[[#This Row],[diferencia]] -> 0
A82: =_xlfn.CONCAT(D82,E82) -> 320649P4MONEP | B82: 46041 | C82: 68 | D82: 320649P4 | E82: MONEP | F82: MONEP.. | G82: EA | H82: 3 | I82: 3 | J82: =Table1[[#This Row],[FISICO]]-Table1[[#This Row],[on hand qty]] -> 0 | K82: =IFERROR(IF((I82/H82)<1,I82/H82, H82/I82), 0) -> 1 | L82: =IF(Table1[[#This Row],[FISICO]]="",Sheet2!$A$7,IF(Table1[[#This Row],[diferencia]]=0,Sheet2!$A$9,Sheet2!$A$6)) -> OK Accuracy | M82: =E82 -> MONEP | N82: =_xlfn.XLOOKUP(Table1[[#This Row],[ItemLocator]], [1]Data!$A:$A,[1]Data!$R:$R,0,0) -> 20.45764 | O82: =Table1[[#This Row],[Dollar U]]*Table1[[#This Row],[diferencia]] -> 0
A83: =_xlfn.CONCAT(D83,E83) -> 322160P2MONEP | B83: 46041 | C83: 69 | D83: 322160P2 | E83: MONEP | F83: MONEP.. | G83: EA | I83: 90 | J83: =Table1[[#This Row],[FISICO]]-Table1[[#This Row],[on hand qty]] -> -90 | K83: =IFERROR(IF((I83/H83)<1,I83/H83, H83/I83), 0) -> 0 | L83: =IF(Table1[[#This Row],[FISICO]]="",Sheet2!$A$7,IF(Table1[[#This Row],[diferencia]]=0,Sheet2!$A$9,Sheet2!$A$6)) -> NOT Counted | M83: =E83 -> MONEP | N83: =_xlfn.XLOOKUP(Table1[[#This Row],[ItemLocator]], [1]Data!$A:$A,[1]Data!$R:$R,0,0) -> 234.8947 | O83: =Table1[[#This Row],[Dollar U]]*Table1[[#This Row],[diferencia]] -> -21140.523
A84: =_xlfn.CONCAT(D84,E84) -> 322162P2MONEP | B84: 46041 | C84: 70 | D84: 322162P2 | E84: MONEP | F84: MONEP.. | G84: EA | I84: 5 | J84: =Table1[[#This Row],[FISICO]]-Table1[[#This Row],[on hand qty]] -> -5 | K84: =IFERROR(IF((I84/H84)<1,I84/H84, H84/I84), 0) -> 0 | L84: =IF(Table1[[#This Row],[FISICO]]="",Sheet2!$A$7,IF(Table1[[#This Row],[diferencia]]=0,Sheet2!$A$9,Sheet2!$A$6)) -> NOT Counted | M84: =E84 -> MONEP | N84: =_xlfn.XLOOKUP(Table1[[#This Row],[ItemLocator]], [1]Data!$A:$A,[1]Data!$R:$R,0,0) -> 455.33434 | O84: =Table1[[#This Row],[Dollar U]]*Table1[[#This Row],[diferencia]] -> -2276.6717
A85: =_xlfn.CONCAT(D85,E85) -> E-375CMONEP | B85: 46041 | C85: 71 | D85: E-375C | E85: MONEP | F85: MONEP.. | G85: FT | I85: 10 | J85: =Table1[[#This Row],[FISICO]]-Table1[[#This Row],[on hand qty]] -> -10 | K85: =IFERROR(IF((I85/H85)<1,I85/H85, H85/I85), 0) -> 0 | L85: =IF(Table1[[#This Row],[FISICO]]="",Sheet2!$A$7,IF(Table1[[#This Row],[diferencia]]=0,Sheet2!$A$9,Sheet2!$A$6)) -> NOT Counted | M85: =E85 -> MONEP | N85: =_xlfn.XLOOKUP(Table1[[#This Row],[ItemLocator]], [1]Data!$A:$A,[1]Data!$R:$R,0,0) -> 0.07072 | O85: =Table1[[#This Row],[Dollar U]]*Table1[[#This Row],[diferencia]] -> -0.7072
A86: =_xlfn.CONCAT(D86,E86) -> E05-2830TRMONEP | B86: 46041 | C86: 72 | D86: E05-2830TR | E86: MONEP | F86: MONEP.. | G86: EA | I86: 1111 | J86: =Table1[[#This Row],[FISICO]]-Table1[[#This Row],[on hand qty]] -> -1111 | K86: =IFERROR(IF((I86/H86)<1,I86/H86, H86/I86), 0) -> 0 | L86: =IF(Table1[[#This Row],[FISICO]]="",Sheet2!$A$7,IF(Table1[[#This Row],[diferencia]]=0,Sheet2!$A$9,Sheet2!$A$6)) -> NOT Counted | M86: =E86 -> MONEP | N86: =_xlfn.XLOOKUP(Table1[[#This Row],[ItemLocator]], [1]Data!$A:$A,[1]Data!$R:$R,0,0) -> 0.096130564 | O86: =Table1[[#This Row],[Dollar U]]*Table1[[#This Row],[diferencia]] -> -106.80106
A87: =_xlfn.CONCAT(D87,E87) -> E12-9830MONEP | B87: 46041 | C87: 73 | D87: E12-9830 | E87: MONEP | F87: MONEP.. | G87: EA | I87: 568 | J87: =Table1[[#This Row],[FISICO]]-Table1[[#This Row],[on hand qty]] -> -568 | K87: =IFERROR(IF((I87/H87)<1,I87/H87, H87/I87), 0) -> 0 | L87: =IF(Table1[[#This Row],[FISICO]]="",Sheet2!$A$7,IF(Table1[[#This Row],[diferencia]]=0,Sheet2!$A$9,Sheet2!$A$6)) -> NOT Counted | M87: =E87 -> MONEP | N87: =_xlfn.XLOOKUP(Table1[[#This Row],[ItemLocator]], [1]Data!$A:$A,[1]Data!$R:$R,0,0) -> 1.04676 | O87: =Table1[[#This Row],[Dollar U]]*Table1[[#This Row],[diferencia]] -> -594.55968
A88: =_xlfn.CONCAT(D88,E88) -> 09-02GL0Z-11MONPRE | B88: 46041 | C88: 125 | D88: 09-02GL0Z-11 | E88: MONPRE | F88: MONPRE.. | G88: EA | I88: 177 | J88: =Table1[[#This Row],[FISICO]]-Table1[[#This Row],[on hand qty]] -> -177 | K88: =IFERROR(IF((I88/H88)<1,I88/H88, H88/I88), 0) -> 0 | L88: =IF(Table1[[#This Row],[FISICO]]="",Sheet2!$A$7,IF(Table1[[#This Row],[diferencia]]=0,Sheet2!$A$9,Sheet2!$A$6)) -> NOT Counted | M88: =E88 -> MONPRE | N88: =_xlfn.XLOOKUP(Table1[[#This Row],[ItemLocator]], [1]Data!$A:$A,[1]Data!$R:$R,0,0) -> 0.40538 | O88: =Table1[[#This Row],[Dollar U]]*Table1[[#This Row],[diferencia]] -> -71.75226
A89: =_xlfn.CONCAT(D89,E89) -> 138203MONPRE | B89: 46041 | C89: 126 | D89: 138203 | E89: MONPRE | F89: MONPRE.. | G89: EA | I89: 146 | J89: =Table1[[#This Row],[FISICO]]-Table1[[#This Row],[on hand qty]] -> -146 | K89: =IFERROR(IF((I89/H89)<1,I89/H89, H89/I89), 0) -> 0 | L89: =IF(Table1[[#This Row],[FISICO]]="",Sheet2!$A$7,IF(Table1[[#This Row],[diferencia]]=0,Sheet2!$A$9,Sheet2!$A$6)) -> NOT Counted | M89: =E89 -> MONPRE | N89: =_xlfn.XLOOKUP(Table1[[#This Row],[ItemLocator]], [1]Data!$A:$A,[1]Data!$R:$R,0,0) -> 1.34353 | O89: =Table1[[#This Row],[Dollar U]]*Table1[[#This Row],[diferencia]] -> -196.15538
A90: =_xlfn.CONCAT(D90,E90) -> 334389P1MONPRE | B90: 46041 | C90: 127 | D90: 334389P1 | E90: MONPRE | F90: MONPRE.. | G90: EA | I90: 33 | J90: =Table1[[#This Row],[FISICO]]-Table1[[#This Row],[on hand qty]] -> -33 | K90: =IFERROR(IF((I90/H90)<1,I90/H90, H90/I90), 0) -> 0 | L90: =IF(Table1[[#This Row],[FISICO]]="",Sheet2!$A$7,IF(Table1[[#This Row],[diferencia]]=0,Sheet2!$A$9,Sheet2!$A$6)) -> NOT Counted | M90: =E90 -> MONPRE | N90: =_xlfn.XLOOKUP(Table1[[#This Row],[ItemLocator]], [1]Data!$A:$A,[1]Data!$R:$R,0,0) -> 6.16344 | O90: =Table1[[#This Row],[Dollar U]]*Table1[[#This Row],[diferencia]] -> -203.39352
A91: =_xlfn.CONCAT(D91,E91) -> 347335P2MONPRE | B91: 46041 | C91: 128 | D91: 347335P2 | E91: MONPRE | F91: MONPRE.. | G91: EA | I91: 14 | J91: =Table1[[#This Row],[FISICO]]-Table1[[#This Row],[on hand qty]] -> -14 | K91: =IFERROR(IF((I91/H91)<1,I91/H91, H91/I91), 0) -> 0 | L91: =IF(Table1[[#This Row],[FISICO]]="",Sheet2!$A$7,IF(Table1[[#This Row],[diferencia]]=0,Sheet2!$A$9,Sheet2!$A$6)) -> NOT Counted | M91: =E91 -> MONPRE | N91: =_xlfn.XLOOKUP(Table1[[#This Row],[ItemLocator]], [1]Data!$A:$A,[1]Data!$R:$R,0,0) -> 2359.4719 | O91: =Table1[[#This Row],[Dollar U]]*Table1[[#This Row],[diferencia]] -> -33032.607
A92: =_xlfn.CONCAT(D92,E92) -> 122545P2MONKITS | B92: 46041 | C92: 76 | D92: 122545P2 | E92: MONKITS | F92: MONKITS.. | G92: EA | I92: 1 | J92: =Table1[[#This Row],[FISICO]]-Table1[[#This Row],[on hand qty]] -> -1 | K92: =IFERROR(IF((I92/H92)<1,I92/H92, H92/I92), 0) -> 0 | L92: =IF(Table1[[#This Row],[FISICO]]="",Sheet2!$A$7,IF(Table1[[#This Row],[diferencia]]=0,Sheet2!$A$9,Sheet2!$A$6)) -> NOT Counted | M92: =E92 -> MONKITS | N92: =_xlfn.XLOOKUP(Table1[[#This Row],[ItemLocator]], [1]Data!$A:$A,[1]Data!$R:$R,0,0) -> 0.14313 | O92: =Table1[[#This Row],[Dollar U]]*Table1[[#This Row],[diferencia]] -> -0.14313
A93: =_xlfn.CONCAT(D93,E93) -> 313075P2MONKITS | B93: 46041 | C93: 77 | D93: 313075P2 | E93: MONKITS | F93: MONKITS.. | G93: EA | I93: 6 | J93: =Table1[[#This Row],[FISICO]]-Table1[[#This Row],[on hand qty]] -> -6 | K93: =IFERROR(IF((I93/H93)<1,I93/H93, H93/I93), 0) -> 0 | L93: =IF(Table1[[#This Row],[FISICO]]="",Sheet2!$A$7,IF(Table1[[#This Row],[diferencia]]=0,Sheet2!$A$9,Sheet2!$A$6)) -> NOT Counted | M93: =E93 -> MONKITS | N93: =_xlfn.XLOOKUP(Table1[[#This Row],[ItemLocator]], [1]Data!$A:$A,[1]Data!$R:$R,0,0) -> 27.61559 | O93: =Table1[[#This Row],[Dollar U]]*Table1[[#This Row],[diferencia]] -> -165.69354
A94: =_xlfn.CONCAT(D94,E94) -> 022-3294MONMC | B94: 46041 | C94: 78 | D94: 022-3294 | E94: MONMC | F94: MONMC.. | G94: EA | I94: 286 | J94: =Table1[[#This Row],[FISICO]]-Table1[[#This Row],[on hand qty]] -> -286 | K94: =IFERROR(IF((I94/H94)<1,I94/H94, H94/I94), 0) -> 0 | L94: =IF(Table1[[#This Row],[FISICO]]="",Sheet2!$A$7,IF(Table1[[#This Row],[diferencia]]=0,Sheet2!$A$9,Sheet2!$A$6)) -> NOT Counted | M94: =E94 -> MONMC | N94: =_xlfn.XLOOKUP(Table1[[#This Row],[ItemLocator]], [1]Data!$A:$A,[1]Data!$R:$R,0,0) -> 0.28697 | O94: =Table1[[#This Row],[Dollar U]]*Table1[[#This Row],[diferencia]] -> -82.07342
A95: =_xlfn.CONCAT(D95,E95) -> 199596G1MONMC | B95: 46041 | C95: 79 | D95: 199596G1 | E95: MONMC | F95: MONMC.. | G95: EA | I95: 20 | J95: =Table1[[#This Row],[FISICO]]-Table1[[#This Row],[on hand qty]] -> -20 | K95: =IFERROR(IF((I95/H95)<1,I95/H95, H95/I95), 0) -> 0 | L95: =IF(Table1[[#This Row],[FISICO]]="",Sheet2!$A$7,IF(Table1[[#This Row],[diferencia]]=0,Sheet2!$A$9,Sheet2!$A$6)) -> NOT Counted | M95: =E95 -> MONMC | N95: =_xlfn.XLOOKUP(Table1[[#This Row],[ItemLocator]], [1]Data!$A:$A,[1]Data!$R:$R,0,0) -> 130.68625 | O95: =Table1[[#This Row],[Dollar U]]*Table1[[#This Row],[diferencia]] -> -2613.725
A96: =_xlfn.CONCAT(D96,E96) -> 199618P1MONMC | B96: 46041 | C96: 80 | D96: 199618P1 | E96: MONMC | F96: MONMC.. | G96: EA | I96: 12 | J96: =Table1[[#This Row],[FISICO]]-Table1[[#This Row],[on hand qty]] -> -12 | K96: =IFERROR(IF((I96/H96)<1,I96/H96, H96/I96), 0) -> 0 | L96: =IF(Table1[[#This Row],[FISICO]]="",Sheet2!$A$7,IF(Table1[[#This Row],[diferencia]]=0,Sheet2!$A$9,Sheet2!$A$6)) -> NOT Counted | M96: =E96 -> MONMC | N96: =_xlfn.XLOOKUP(Table1[[#This Row],[ItemLocator]], [1]Data!$A:$A,[1]Data!$R:$R,0,0) -> 147.4218 | O96: =Table1[[#This Row],[Dollar U]]*Table1[[#This Row],[diferencia]] -> -1769.0616
A97: =_xlfn.CONCAT(D97,E97) -> 199621P1MONMC | B97: 46041 | C97: 81 | D97: 199621P1 | E97: MONMC | F97: MONMC.. | G97: EA | I97: 33 | J97: =Table1[[#This Row],[FISICO]]-Table1[[#This Row],[on hand qty]] -> -33 | K97: =IFERROR(IF((I97/H97)<1,I97/H97, H97/I97), 0) -> 0 | L97: =IF(Table1[[#This Row],[FISICO]]="",Sheet2!$A$7,IF(Table1[[#This Row],[diferencia]]=0,Sheet2!$A$9,Sheet2!$A$6)) -> NOT Counted | M97: =E97 -> MONMC | N97: =_xlfn.XLOOKUP(Table1[[#This Row],[ItemLocator]], [1]Data!$A:$A,[1]Data!$R:$R,0,0) -> 24.40051 | O97: =Table1[[#This Row],[Dollar U]]*Table1[[#This Row],[diferencia]] -> -805.21683
A98: =_xlfn.CONCAT(D98,E98) -> 199622G1MONMC | B98: 46041 | C98: 82 | D98: 199622G1 | E98: MONMC | F98: MONMC.. | G98: EA | I98: 6 | J98: =Table1[[#This Row],[FISICO]]-Table1[[#This Row],[on hand qty]] -> -6 | K98: =IFERROR(IF((I98/H98)<1,I98/H98, H98/I98), 0) -> 0 | L98: =IF(Table1[[#This Row],[FISICO]]="",Sheet2!$A$7,IF(Table1[[#This Row],[diferencia]]=0,Sheet2!$A$9,Sheet2!$A$6)) -> NOT Counted | M98: =E98 -> MONMC | N98: =_xlfn.XLOOKUP(Table1[[#This Row],[ItemLocator]], [1]Data!$A:$A,[1]Data!$R:$R,0,0) -> 126.44033 | O98: =Table1[[#This Row],[Dollar U]]*Table1[[#This Row],[diferencia]] -> -758.64198
A99: =_xlfn.CONCAT(D99,E99) -> 199623P1MONMC | B99: 46041 | C99: 83 | D99: 199623P1 | E99: MONMC | F99: MONMC.. | G99: EA | I99: 27 | J99: =Table1[[#This Row],[FISICO]]-Table1[[#This Row],[on hand qty]] -> -27 | K99: =IFERROR(IF((I99/H99)<1,I99/H99, H99/I99), 0) -> 0 | L99: =IF(Table1[[#This Row],[FISICO]]="",Sheet2!$A$7,IF(Table1[[#This Row],[diferencia]]=0,Sheet2!$A$9,Sheet2!$A$6)) -> NOT Counted | M99: =E99 -> MONMC | N99: =_xlfn.XLOOKUP(Table1[[#This Row],[ItemLocator]], [1]Data!$A:$A,[1]Data!$R:$R,0,0) -> 26.44714 | O99: =Table1[[#This Row],[Dollar U]]*Table1[[#This Row],[diferencia]] -> -714.07278
A100: =_xlfn.CONCAT(D100,E100) -> 199626G1MONMC | B100: 46041 | C100: 84 | D100: 199626G1 | E100: MONMC | F100: MONMC.. | G100: EA | I100: 31 | J100: =Table1[[#This Row],[FISICO]]-Table1[[#This Row],[on hand qty]] -> -31 | K100: =IFERROR(IF((I100/H100)<1,I100/H100, H100/I100), 0) -> 0 | L100: =IF(Table1[[#This Row],[FISICO]]="",Sheet2!$A$7,IF(Table1[[#This Row],[diferencia]]=0,Sheet2!$A$9,Sheet2!$A$6)) -> NOT Counted | M100: =E100 -> MONMC | N100: =_xlfn.XLOOKUP(Table1[[#This Row],[ItemLocator]], [1]Data!$A:$A,[1]Data!$R:$R,0,0) -> 248.56856 | O100: =Table1[[#This Row],[Dollar U]]*Table1[[#This Row],[diferencia]] -> -7705.6254
A101: =_xlfn.CONCAT(D101,E101) -> 300628G14MONMC | B101: 46041 | C101: 85 | D101: 300628G14 | E101: MONMC | F101: MONMC.. | G101: EA | I101: 22 | J101: =Table1[[#This Row],[FISICO]]-Table1[[#This Row],[on hand qty]] -> -22 | K101: =IFERROR(IF((I101/H101)<1,I101/H101, H101/I101), 0) -> 0 | L101: =IF(Table1[[#This Row],[FISICO]]="",Sheet2!$A$7,IF(Table1[[#This Row],[diferencia]]=0,Sheet2!$A$9,Sheet2!$A$6)) -> NOT Counted | M101: =E101 -> MONMC | N101: =_xlfn.XLOOKUP(Table1[[#This Row],[ItemLocator]], [1]Data!$A:$A,[1]Data!$R:$R,0,0) -> 107.10591 | O101: =Table1[[#This Row],[Dollar U]]*Table1[[#This Row],[diferencia]] -> -2356.33
... A135: =_xlfn.CONCAT(D135,E135) -> RS-3080MONPIPING | B135: 46041 | C135: 119 | D135: RS-3080 | E135: MONPIPING | F135: MONPIPING.. | G135: FT | I135: 1165.0213 | J135: =Table1[[#This Row],[FISICO]]-Table1[[#This Row],[on hand qty]] -> -1165.0213 | K135: =IFERROR(IF((I135/H135)<1,I135/H135, H135/I135), 0) -> 0 | L135: =IF(Table1[[#This Row],[FISICO]]="",Sheet2!$A$7,IF(Table1[[#This Row],[diferencia]]=0,Sheet2!$A$9,Sheet2!$A$6)) -> NOT Counted | M135: =E135 -> MONPIPING | N135: =_xlfn.XLOOKUP(Table1[[#This Row],[ItemLocator]], [1]Data!$A:$A,[1]Data!$R:$R,0,0) -> 6.48609 | O135: =Table1[[#This Row],[Dollar U]]*Table1[[#This Row],[diferencia]] -> -7556.4329
A136: =_xlfn.CONCAT(D136,E136) -> 10023977P1MONCON | B136: 46042 | C136: 711 | D136: 10023977P1 | E136: MONCON | F136: MONCON.. | G136: EA | H136: 3 | I136: 3 | J136: =Table1[[#This Row],[FISICO]]-Table1[[#This Row],[on hand qty]] -> 0 | K136: =IFERROR(IF((I136/H136)<1,I136/H136, H136/I136), 0) -> 1 | L136: =IF(Table1[[#This Row],[FISICO]]="",Sheet2!$A$7,IF(Table1[[#This Row],[diferencia]]=0,Sheet2!$A$9,Sheet2!$A$6)) -> OK Accuracy | M136: =E136 -> MONCON | N136: =_xlfn.XLOOKUP(Table1[[#This Row],[ItemLocator]], [1]Data!$A:$A,[1]Data!$R:$R,0,0) -> 741.16768 | O136: =Table1[[#This Row],[Dollar U]]*Table1[[#This Row],[diferencia]] -> 0
A137: =_xlfn.CONCAT(D137,E137) -> 327636G2MONCON | B137: 46042 | C137: 712 | D137: 327636G2 | E137: MONCON | F137: MONCON.. | G137: EA | H137: 12 | I137: 12 | J137: =Table1[[#This Row],[FISICO]]-Table1[[#This Row],[on hand qty]] -> 0 | K137: =IFERROR(IF((I137/H137)<1,I137/H137, H137/I137), 0) -> 1 | L137: =IF(Table1[[#This Row],[FISICO]]="",Sheet2!$A$7,IF(Table1[[#This Row],[diferencia]]=0,Sheet2!$A$9,Sheet2!$A$6)) -> OK Accuracy | M137: =E137 -> MONCON | N137: =_xlfn.XLOOKUP(Table1[[#This Row],[ItemLocator]], [1]Data!$A:$A,[1]Data!$R:$R,0,0) -> 120.50544 | O137: =Table1[[#This Row],[Dollar U]]*Table1[[#This Row],[diferencia]] -> 0
A138: =_xlfn.CONCAT(D138,E138) -> 327838P2MONCON | B138: 46042 | C138: 713 | D138: 327838P2 | E138: MONCON | F138: MONCON.. | G138: EA | H138: 13 | I138: 13 | J138: =Table1[[#This Row],[FISICO]]-Table1[[#This Row],[on hand qty]] -> 0 | K138: =IFERROR(IF((I138/H138)<1,I138/H138, H138/I138), 0) -> 1 | L138: =IF(Table1[[#This Row],[FISICO]]="",Sheet2!$A$7,IF(Table1[[#This Row],[diferencia]]=0,Sheet2!$A$9,Sheet2!$A$6)) -> OK Accuracy | M138: =E138 -> MONCON | N138: =_xlfn.XLOOKUP(Table1[[#This Row],[ItemLocator]], [1]Data!$A:$A,[1]Data!$R:$R,0,0) -> 49.9872 | O138: =Table1[[#This Row],[Dollar U]]*Table1[[#This Row],[diferencia]] -> 0
...

Sheet Sheet2
A2: Comentarios
A3: Belongs to other Location
A4: Bulk Item Not to be Counted
A5: DH Golden Line Counting
A6: NOT Accuracy Inventory
A7: NOT Counted
A8: Not in BOM / WO
A9: OK Accuracy
A10: Pending Counting
A11: Scrap Not Declared
A13: LINEA
A14: FGEP
... A51: MONSM

Sheet Sheet3
D1: Total | E1: Diferencia | F1: Total | G1: Diferencia | H1: Total | I1: Diferencia | J1: Total | K1: Diferencia | L1: Total | M1: Diferencia | N1: Total | O1: Diferencia | P1: Total | Q1: Diferencia | R1: Total | S1: Diferencia | T1: Total | U1: Diferencia | V1: Total | W1: Diferencia | X1: Total | Y1: Diferencia | Z1: Total | AA1: Diferencia | AB1: Total | AC1: Diferencia | AD1: Total | AE1: Diferencia | AF1: Total | AG1: Diferencia | AH1: Total | AI1: Diferencia | AJ1: Total | AK1: Diferencia | AL1: Total | AM1: Diferencia | AN1: Total | AO1: Diferencia | AP1: Total | AQ1: Diferencia | AR1: Total | AS1: Diferencia | AT1: Total | AU1: Diferencia | AV1: Total | AW1: Diferencia
B2: APU | C2: Location | D2: 46023 | F2: 46024 | H2: 46027 | J2: 46028 | L2: 46029 | N2: 46030 | P2: 46031 | R2: 46034 | T2: 46035 | V2: 46036 | X2: 46037 | Z2: 46038 | AB2: 46041 | AD2: 46042 | AF2: 46043 | AH2: 46044 | AJ2: 46045 | AL2: 46048 | AN2: 46049 | AP2: 46050 | AR2: 46051 | AT2: 46052 | AV2: 46022
A3: MONBLOWR | B3: APU1 | C3: MONBLW | D3: =COUNTIFS(Sheet1!$B:$B, Sheet3!D$2, Sheet1!$M:$M, $C3, Sheet1!$L:$L, Sheet2!$A$6)+COUNTIFS(Sheet1!$B:$B, Sheet3!D$2, Sheet1!$M:$M, $C3, Sheet1!$L:$L, Sheet2!$A$7)+COUNTIFS(Sheet1!$B:$B, Sheet3!D$2, Sheet1!$M:$M, $C3, Sheet1!$L:$L, Sheet2!$A$9) -> 0 | E3: =COUNTIFS(Sheet1!$B:$B, Sheet3!D$2, Sheet1!$M:$M, $C3, Sheet1!$L:$L, Sheet2!$A$6)+COUNTIFS(Sheet1!$B:$B, Sheet3!D$2, Sheet1!$M:$M, $C3, Sheet1!$L:$L, Sheet2!$A$7) -> 0 | F3: =COUNTIFS(Sheet1!$B:$B, Sheet3!F$2, Sheet1!$M:$M, $C3, Sheet1!$L:$L, Sheet2!$A$6)+COUNTIFS(Sheet1!$B:$B, Sheet3!F$2, Sheet1!$M:$M, $C3, Sheet1!$L:$L, Sheet2!$A$7)+COUNTIFS(Sheet1!$B:$B, Sheet3!F$2, Sheet1!$M:$M, $C3, Sheet1!$L:$L, Sheet2!$A$9) -> 0 | G3: =COUNTIFS(Sheet1!$B:$B, Sheet3!F$2, Sheet1!$M:$M, $C3, Sheet1!$L:$L, Sheet2!$A$6)+COUNTIFS(Sheet1!$B:$B, Sheet3!F$2, Sheet1!$M:$M, $C3, Sheet1!$L:$L, Sheet2!$A$7) -> 0 | H3: =COUNTIFS(Sheet1!$B:$B, Sheet3!H$2, Sheet1!$M:$M, $C3, Sheet1!$L:$L, Sheet2!$A$6)+COUNTIFS(Sheet1!$B:$B, Sheet3!H$2, Sheet1!$M:$M, $C3, Sheet1!$L:$L, Sheet2!$A$7)+COUNTIFS(Sheet1!$B:$B, Sheet3!H$2, Sheet1!$M:$M, $C3, Sheet1!$L:$L, Sheet2!$A$9) -> 0 | I3: =COUNTIFS(Sheet1!$B:$B, Sheet3!H$2, Sheet1!$M:$M, $C3, Sheet1!$L:$L, Sheet2!$A$6)+COUNTIFS(Sheet1!$B:$B, Sheet3!H$2, Sheet1!$M:$M, $C3, Sheet1!$L:$L, Sheet2!$A$7) -> 0 | J3: =COUNTIFS(Sheet1!$B:$B, Sheet3!J$2, Sheet1!$M:$M, $C3, Sheet1!$L:$L, Sheet2!$A$6)+COUNTIFS(Sheet1!$B:$B, Sheet3!J$2, Sheet1!$M:$M, $C3, Sheet1!$L:$L, Sheet2!$A$7)+COUNTIFS(Sheet1!$B:$B, Sheet3!J$2, Sheet1!$M:$M, $C3, Sheet1!$L:$L, Sheet2!$A$9) -> 0 | K3: =COUNTIFS(Sheet1!$B:$B, Sheet3!J$2, Sheet1!$M:$M, $C3, Sheet1!$L:$L, Sheet2!$A$6)+COUNTIFS(Sheet1!$B:$B, Sheet3!J$2, Sheet1!$M:$M, $C3, Sheet1!$L:$L, Sheet2!$A$7) -> 0 | L3: =COUNTIFS(Sheet1!$B:$B, Sheet3!L$2, Sheet1!$M:$M, $C3, Sheet1!$L:$L, Sheet2!$A$6)+COUNTIFS(Sheet1!$B:$B, Sheet3!L$2, Sheet1!$M:$M, $C3, Sheet1!$L:$L, Sheet2!$A$7)+COUNTIFS(Sheet1!$B:$B, Sheet3!L$2, Sheet1!$M:$M, $C3, Sheet1!$L:$L, Sheet2!$A$9) -> 0 | M3: =COUNTIFS(Sheet1!$B:$B, Sheet3!L$2, Sheet1!$M:$M, $C3, Sheet1!$L:$L, Sheet2!$A$6)+COUNTIFS(Sheet1!$B:$B, Sheet3!L$2, Sheet1!$M:$M, $C3, Sheet1!$L:$L, Sheet2!$A$7) -> 0 | N3: =COUNTIFS(Sheet1!$B:$B, Sheet3!N$2, Sheet1!$M:$M, $C3, Sheet1!$L:$L, Sheet2!$A$6)+COUNTIFS(Sheet1!$B:$B, Sheet3!N$2, Sheet1!$M:$M, $C3, Sheet1!$L:$L, Sheet2!$A$7)+COUNTIFS(Sheet1!$B:$B, Sheet3!N$2, Sheet1!$M:$M, $C3, Sheet1!$L:$L, Sheet2!$A$9) -> 0 | O3: =COUNTIFS(Sheet1!$B:$B, Sheet3!N$2, Sheet1!$M:$M, $C3, Sheet1!$L:$L, Sheet2!$A$6)+COUNTIFS(Sheet1!$B:$B, Sheet3!N$2, Sheet1!$M:$M, $C3, Sheet1!$L:$L, Sheet2!$A$7) -> 0 | P3: =COUNTIFS(Sheet1!$B:$B, Sheet3!P$2, Sheet1!$M:$M, $C3, Sheet1!$L:$L, Sheet2!$A$6)+COUNTIFS(Sheet1!$B:$B, Sheet3!P$2, Sheet1!$M:$M, $C3, Sheet1!$L:$L, Sheet2!$A$7)+COUNTIFS(Sheet1!$B:$B, Sheet3!P$2, Sheet1!$M:$M, $C3, Sheet1!$L:$L, Sheet2!$A$9) -> 0 | Q3: =COUNTIFS(Sheet1!$B:$B, Sheet3!P$2, Sheet1!$M:$M, $C3, Sheet1!$L:$L, Sheet2!$A$6)+COUNTIFS(Sheet1!$B:$B, Sheet3!P$2, Sheet1!$M:$M, $C3, Sheet1!$L:$L, Sheet2!$A$7) -> 0 | R3: =COUNTIFS(Sheet1!$B:$B, Sheet3!R$2, Sheet1!$M:$M, $C3, Sheet1!$L:$L, Sheet2!$A$6)+COUNTIFS(Sheet1!$B:$B, Sheet3!R$2, Sheet1!$M:$M, $C3, Sheet1!$L:$L, Sheet2!$A$7)+COUNTIFS(Sheet1!$B:$B, Sheet3!R$2, Sheet1!$M:$M, $C3, Sheet1!$L:$L, Sheet2!$A$9) -> 0 | S3: =COUNTIFS(Sheet1!$B:$B, Sheet3!R$2, Sheet1!$M:$M, $C3, Sheet1!$L:$L, Sheet2!$A$6)+COUNTIFS(Sheet1!$B:$B, Sheet3!R$2, Sheet1!$M:$M, $C3, Sheet1!$L:$L, Sheet2!$A$7) -> 0 | T3: =COUNTIFS(Sheet1!$B:$B, Sheet3!T$2, Sheet1!$M:$M, $C3, Sheet1!$L:$L, Sheet2!$A$6)+COUNTIFS(Sheet1!$B:$B, Sheet3!T$2, Sheet1!$M:$M, $C3, Sheet1!$L:$L, Sheet2!$A$7)+COUNTIFS(Sheet1!$B:$B, Sheet3!T$2, Sheet1!$M:$M, $C3, Sheet1!$L:$L, Sheet2!$A$9) -> 0 | U3: =COUNTIFS(Sheet1!$B:$B, Sheet3!T$2, Sheet1!$M:$M, $C3, Sheet1!$L:$L, Sheet2!$A$6)+COUNTIFS(Sheet1!$B:$B, Sheet3!T$2, Sheet1!$M:$M, $C3, Sheet1!$L:$L, Sheet2!$A$7) -> 0 | V3: =COUNTIFS(Sheet1!$B:$B, Sheet3!V$2, Sheet1!$M:$M, $C3, Sheet1!$L:$L, Sheet2!$A$6)+COUNTIFS(Sheet1!$B:$B, Sheet3!V$2, Sheet1!$M:$M, $C3, Sheet1!$L:$L, Sheet2!$A$7)+COUNTIFS(Sheet1!$B:$B, Sheet3!V$2, Sheet1!$M:$M, $C3, Sheet1!$L:$L, Sheet2!$A$9) -> 0 | W3: =COUNTIFS(Sheet1!$B:$B, Sheet3!V$2, Sheet1!$M:$M, $C3, Sheet1!$L:$L, Sheet2!$A$6)+COUNTIFS(Sheet1!$B:$B, Sheet3!V$2, Sheet1!$M:$M, $C3, Sheet1!$L:$L, Sheet2!$A$7) -> 0 | X3: =COUNTIFS(Sheet1!$B:$B, Sheet3!X$2, Sheet1!$M:$M, $C3, Sheet1!$L:$L, Sheet2!$A$6)+COUNTIFS(Sheet1!$B:$B, Sheet3!X$2, Sheet1!$M:$M, $C3, Sheet1!$L:$L, Sheet2!$A$7)+COUNTIFS(Sheet1!$B:$B, Sheet3!X$2, Sheet1!$M:$M, $C3, Sheet1!$L:$L, Sheet2!$A$9) -> 0 | Y3: =COUNTIFS(Sheet1!$B:$B, Sheet3!X$2, Sheet1!$M:$M, $C3, Sheet1!$L:$L, Sheet2!$A$6)+COUNTIFS(Sheet1!$B:$B, Sheet3!X$2, Sheet1!$M:$M, $C3, Sheet1!$L:$L, Sheet2!$A$7) -> 0 | Z3: =COUNTIFS(Sheet1!$B:$B, Sheet3!Z$2, Sheet1!$M:$M, $C3, Sheet1!$L:$L, Sheet2!$A$6)+COUNTIFS(Sheet1!$B:$B, Sheet3!Z$2, Sheet1!$M:$M, $C3, Sheet1!$L:$L, Sheet2!$A$7)+COUNTIFS(Sheet1!$B:$B, Sheet3!Z$2, Sheet1!$M:$M, $C3, Sheet1!$L:$L, Sheet2!$A$9) -> 0 | AA3: =COUNTIFS(Sheet1!$B:$B, Sheet3!Z$2, Sheet1!$M:$M, $C3, Sheet1!$L:$L, Sheet2!$A$6)+COUNTIFS(Sheet1!$B:$B, Sheet3!Z$2, Sheet1!$M:$M, $C3, Sheet1!$L:$L, Sheet2!$A$7) -> 0 | AB3: =COUNTIFS(Sheet1!$B:$B, Sheet3!AB$2, Sheet1!$M:$M, $C3, Sheet1!$L:$L, Sheet2!$A$6)+COUNTIFS(Sheet1!$B:$B, Sheet3!AB$2, Sheet1!$M:$M, $C3, Sheet1!$L:$L, Sheet2!$A$7)+COUNTIFS(Sheet1!$B:$B, Sheet3!AB$2, Sheet1!$M:$M, $C3, Sheet1!$L:$L, Sheet2!$A$9) -> 1 | AC3: =COUNTIFS(Sheet1!$B:$B, Sheet3!AB$2, Sheet1!$M:$M, $C3, Sheet1!$L:$L, Sheet2!$A$6)+COUNTIFS(Sheet1!$B:$B, Sheet3!AB$2, Sheet1!$M:$M, $C3, Sheet1!$L:$L, Sheet2!$A$7) -> 1 | AD3: =COUNTIFS(Sheet1!$B:$B, Sheet3!AD$2, Sheet1!$M:$M, $C3, Sheet1!$L:$L, Sheet2!$A$6)+COUNTIFS(Sheet1!$B:$B, Sheet3!AD$2, Sheet1!$M:$M, $C3, Sheet1!$L:$L, Sheet2!$A$7)+COUNTIFS(Sheet1!$B:$B, Sheet3!AD$2, Sheet1!$M:$M, $C3, Sheet1!$L:$L, Sheet2!$A$9) -> 3 | AE3: =COUNTIFS(Sheet1!$B:$B, Sheet3!AD$2, Sheet1!$M:$M, $C3, Sheet1!$L:$L, Sheet2!$A$6)+COUNTIFS(Sheet1!$B:$B, Sheet3!AD$2, Sheet1!$M:$M, $C3, Sheet1!$L:$L, Sheet2!$A$7) -> 3 | AF3: =COUNTIFS(Sheet1!$B:$B, Sheet3!AF$2, Sheet1!$M:$M, $C3, Sheet1!$L:$L, Sheet2!$A$6)+COUNTIFS(Sheet1!$B:$B, Sheet3!AF$2, Sheet1!$M:$M, $C3, Sheet1!$L:$L, Sheet2!$A$7)+COUNTIFS(Sheet1!$B:$B, Sheet3!AF$2, Sheet1!$M:$M, $C3, Sheet1!$L:$L, Sheet2!$A$9) -> 4 | AG3: =COUNTIFS(Sheet1!$B:$B, Sheet3!AF$2, Sheet1!$M:$M, $C3, Sheet1!$L:$L, Sheet2!$A$6)+COUNTIFS(Sheet1!$B:$B, Sheet3!AF$2, Sheet1!$M:$M, $C3, Sheet1!$L:$L, Sheet2!$A$7) -> 4 | AH3: =COUNTIFS(Sheet1!$B:$B, Sheet3!AH$2, Sheet1!$M:$M, $C3, Sheet1!$L:$L, Sheet2!$A$6)+COUNTIFS(Sheet1!$B:$B, Sheet3!AH$2, Sheet1!$M:$M, $C3, Sheet1!$L:$L, Sheet2!$A$7)+COUNTIFS(Sheet1!$B:$B, Sheet3!AH$2, Sheet1!$M:$M, $C3, Sheet1!$L:$L, Sheet2!$A$9) -> 0 | AI3: =COUNTIFS(Sheet1!$B:$B, Sheet3!AH$2, Sheet1!$M:$M, $C3, Sheet1!$L:$L, Sheet2!$A$6)+COUNTIFS(Sheet1!$B:$B, Sheet3!AH$2, Sheet1!$M:$M, $C3, Sheet1!$L:$L, Sheet2!$A$7) -> 0 | AJ3: =COUNTIFS(Sheet1!$B:$B, Sheet3!AJ$2, Sheet1!$M:$M, $C3, Sheet1!$L:$L, Sheet2!$A$6)+COUNTIFS(Sheet1!$B:$B, Sheet3!AJ$2, Sheet1!$M:$M, $C3, Sheet1!$L:$L, Sheet2!$A$7)+COUNTIFS(Sheet1!$B:$B, Sheet3!AJ$2, Sheet1!$M:$M, $C3, Sheet1!$L:$L, Sheet2!$A$9) -> 0 | AK3: =COUNTIFS(Sheet1!$B:$B, Sheet3!AJ$2, Sheet1!$M:$M, $C3, Sheet1!$L:$L, Sheet2!$A$6)+COUNTIFS(Sheet1!$B:$B, Sheet3!AJ$2, Sheet1!$M:$M, $C3, Sheet1!$L:$L, Sheet2!$A$7) -> 0 | AL3: =COUNTIFS(Sheet1!$B:$B, Sheet3!AL$2, Sheet1!$M:$M, $C3, Sheet1!$L:$L, Sheet2!$A$6)+COUNTIFS(Sheet1!$B:$B, Sheet3!AL$2, Sheet1!$M:$M, $C3, Sheet1!$L:$L, Sheet2!$A$7)+COUNTIFS(Sheet1!$B:$B, Sheet3!AL$2, Sheet1!$M:$M, $C3, Sheet1!$L:$L, Sheet2!$A$9) -> 0 | AM3: =COUNTIFS(Sheet1!$B:$B, Sheet3!AL$2, Sheet1!$M:$M, $C3, Sheet1!$L:$L, Sheet2!$A$6)+COUNTIFS(Sheet1!$B:$B, Sheet3!AL$2, Sheet1!$M:$M, $C3, Sheet1!$L:$L, Sheet2!$A$7) -> 0 | AN3: =COUNTIFS(Sheet1!$B:$B, Sheet3!AN$2, Sheet1!$M:$M, $C3, Sheet1!$L:$L, Sheet2!$A$6)+COUNTIFS(Sheet1!$B:$B, Sheet3!AN$2, Sheet1!$M:$M, $C3, Sheet1!$L:$L, Sheet2!$A$7)+COUNTIFS(Sheet1!$B:$B, Sheet3!AN$2, Sheet1!$M:$M, $C3, Sheet1!$L:$L, Sheet2!$A$9) -> 0 | AO3: =COUNTIFS(Sheet1!$B:$B, Sheet3!AN$2, Sheet1!$M:$M, $C3, Sheet1!$L:$L, Sheet2!$A$6)+COUNTIFS(Sheet1!$B:$B, Sheet3!AN$2, Sheet1!$M:$M, $C3, Sheet1!$L:$L, Sheet2!$A$7) -> 0 | AP3: =COUNTIFS(Sheet1!$B:$B, Sheet3!AP$2, Sheet1!$M:$M, $C3, Sheet1!$L:$L, Sheet2!$A$6)+COUNTIFS(Sheet1!$B:$B, Sheet3!AP$2, Sheet1!$M:$M, $C3, Sheet1!$L:$L, Sheet2!$A$7)+COUNTIFS(Sheet1!$B:$B, Sheet3!AP$2, Sheet1!$M:$M, $C3, Sheet1!$L:$L, Sheet2!$A$9) -> 0 | AQ3: =COUNTIFS(Sheet1!$B:$B, Sheet3!AP$2, Sheet1!$M:$M, $C3, Sheet1!$L:$L, Sheet2!$A$6)+COUNTIFS(Sheet1!$B:$B, Sheet3!AP$2, Sheet1!$M:$M, $C3, Sheet1!$L:$L, Sheet2!$A$7) -> 0 | AR3: =COUNTIFS(Sheet1!$B:$B, Sheet3!AR$2, Sheet1!$M:$M, $C3, Sheet1!$L:$L, Sheet2!$A$6)+COUNTIFS(Sheet1!$B:$B, Sheet3!AR$2, Sheet1!$M:$M, $C3, Sheet1!$L:$L, Sheet2!$A$7)+COUNTIFS(Sheet1!$B:$B, Sheet3!AR$2, Sheet1!$M:$M, $C3, Sheet1!$L:$L, Sheet2!$A$9) -> 0 | AS3: =COUNTIFS(Sheet1!$B:$B, Sheet3!AR$2, Sheet1!$M:$M, $C3, Sheet1!$L:$L, Sheet2!$A$6)+COUNTIFS(Sheet1!$B:$B, Sheet3!AR$2, Sheet1!$M:$M, $C3, Sheet1!$L:$L, Sheet2!$A$7) -> 0 | AT3: =COUNTIFS(Sheet1!$B:$B, Sheet3!AT$2, Sheet1!$M:$M, $C3, Sheet1!$L:$L, Sheet2!$A$6)+COUNTIFS(Sheet1!$B:$B, Sheet3!AT$2, Sheet1!$M:$M, $C3, Sheet1!$L:$L, Sheet2!$A$7)+COUNTIFS(Sheet1!$B:$B, Sheet3!AT$2, Sheet1!$M:$M, $C3, Sheet1!$L:$L, Sheet2!$A$9) -> 0 | AU3: =COUNTIFS(Sheet1!$B:$B, Sheet3!AT$2, Sheet1!$M:$M, $C3, Sheet1!$L:$L, Sheet2!$A$6)+COUNTIFS(Sheet1!$B:$B, Sheet3!AT$2, Sheet1!$M:$M, $C3, Sheet1!$L:$L, Sheet2!$A$7) -> 0 | AV3: =COUNTIFS(Sheet1!$B:$B, Sheet3!AV$2, Sheet1!$M:$M, $C3, Sheet1!$L:$L, Sheet2!$A$6)+COUNTIFS(Sheet1!$B:$B, Sheet3!AV$2, Sheet1!$M:$M, $C3, Sheet1!$L:$L, Sheet2!$A$7)+COUNTIFS(Sheet1!$B:$B, Sheet3!AV$2, Sheet1!$M:$M, $C3, Sheet1!$L:$L, Sheet2!$A$9) -> 0 | AW3: =COUNTIFS(Sheet1!$B:$B, Sheet3!AV$2, Sheet1!$M:$M, $C3, Sheet1!$L:$L, Sheet2!$A$6)+COUNTIFS(Sheet1!$B:$B, Sheet3!AV$2, Sheet1!$M:$M, $C3, Sheet1!$L:$L, Sheet2!$A$7) -> 0
A4: MONCON | B4: APU1 | C4: MONCON | D4: =COUNTIFS(Sheet1!$B:$B, Sheet3!D$2, Sheet1!$M:$M, $C4, Sheet1!$L:$L, Sheet2!$A$6)+COUNTIFS(Sheet1!$B:$B, Sheet3!D$2, Sheet1!$M:$M, $C4, Sheet1!$L:$L, Sheet2!$A$7)+COUNTIFS(Sheet1!$B:$B, Sheet3!D$2, Sheet1!$M:$M, $C4, Sheet1!$L:$L, Sheet2!$A$9) -> 0 | E4: =COUNTIFS(Sheet1!$B:$B, Sheet3!D$2, Sheet1!$M:$M, $C4, Sheet1!$L:$L, Sheet2!$A$6)+COUNTIFS(Sheet1!$B:$B, Sheet3!D$2, Sheet1!$M:$M, $C4, Sheet1!$L:$L, Sheet2!$A$7) -> 0 | F4: =COUNTIFS(Sheet1!$B:$B, Sheet3!F$2, Sheet1!$M:$M, $C4, Sheet1!$L:$L, Sheet2!$A$6)+COUNTIFS(Sheet1!$B:$B, Sheet3!F$2, Sheet1!$M:$M, $C4, Sheet1!$L:$L, Sheet2!$A$7)+COUNTIFS(Sheet1!$B:$B, Sheet3!F$2, Sheet1!$M:$M, $C4, Sheet1!$L:$L, Sheet2!$A$9) -> 0 | G4: =COUNTIFS(Sheet1!$B:$B, Sheet3!F$2, Sheet1!$M:$M, $C4, Sheet1!$L:$L, Sheet2!$A$6)+COUNTIFS(Sheet1!$B:$B, Sheet3!F$2, Sheet1!$M:$M, $C4, Sheet1!$L:$L, Sheet2!$A$7) -> 0 | H4: =COUNTIFS(Sheet1!$B:$B, Sheet3!H$2, Sheet1!$M:$M, $C4, Sheet1!$L:$L, Sheet2!$A$6)+COUNTIFS(Sheet1!$B:$B, Sheet3!H$2, Sheet1!$M:$M, $C4, Sheet1!$L:$L, Sheet2!$A$7)+COUNTIFS(Sheet1!$B:$B, Sheet3!H$2, Sheet1!$M:$M, $C4, Sheet1!$L:$L, Sheet2!$A$9) -> 0 | I4: =COUNTIFS(Sheet1!$B:$B, Sheet3!H$2, Sheet1!$M:$M, $C4, Sheet1!$L:$L, Sheet2!$A$6)+COUNTIFS(Sheet1!$B:$B, Sheet3!H$2, Sheet1!$M:$M, $C4, Sheet1!$L:$L, Sheet2!$A$7) -> 0 | J4: =COUNTIFS(Sheet1!$B:$B, Sheet3!J$2, Sheet1!$M:$M, $C4, Sheet1!$L:$L, Sheet2!$A$6)+COUNTIFS(Sheet1!$B:$B, Sheet3!J$2, Sheet1!$M:$M, $C4, Sheet1!$L:$L, Sheet2!$A$7)+COUNTIFS(Sheet1!$B:$B, Sheet3!J$2, Sheet1!$M:$M, $C4, Sheet1!$L:$L, Sheet2!$A$9) -> 0 | K4: =COUNTIFS(Sheet1!$B:$B, Sheet3!J$2, Sheet1!$M:$M, $C4, Sheet1!$L:$L, Sheet2!$A$6)+COUNTIFS(Sheet1!$B:$B, Sheet3!J$2, Sheet1!$M:$M, $C4, Sheet1!$L:$L, Sheet2!$A$7) -> 0 | L4: =COUNTIFS(Sheet1!$B:$B, Sheet3!L$2, Sheet1!$M:$M, $C4, Sheet1!$L:$L, Sheet2!$A$6)+COUNTIFS(Sheet1!$B:$B, Sheet3!L$2, Sheet1!$M:$M, $C4, Sheet1!$L:$L, Sheet2!$A$7)+COUNTIFS(Sheet1!$B:$B, Sheet3!L$2, Sheet1!$M:$M, $C4, Sheet1!$L:$L, Sheet2!$A$9) -> 0 | M4: =COUNTIFS(Sheet1!$B:$B, Sheet3!L$2, Sheet1!$M:$M, $C4, Sheet1!$L:$L, Sheet2!$A$6)+COUNTIFS(Sheet1!$B:$B, Sheet3!L$2, Sheet1!$M:$M, $C4, Sheet1!$L:$L, Sheet2!$A$7) -> 0 | N4: =COUNTIFS(Sheet1!$B:$B, Sheet3!N$2, Sheet1!$M:$M, $C4, Sheet1!$L:$L, Sheet2!$A$6)+COUNTIFS(Sheet1!$B:$B, Sheet3!N$2, Sheet1!$M:$M, $C4, Sheet1!$L:$L, Sheet2!$A$7)+COUNTIFS(Sheet1!$B:$B, Sheet3!N$2, Sheet1!$M:$M, $C4, Sheet1!$L:$L, Sheet2!$A$9) -> 0 | O4: =COUNTIFS(Sheet1!$B:$B, Sheet3!N$2, Sheet1!$M:$M, $C4, Sheet1!$L:$L, Sheet2!$A$6)+COUNTIFS(Sheet1!$B:$B, Sheet3!N$2, Sheet1!$M:$M, $C4, Sheet1!$L:$L, Sheet2!$A$7) -> 0 | P4: =COUNTIFS(Sheet1!$B:$B, Sheet3!P$2, Sheet1!$M:$M, $C4, Sheet1!$L:$L, Sheet2!$A$6)+COUNTIFS(Sheet1!$B:$B, Sheet3!P$2, Sheet1!$M:$M, $C4, Sheet1!$L:$L, Sheet2!$A$7)+COUNTIFS(Sheet1!$B:$B, Sheet3!P$2, Sheet1!$M:$M, $C4, Sheet1!$L:$L, Sheet2!$A$9) -> 0 | Q4: =COUNTIFS(Sheet1!$B:$B, Sheet3!P$2, Sheet1!$M:$M, $C4, Sheet1!$L:$L, Sheet2!$A$6)+COUNTIFS(Sheet1!$B:$B, Sheet3!P$2, Sheet1!$M:$M, $C4, Sheet1!$L:$L, Sheet2!$A$7) -> 0 | R4: =COUNTIFS(Sheet1!$B:$B, Sheet3!R$2, Sheet1!$M:$M, $C4, Sheet1!$L:$L, Sheet2!$A$6)+COUNTIFS(Sheet1!$B:$B, Sheet3!R$2, Sheet1!$M:$M, $C4, Sheet1!$L:$L, Sheet2!$A$7)+COUNTIFS(Sheet1!$B:$B, Sheet3!R$2, Sheet1!$M:$M, $C4, Sheet1!$L:$L, Sheet2!$A$9) -> 0 | S4: =COUNTIFS(Sheet1!$B:$B, Sheet3!R$2, Sheet1!$M:$M, $C4, Sheet1!$L:$L, Sheet2!$A$6)+COUNTIFS(Sheet1!$B:$B, Sheet3!R$2, Sheet1!$M:$M, $C4, Sheet1!$L:$L, Sheet2!$A$7) -> 0 | T4: =COUNTIFS(Sheet1!$B:$B, Sheet3!T$2, Sheet1!$M:$M, $C4, Sheet1!$L:$L, Sheet2!$A$6)+COUNTIFS(Sheet1!$B:$B, Sheet3!T$2, Sheet1!$M:$M, $C4, Sheet1!$L:$L, Sheet2!$A$7)+COUNTIFS(Sheet1!$B:$B, Sheet3!T$2, Sheet1!$M:$M, $C4, Sheet1!$L:$L, Sheet2!$A$9) -> 0 | U4: =COUNTIFS(Sheet1!$B:$B, Sheet3!T$2, Sheet1!$M:$M, $C4, Sheet1!$L:$L, Sheet2!$A$6)+COUNTIFS(Sheet1!$B:$B, Sheet3!T$2, Sheet1!$M:$M, $C4, Sheet1!$L:$L, Sheet2!$A$7) -> 0 | V4: =COUNTIFS(Sheet1!$B:$B, Sheet3!V$2, Sheet1!$M:$M, $C4, Sheet1!$L:$L, Sheet2!$A$6)+COUNTIFS(Sheet1!$B:$B, Sheet3!V$2, Sheet1!$M:$M, $C4, Sheet1!$L:$L, Sheet2!$A$7)+COUNTIFS(Sheet1!$B:$B, Sheet3!V$2, Sheet1!$M:$M, $C4, Sheet1!$L:$L, Sheet2!$A$9) -> 0 | W4: =COUNTIFS(Sheet1!$B:$B, Sheet3!V$2, Sheet1!$M:$M, $C4, Sheet1!$L:$L, Sheet2!$A$6)+COUNTIFS(Sheet1!$B:$B, Sheet3!V$2, Sheet1!$M:$M, $C4, Sheet1!$L:$L, Sheet2!$A$7) -> 0 | X4: =COUNTIFS(Sheet1!$B:$B, Sheet3!X$2, Sheet1!$M:$M, $C4, Sheet1!$L:$L, Sheet2!$A$6)+COUNTIFS(Sheet1!$B:$B, Sheet3!X$2, Sheet1!$M:$M, $C4, Sheet1!$L:$L, Sheet2!$A$7)+COUNTIFS(Sheet1!$B:$B, Sheet3!X$2, Sheet1!$M:$M, $C4, Sheet1!$L:$L, Sheet2!$A$9) -> 0 | Y4: =COUNTIFS(Sheet1!$B:$B, Sheet3!X$2, Sheet1!$M:$M, $C4, Sheet1!$L:$L, Sheet2!$A$6)+COUNTIFS(Sheet1!$B:$B, Sheet3!X$2, Sheet1!$M:$M, $C4, Sheet1!$L:$L, Sheet2!$A$7) -> 0 | Z4: =COUNTIFS(Sheet1!$B:$B, Sheet3!Z$2, Sheet1!$M:$M, $C4, Sheet1!$L:$L, Sheet2!$A$6)+COUNTIFS(Sheet1!$B:$B, Sheet3!Z$2, Sheet1!$M:$M, $C4, Sheet1!$L:$L, Sheet2!$A$7)+COUNTIFS(Sheet1!$B:$B, Sheet3!Z$2, Sheet1!$M:$M, $C4, Sheet1!$L:$L, Sheet2!$A$9) -> 0 | AA4: =COUNTIFS(Sheet1!$B:$B, Sheet3!Z$2, Sheet1!$M:$M, $C4, Sheet1!$L:$L, Sheet2!$A$6)+COUNTIFS(Sheet1!$B:$B, Sheet3!Z$2, Sheet1!$M:$M, $C4, Sheet1!$L:$L, Sheet2!$A$7) -> 0 | AB4: =COUNTIFS(Sheet1!$B:$B, Sheet3!AB$2, Sheet1!$M:$M, $C4, Sheet1!$L:$L, Sheet2!$A$6)+COUNTIFS(Sheet1!$B:$B, Sheet3!AB$2, Sheet1!$M:$M, $C4, Sheet1!$L:$L, Sheet2!$A$7)+COUNTIFS(Sheet1!$B:$B, Sheet3!AB$2, Sheet1!$M:$M, $C4, Sheet1!$L:$L, Sheet2!$A$9) -> 2 | AC4: =COUNTIFS(Sheet1!$B:$B, Sheet3!AB$2, Sheet1!$M:$M, $C4, Sheet1!$L:$L, Sheet2!$A$6)+COUNTIFS(Sheet1!$B:$B, Sheet3!AB$2, Sheet1!$M:$M, $C4, Sheet1!$L:$L, Sheet2!$A$7) -> 1 | AD4: =COUNTIFS(Sheet1!$B:$B, Sheet3!AD$2, Sheet1!$M:$M, $C4, Sheet1!$L:$L, Sheet2!$A$6)+COUNTIFS(Sheet1!$B:$B, Sheet3!AD$2, Sheet1!$M:$M, $C4, Sheet1!$L:$L, Sheet2!$A$7)+COUNTIFS(Sheet1!$B:$B, Sheet3!AD$2, Sheet1!$M:$M, $C4, Sheet1!$L:$L, Sheet2!$A$9) -> 5 | AE4: =COUNTIFS(Sheet1!$B:$B, Sheet3!AD$2, Sheet1!$M:$M, $C4, Sheet1!$L:$L, Sheet2!$A$6)+COUNTIFS(Sheet1!$B:$B, Sheet3!AD$2, Sheet1!$M:$M, $C4, Sheet1!$L:$L, Sheet2!$A$7) -> 0 | AF4: =COUNTIFS(Sheet1!$B:$B, Sheet3!AF$2, Sheet1!$M:$M, $C4, Sheet1!$L:$L, Sheet2!$A$6)+COUNTIFS(Sheet1!$B:$B, Sheet3!AF$2, Sheet1!$M:$M, $C4, Sheet1!$L:$L, Sheet2!$A$7)+COUNTIFS(Sheet1!$B:$B, Sheet3!AF$2, Sheet1!$M:$M, $C4, Sheet1!$L:$L, Sheet2!$A$9) -> 6 | AG4: =COUNTIFS(Sheet1!$B:$B, Sheet3!AF$2, Sheet1!$M:$M, $C4, Sheet1!$L:$L, Sheet2!$A$6)+COUNTIFS(Sheet1!$B:$B, Sheet3!AF$2, Sheet1!$M:$M, $C4, Sheet1!$L:$L, Sheet2!$A$7) -> 6 | AH4: =COUNTIFS(Sheet1!$B:$B, Sheet3!AH$2, Sheet1!$M:$M, $C4, Sheet1!$L:$L, Sheet2!$A$6)+COUNTIFS(Sheet1!$B:$B, Sheet3!AH$2, Sheet1!$M:$M, $C4, Sheet1!$L:$L, Sheet2!$A$7)+COUNTIFS(Sheet1!$B:$B, Sheet3!AH$2, Sheet1!$M:$M, $C4, Sheet1!$L:$L, Sheet2!$A$9) -> 0 | AI4: =COUNTIFS(Sheet1!$B:$B, Sheet3!AH$2, Sheet1!$M:$M, $C4, Sheet1!$L:$L, Sheet2!$A$6)+COUNTIFS(Sheet1!$B:$B, Sheet3!AH$2, Sheet1!$M:$M, $C4, Sheet1!$L:$L, Sheet2!$A$7) -> 0 | AJ4: =COUNTIFS(Sheet1!$B:$B, Sheet3!AJ$2, Sheet1!$M:$M, $C4, Sheet1!$L:$L, Sheet2!$A$6)+COUNTIFS(Sheet1!$B:$B, Sheet3!AJ$2, Sheet1!$M:$M, $C4, Sheet1!$L:$L, Sheet2!$A$7)+COUNTIFS(Sheet1!$B:$B, Sheet3!AJ$2, Sheet1!$M:$M, $C4, Sheet1!$L:$L, Sheet2!$A$9) -> 0 | AK4: =COUNTIFS(Sheet1!$B:$B, Sheet3!AJ$2, Sheet1!$M:$M, $C4, Sheet1!$L:$L, Sheet2!$A$6)+COUNTIFS(Sheet1!$B:$B, Sheet3!AJ$2, Sheet1!$M:$M, $C4, Sheet1!$L:$L, Sheet2!$A$7) -> 0 | AL4: =COUNTIFS(Sheet1!$B:$B, Sheet3!AL$2, Sheet1!$M:$M, $C4, Sheet1!$L:$L, Sheet2!$A$6)+COUNTIFS(Sheet1!$B:$B, Sheet3!AL$2, Sheet1!$M:$M, $C4, Sheet1!$L:$L, Sheet2!$A$7)+COUNTIFS(Sheet1!$B:$B, Sheet3!AL$2, Sheet1!$M:$M, $C4, Sheet1!$L:$L, Sheet2!$A$9) -> 0 | AM4: =COUNTIFS(Sheet1!$B:$B, Sheet3!AL$2, Sheet1!$M:$M, $C4, Sheet1!$L:$L, Sheet2!$A$6)+COUNTIFS(Sheet1!$B:$B, Sheet3!AL$2, Sheet1!$M:$M, $C4, Sheet1!$L:$L, Sheet2!$A$7) -> 0 | AN4: =COUNTIFS(Sheet1!$B:$B, Sheet3!AN$2, Sheet1!$M:$M, $C4, Sheet1!$L:$L, Sheet2!$A$6)+COUNTIFS(Sheet1!$B:$B, Sheet3!AN$2, Sheet1!$M:$M, $C4, Sheet1!$L:$L, Sheet2!$A$7)+COUNTIFS(Sheet1!$B:$B, Sheet3!AN$2, Sheet1!$M:$M, $C4, Sheet1!$L:$L, Sheet2!$A$9) -> 0 | AO4: =COUNTIFS(Sheet1!$B:$B, Sheet3!AN$2, Sheet1!$M:$M, $C4, Sheet1!$L:$L, Sheet2!$A$6)+COUNTIFS(Sheet1!$B:$B, Sheet3!AN$2, Sheet1!$M:$M, $C4, Sheet1!$L:$L, Sheet2!$A$7) -> 0 | AP4: =COUNTIFS(Sheet1!$B:$B, Sheet3!AP$2, Sheet1!$M:$M, $C4, Sheet1!$L:$L, Sheet2!$A$6)+COUNTIFS(Sheet1!$B:$B, Sheet3!AP$2, Sheet1!$M:$M, $C4, Sheet1!$L:$L, Sheet2!$A$7)+COUNTIFS(Sheet1!$B:$B, Sheet3!AP$2, Sheet1!$M:$M, $C4, Sheet1!$L:$L, Sheet2!$A$9) -> 0 | AQ4: =COUNTIFS(Sheet1!$B:$B, Sheet3!AP$2, Sheet1!$M:$M, $C4, Sheet1!$L:$L, Sheet2!$A$6)+COUNTIFS(Sheet1!$B:$B, Sheet3!AP$2, Sheet1!$M:$M, $C4, Sheet1!$L:$L, Sheet2!$A$7) -> 0 | AR4: =COUNTIFS(Sheet1!$B:$B, Sheet3!AR$2, Sheet1!$M:$M, $C4, Sheet1!$L:$L, Sheet2!$A$6)+COUNTIFS(Sheet1!$B:$B, Sheet3!AR$2, Sheet1!$M:$M, $C4, Sheet1!$L:$L, Sheet2!$A$7)+COUNTIFS(Sheet1!$B:$B, Sheet3!AR$2, Sheet1!$M:$M, $C4, Sheet1!$L:$L, Sheet2!$A$9) -> 0 | AS4: =COUNTIFS(Sheet1!$B:$B, Sheet3!AR$2, Sheet1!$M:$M, $C4, Sheet1!$L:$L, Sheet2!$A$6)+COUNTIFS(Sheet1!$B:$B, Sheet3!AR$2, Sheet1!$M:$M, $C4, Sheet1!$L:$L, Sheet2!$A$7) -> 0 | AT4: =COUNTIFS(Sheet1!$B:$B, Sheet3!AT$2, Sheet1!$M:$M, $C4, Sheet1!$L:$L, Sheet2!$A$6)+COUNTIFS(Sheet1!$B:$B, Sheet3!AT$2, Sheet1!$M:$M, $C4, Sheet1!$L:$L, Sheet2!$A$7)+COUNTIFS(Sheet1!$B:$B, Sheet3!AT$2, Sheet1!$M:$M, $C4, Sheet1!$L:$L, Sheet2!$A$9) -> 0 | AU4: =COUNTIFS(Sheet1!$B:$B, Sheet3!AT$2, Sheet1!$M:$M, $C4, Sheet1!$L:$L, Sheet2!$A$6)+COUNTIFS(Sheet1!$B:$B, Sheet3!AT$2, Sheet1!$M:$M, $C4, Sheet1!$L:$L, Sheet2!$A$7) -> 0 | AV4: =COUNTIFS(Sheet1!$B:$B, Sheet3!AV$2, Sheet1!$M:$M, $C4, Sheet1!$L:$L, Sheet2!$A$6)+COUNTIFS(Sheet1!$B:$B, Sheet3!AV$2, Sheet1!$M:$M, $C4, Sheet1!$L:$L, Sheet2!$A$7)+COUNTIFS(Sheet1!$B:$B, Sheet3!AV$2, Sheet1!$M:$M, $C4, Sheet1!$L:$L, Sheet2!$A$9) -> 0 | AW4: =COUNTIFS(Sheet1!$B:$B, Sheet3!AV$2, Sheet1!$M:$M, $C4, Sheet1!$L:$L, Sheet2!$A$6)+COUNTIFS(Sheet1!$B:$B, Sheet3!AV$2, Sheet1!$M:$M, $C4, Sheet1!$L:$L, Sheet2!$A$7) -> 0
A5: MONCR | B5: APU1 | C5: MONCR | D5: =COUNTIFS(Sheet1!$B:$B, Sheet3!D$2, Sheet1!$M:$M, $C5, Sheet1!$L:$L, Sheet2!$A$6)+COUNTIFS(Sheet1!$B:$B, Sheet3!D$2, Sheet1!$M:$M, $C5, Sheet1!$L:$L, Sheet2!$A$7)+COUNTIFS(Sheet1!$B:$B, Sheet3!D$2, Sheet1!$M:$M, $C5, Sheet1!$L:$L, Sheet2!$A$9) -> 0 | E5: =COUNTIFS(Sheet1!$B:$B, Sheet3!D$2, Sheet1!$M:$M, $C5, Sheet1!$L:$L, Sheet2!$A$6)+COUNTIFS(Sheet1!$B:$B, Sheet3!D$2, Sheet1!$M:$M, $C5, Sheet1!$L:$L, Sheet2!$A$7) -> 0 | F5: =COUNTIFS(Sheet1!$B:$B, Sheet3!F$2, Sheet1!$M:$M, $C5, Sheet1!$L:$L, Sheet2!$A$6)+COUNTIFS(Sheet1!$B:$B, Sheet3!F$2, Sheet1!$M:$M, $C5, Sheet1!$L:$L, Sheet2!$A$7)+COUNTIFS(Sheet1!$B:$B, Sheet3!F$2, Sheet1!$M:$M, $C5, Sheet1!$L:$L, Sheet2!$A$9) -> 0 | G5: =COUNTIFS(Sheet1!$B:$B, Sheet3!F$2, Sheet1!$M:$M, $C5, Sheet1!$L:$L, Sheet2!$A$6)+COUNTIFS(Sheet1!$B:$B, Sheet3!F$2, Sheet1!$M:$M, $C5, Sheet1!$L:$L, Sheet2!$A$7) -> 0 | H5: =COUNTIFS(Sheet1!$B:$B, Sheet3!H$2, Sheet1!$M:$M, $C5, Sheet1!$L:$L, Sheet2!$A$6)+COUNTIFS(Sheet1!$B:$B, Sheet3!H$2, Sheet1!$M:$M, $C5, Sheet1!$L:$L, Sheet2!$A$7)+COUNTIFS(Sheet1!$B:$B, Sheet3!H$2, Sheet1!$M:$M, $C5, Sheet1!$L:$L, Sheet2!$A$9) -> 0 | I5: =COUNTIFS(Sheet1!$B:$B, Sheet3!H$2, Sheet1!$M:$M, $C5, Sheet1!$L:$L, Sheet2!$A$6)+COUNTIFS(Sheet1!$B:$B, Sheet3!H$2, Sheet1!$M:$M, $C5, Sheet1!$L:$L, Sheet2!$A$7) -> 0 | J5: =COUNTIFS(Sheet1!$B:$B, Sheet3!J$2, Sheet1!$M:$M, $C5, Sheet1!$L:$L, Sheet2!$A$6)+COUNTIFS(Sheet1!$B:$B, Sheet3!J$2, Sheet1!$M:$M, $C5, Sheet1!$L:$L, Sheet2!$A$7)+COUNTIFS(Sheet1!$B:$B, Sheet3!J$2, Sheet1!$M:$M, $C5, Sheet1!$L:$L, Sheet2!$A$9) -> 0 | K5: =COUNTIFS(Sheet1!$B:$B, Sheet3!J$2, Sheet1!$M:$M, $C5, Sheet1!$L:$L, Sheet2!$A$6)+COUNTIFS(Sheet1!$B:$B, Sheet3!J$2, Sheet1!$M:$M, $C5, Sheet1!$L:$L, Sheet2!$A$7) -> 0 | L5: =COUNTIFS(Sheet1!$B:$B, Sheet3!L$2, Sheet1!$M:$M, $C5, Sheet1!$L:$L, Sheet2!$A$6)+COUNTIFS(Sheet1!$B:$B, Sheet3!L$2, Sheet1!$M:$M, $C5, Sheet1!$L:$L, Sheet2!$A$7)+COUNTIFS(Sheet1!$B:$B, Sheet3!L$2, Sheet1!$M:$M, $C5, Sheet1!$L:$L, Sheet2!$A$9) -> 0 | M5: =COUNTIFS(Sheet1!$B:$B, Sheet3!L$2, Sheet1!$M:$M, $C5, Sheet1!$L:$L, Sheet2!$A$6)+COUNTIFS(Sheet1!$B:$B, Sheet3!L$2, Sheet1!$M:$M, $C5, Sheet1!$L:$L, Sheet2!$A$7) -> 0 | N5: =COUNTIFS(Sheet1!$B:$B, Sheet3!N$2, Sheet1!$M:$M, $C5, Sheet1!$L:$L, Sheet2!$A$6)+COUNTIFS(Sheet1!$B:$B, Sheet3!N$2, Sheet1!$M:$M, $C5, Sheet1!$L:$L, Sheet2!$A$7)+COUNTIFS(Sheet1!$B:$B, Sheet3!N$2, Sheet1!$M:$M, $C5, Sheet1!$L:$L, Sheet2!$A$9) -> 0 | O5: =COUNTIFS(Sheet1!$B:$B, Sheet3!N$2, Sheet1!$M:$M, $C5, Sheet1!$L:$L, Sheet2!$A$6)+COUNTIFS(Sheet1!$B:$B, Sheet3!N$2, Sheet1!$M:$M, $C5, Sheet1!$L:$L, Sheet2!$A$7) -> 0 | P5: =COUNTIFS(Sheet1!$B:$B, Sheet3!P$2, Sheet1!$M:$M, $C5, Sheet1!$L:$L, Sheet2!$A$6)+COUNTIFS(Sheet1!$B:$B, Sheet3!P$2, Sheet1!$M:$M, $C5, Sheet1!$L:$L, Sheet2!$A$7)+COUNTIFS(Sheet1!$B:$B, Sheet3!P$2, Sheet1!$M:$M, $C5, Sheet1!$L:$L, Sheet2!$A$9) -> 0 | Q5: =COUNTIFS(Sheet1!$B:$B, Sheet3!P$2, Sheet1!$M:$M, $C5, Sheet1!$L:$L, Sheet2!$A$6)+COUNTIFS(Sheet1!$B:$B, Sheet3!P$2, Sheet1!$M:$M, $C5, Sheet1!$L:$L, Sheet2!$A$7) -> 0 | R5: =COUNTIFS(Sheet1!$B:$B, Sheet3!R$2, Sheet1!$M:$M, $C5, Sheet1!$L:$L, Sheet2!$A$6)+COUNTIFS(Sheet1!$B:$B, Sheet3!R$2, Sheet1!$M:$M, $C5, Sheet1!$L:$L, Sheet2!$A$7)+COUNTIFS(Sheet1!$B:$B, Sheet3!R$2, Sheet1!$M:$M, $C5, Sheet1!$L:$L, Sheet2!$A$9) -> 0 | S5: =COUNTIFS(Sheet1!$B:$B, Sheet3!R$2, Sheet1!$M:$M, $C5, Sheet1!$L:$L, Sheet2!$A$6)+COUNTIFS(Sheet1!$B:$B, Sheet3!R$2, Sheet1!$M:$M, $C5, Sheet1!$L:$L, Sheet2!$A$7) -> 0 | T5: =COUNTIFS(Sheet1!$B:$B, Sheet3!T$2, Sheet1!$M:$M, $C5, Sheet1!$L:$L, Sheet2!$A$6)+COUNTIFS(Sheet1!$B:$B, Sheet3!T$2, Sheet1!$M:$M, $C5, Sheet1!$L:$L, Sheet2!$A$7)+COUNTIFS(Sheet1!$B:$B, Sheet3!T$2, Sheet1!$M:$M, $C5, Sheet1!$L:$L, Sheet2!$A$9) -> 0 | U5: =COUNTIFS(Sheet1!$B:$B, Sheet3!T$2, Sheet1!$M:$M, $C5, Sheet1!$L:$L, Sheet2!$A$6)+COUNTIFS(Sheet1!$B:$B, Sheet3!T$2, Sheet1!$M:$M, $C5, Sheet1!$L:$L, Sheet2!$A$7) -> 0 | V5: =COUNTIFS(Sheet1!$B:$B, Sheet3!V$2, Sheet1!$M:$M, $C5, Sheet1!$L:$L, Sheet2!$A$6)+COUNTIFS(Sheet1!$B:$B, Sheet3!V$2, Sheet1!$M:$M, $C5, Sheet1!$L:$L, Sheet2!$A$7)+COUNTIFS(Sheet1!$B:$B, Sheet3!V$2, Sheet1!$M:$M, $C5, Sheet1!$L:$L, Sheet2!$A$9) -> 0 | W5: =COUNTIFS(Sheet1!$B:$B, Sheet3!V$2, Sheet1!$M:$M, $C5, Sheet1!$L:$L, Sheet2!$A$6)+COUNTIFS(Sheet1!$B:$B, Sheet3!V$2, Sheet1!$M:$M, $C5, Sheet1!$L:$L, Sheet2!$A$7) -> 0 | X5: =COUNTIFS(Sheet1!$B:$B, Sheet3!X$2, Sheet1!$M:$M, $C5, Sheet1!$L:$L, Sheet2!$A$6)+COUNTIFS(Sheet1!$B:$B, Sheet3!X$2, Sheet1!$M:$M, $C5, Sheet1!$L:$L, Sheet2!$A$7)+COUNTIFS(Sheet1!$B:$B, Sheet3!X$2, Sheet1!$M:$M, $C5, Sheet1!$L:$L, Sheet2!$A$9) -> 0 | Y5: =COUNTIFS(Sheet1!$B:$B, Sheet3!X$2, Sheet1!$M:$M, $C5, Sheet1!$L:$L, Sheet2!$A$6)+COUNTIFS(Sheet1!$B:$B, Sheet3!X$2, Sheet1!$M:$M, $C5, Sheet1!$L:$L, Sheet2!$A$7) -> 0 | Z5: =COUNTIFS(Sheet1!$B:$B, Sheet3!Z$2, Sheet1!$M:$M, $C5, Sheet1!$L:$L, Sheet2!$A$6)+COUNTIFS(Sheet1!$B:$B, Sheet3!Z$2, Sheet1!$M:$M, $C5, Sheet1!$L:$L, Sheet2!$A$7)+COUNTIFS(Sheet1!$B:$B, Sheet3!Z$2, Sheet1!$M:$M, $C5, Sheet1!$L:$L, Sheet2!$A$9) -> 0 | AA5: =COUNTIFS(Sheet1!$B:$B, Sheet3!Z$2, Sheet1!$M:$M, $C5, Sheet1!$L:$L, Sheet2!$A$6)+COUNTIFS(Sheet1!$B:$B, Sheet3!Z$2, Sheet1!$M:$M, $C5, Sheet1!$L:$L, Sheet2!$A$7) -> 0 | AB5: =COUNTIFS(Sheet1!$B:$B, Sheet3!AB$2, Sheet1!$M:$M, $C5, Sheet1!$L:$L, Sheet2!$A$6)+COUNTIFS(Sheet1!$B:$B, Sheet3!AB$2, Sheet1!$M:$M, $C5, Sheet1!$L:$L, Sheet2!$A$7)+COUNTIFS(Sheet1!$B:$B, Sheet3!AB$2, Sheet1!$M:$M, $C5, Sheet1!$L:$L, Sheet2!$A$9) -> 1 | AC5: =COUNTIFS(Sheet1!$B:$B, Sheet3!AB$2, Sheet1!$M:$M, $C5, Sheet1!$L:$L, Sheet2!$A$6)+COUNTIFS(Sheet1!$B:$B, Sheet3!AB$2, Sheet1!$M:$M, $C5, Sheet1!$L:$L, Sheet2!$A$7) -> 1 | AD5: =COUNTIFS(Sheet1!$B:$B, Sheet3!AD$2, Sheet1!$M:$M, $C5, Sheet1!$L:$L, Sheet2!$A$6)+COUNTIFS(Sheet1!$B:$B, Sheet3!AD$2, Sheet1!$M:$M, $C5, Sheet1!$L:$L, Sheet2!$A$7)+COUNTIFS(Sheet1!$B:$B, Sheet3!AD$2, Sheet1!$M:$M, $C5, Sheet1!$L:$L, Sheet2!$A$9) -> 2 | AE5: =COUNTIFS(Sheet1!$B:$B, Sheet3!AD$2, Sheet1!$M:$M, $C5, Sheet1!$L:$L, Sheet2!$A$6)+COUNTIFS(Sheet1!$B:$B, Sheet3!AD$2, Sheet1!$M:$M, $C5, Sheet1!$L:$L, Sheet2!$A$7) -> 2 | AF5: =COUNTIFS(Sheet1!$B:$B, Sheet3!AF$2, Sheet1!$M:$M, $C5, Sheet1!$L:$L, Sheet2!$A$6)+COUNTIFS(Sheet1!$B:$B, Sheet3!AF$2, Sheet1!$M:$M, $C5, Sheet1!$L:$L, Sheet2!$A$7)+COUNTIFS(Sheet1!$B:$B, Sheet3!AF$2, Sheet1!$M:$M, $C5, Sheet1!$L:$L, Sheet2!$A$9) -> 1 | AG5: =COUNTIFS(Sheet1!$B:$B, Sheet3!AF$2, Sheet1!$M:$M, $C5, Sheet1!$L:$L, Sheet2!$A$6)+COUNTIFS(Sheet1!$B:$B, Sheet3!AF$2, Sheet1!$M:$M, $C5, Sheet1!$L:$L, Sheet2!$A$7) -> 1 | AH5: =COUNTIFS(Sheet1!$B:$B, Sheet3!AH$2, Sheet1!$M:$M, $C5, Sheet1!$L:$L, Sheet2!$A$6)+COUNTIFS(Sheet1!$B:$B, Sheet3!AH$2, Sheet1!$M:$M, $C5, Sheet1!$L:$L, Sheet2!$A$7)+COUNTIFS(Sheet1!$B:$B, Sheet3!AH$2, Sheet1!$M:$M, $C5, Sheet1!$L:$L, Sheet2!$A$9) -> 0 | AI5: =COUNTIFS(Sheet1!$B:$B, Sheet3!AH$2, Sheet1!$M:$M, $C5, Sheet1!$L:$L, Sheet2!$A$6)+COUNTIFS(Sheet1!$B:$B, Sheet3!AH$2, Sheet1!$M:$M, $C5, Sheet1!$L:$L, Sheet2!$A$7) -> 0 | AJ5: =COUNTIFS(Sheet1!$B:$B, Sheet3!AJ$2, Sheet1!$M:$M, $C5, Sheet1!$L:$L, Sheet2!$A$6)+COUNTIFS(Sheet1!$B:$B, Sheet3!AJ$2, Sheet1!$M:$M, $C5, Sheet1!$L:$L, Sheet2!$A$7)+COUNTIFS(Sheet1!$B:$B, Sheet3!AJ$2, Sheet1!$M:$M, $C5, Sheet1!$L:$L, Sheet2!$A$9) -> 0 | AK5: =COUNTIFS(Sheet1!$B:$B, Sheet3!AJ$2, Sheet1!$M:$M, $C5, Sheet1!$L:$L, Sheet2!$A$6)+COUNTIFS(Sheet1!$B:$B, Sheet3!AJ$2, Sheet1!$M:$M, $C5, Sheet1!$L:$L, Sheet2!$A$7) -> 0 | AL5: =COUNTIFS(Sheet1!$B:$B, Sheet3!AL$2, Sheet1!$M:$M, $C5, Sheet1!$L:$L, Sheet2!$A$6)+COUNTIFS(Sheet1!$B:$B, Sheet3!AL$2, Sheet1!$M:$M, $C5, Sheet1!$L:$L, Sheet2!$A$7)+COUNTIFS(Sheet1!$B:$B, Sheet3!AL$2, Sheet1!$M:$M, $C5, Sheet1!$L:$L, Sheet2!$A$9) -> 0 | AM5: =COUNTIFS(Sheet1!$B:$B, Sheet3!AL$2, Sheet1!$M:$M, $C5, Sheet1!$L:$L, Sheet2!$A$6)+COUNTIFS(Sheet1!$B:$B, Sheet3!AL$2, Sheet1!$M:$M, $C5, Sheet1!$L:$L, Sheet2!$A$7) -> 0 | AN5: =COUNTIFS(Sheet1!$B:$B, Sheet3!AN$2, Sheet1!$M:$M, $C5, Sheet1!$L:$L, Sheet2!$A$6)+COUNTIFS(Sheet1!$B:$B, Sheet3!AN$2, Sheet1!$M:$M, $C5, Sheet1!$L:$L, Sheet2!$A$7)+COUNTIFS(Sheet1!$B:$B, Sheet3!AN$2, Sheet1!$M:$M, $C5, Sheet1!$L:$L, Sheet2!$A$9) -> 0 | AO5: =COUNTIFS(Sheet1!$B:$B, Sheet3!AN$2, Sheet1!$M:$M, $C5, Sheet1!$L:$L, Sheet2!$A$6)+COUNTIFS(Sheet1!$B:$B, Sheet3!AN$2, Sheet1!$M:$M, $C5, Sheet1!$L:$L, Sheet2!$A$7) -> 0 | AP5: =COUNTIFS(Sheet1!$B:$B, Sheet3!AP$2, Sheet1!$M:$M, $C5, Sheet1!$L:$L, Sheet2!$A$6)+COUNTIFS(Sheet1!$B:$B, Sheet3!AP$2, Sheet1!$M:$M, $C5, Sheet1!$L:$L, Sheet2!$A$7)+COUNTIFS(Sheet1!$B:$B, Sheet3!AP$2, Sheet1!$M:$M, $C5, Sheet1!$L:$L, Sheet2!$A$9) -> 0 | AQ5: =COUNTIFS(Sheet1!$B:$B, Sheet3!AP$2, Sheet1!$M:$M, $C5, Sheet1!$L:$L, Sheet2!$A$6)+COUNTIFS(Sheet1!$B:$B, Sheet3!AP$2, Sheet1!$M:$M, $C5, Sheet1!$L:$L, Sheet2!$A$7) -> 0 | AR5: =COUNTIFS(Sheet1!$B:$B, Sheet3!AR$2, Sheet1!$M:$M, $C5, Sheet1!$L:$L, Sheet2!$A$6)+COUNTIFS(Sheet1!$B:$B, Sheet3!AR$2, Sheet1!$M:$M, $C5, Sheet1!$L:$L, Sheet2!$A$7)+COUNTIFS(Sheet1!$B:$B, Sheet3!AR$2, Sheet1!$M:$M, $C5, Sheet1!$L:$L, Sheet2!$A$9) -> 0 | AS5: =COUNTIFS(Sheet1!$B:$B, Sheet3!AR$2, Sheet1!$M:$M, $C5, Sheet1!$L:$L, Sheet2!$A$6)+COUNTIFS(Sheet1!$B:$B, Sheet3!AR$2, Sheet1!$M:$M, $C5, Sheet1!$L:$L, Sheet2!$A$7) -> 0 | AT5: =COUNTIFS(Sheet1!$B:$B, Sheet3!AT$2, Sheet1!$M:$M, $C5, Sheet1!$L:$L, Sheet2!$A$6)+COUNTIFS(Sheet1!$B:$B, Sheet3!AT$2, Sheet1!$M:$M, $C5, Sheet1!$L:$L, Sheet2!$A$7)+COUNTIFS(Sheet1!$B:$B, Sheet3!AT$2, Sheet1!$M:$M, $C5, Sheet1!$L:$L, Sheet2!$A$9) -> 0 | AU5: =COUNTIFS(Sheet1!$B:$B, Sheet3!AT$2, Sheet1!$M:$M, $C5, Sheet1!$L:$L, Sheet2!$A$6)+COUNTIFS(Sheet1!$B:$B, Sheet3!AT$2, Sheet1!$M:$M, $C5, Sheet1!$L:$L, Sheet2!$A$7) -> 0 | AV5: =COUNTIFS(Sheet1!$B:$B, Sheet3!AV$2, Sheet1!$M:$M, $C5, Sheet1!$L:$L, Sheet2!$A$6)+COUNTIFS(Sheet1!$B:$B, Sheet3!AV$2, Sheet1!$M:$M, $C5, Sheet1!$L:$L, Sheet2!$A$7)+COUNTIFS(Sheet1!$B:$B, Sheet3!AV$2, Sheet1!$M:$M, $C5, Sheet1!$L:$L, Sheet2!$A$9) -> 0 | AW5: =COUNTIFS(Sheet1!$B:$B, Sheet3!AV$2, Sheet1!$M:$M, $C5, Sheet1!$L:$L, Sheet2!$A$6)+COUNTIFS(Sheet1!$B:$B, Sheet3!AV$2, Sheet1!$M:$M, $C5, Sheet1!$L:$L, Sheet2!$A$7) -> 0
A6: MONDP | B6: APU1 | C6: MONDP | D6: =COUNTIFS(Sheet1!$B:$B, Sheet3!D$2, Sheet1!$M:$M, $C6, Sheet1!$L:$L, Sheet2!$A$6)+COUNTIFS(Sheet1!$B:$B, Sheet3!D$2, Sheet1!$M:$M, $C6, Sheet1!$L:$L, Sheet2!$A$7)+COUNTIFS(Sheet1!$B:$B, Sheet3!D$2, Sheet1!$M:$M, $C6, Sheet1!$L:$L, Sheet2!$A$9) -> 0 | E6: =COUNTIFS(Sheet1!$B:$B, Sheet3!D$2, Sheet1!$M:$M, $C6, Sheet1!$L:$L, Sheet2!$A$6)+COUNTIFS(Sheet1!$B:$B, Sheet3!D$2, Sheet1!$M:$M, $C6, Sheet1!$L:$L, Sheet2!$A$7) -> 0 | F6: =COUNTIFS(Sheet1!$B:$B, Sheet3!F$2, Sheet1!$M:$M, $C6, Sheet1!$L:$L, Sheet2!$A$6)+COUNTIFS(Sheet1!$B:$B, Sheet3!F$2, Sheet1!$M:$M, $C6, Sheet1!$L:$L, Sheet2!$A$7)+COUNTIFS(Sheet1!$B:$B, Sheet3!F$2, Sheet1!$M:$M, $C6, Sheet1!$L:$L, Sheet2!$A$9) -> 0 | G6: =COUNTIFS(Sheet1!$B:$B, Sheet3!F$2, Sheet1!$M:$M, $C6, Sheet1!$L:$L, Sheet2!$A$6)+COUNTIFS(Sheet1!$B:$B, Sheet3!F$2, Sheet1!$M:$M, $C6, Sheet1!$L:$L, Sheet2!$A$7) -> 0 | H6: =COUNTIFS(Sheet1!$B:$B, Sheet3!H$2, Sheet1!$M:$M, $C6, Sheet1!$L:$L, Sheet2!$A$6)+COUNTIFS(Sheet1!$B:$B, Sheet3!H$2, Sheet1!$M:$M, $C6, Sheet1!$L:$L, Sheet2!$A$7)+COUNTIFS(Sheet1!$B:$B, Sheet3!H$2, Sheet1!$M:$M, $C6, Sheet1!$L:$L, Sheet2!$A$9) -> 0 | I6: =COUNTIFS(Sheet1!$B:$B, Sheet3!H$2, Sheet1!$M:$M, $C6, Sheet1!$L:$L, Sheet2!$A$6)+COUNTIFS(Sheet1!$B:$B, Sheet3!H$2, Sheet1!$M:$M, $C6, Sheet1!$L:$L, Sheet2!$A$7) -> 0 | J6: =COUNTIFS(Sheet1!$B:$B, Sheet3!J$2, Sheet1!$M:$M, $C6, Sheet1!$L:$L, Sheet2!$A$6)+COUNTIFS(Sheet1!$B:$B, Sheet3!J$2, Sheet1!$M:$M, $C6, Sheet1!$L:$L, Sheet2!$A$7)+COUNTIFS(Sheet1!$B:$B, Sheet3!J$2, Sheet1!$M:$M, $C6, Sheet1!$L:$L, Sheet2!$A$9) -> 0 | K6: =COUNTIFS(Sheet1!$B:$B, Sheet3!J$2, Sheet1!$M:$M, $C6, Sheet1!$L:$L, Sheet2!$A$6)+COUNTIFS(Sheet1!$B:$B, Sheet3!J$2, Sheet1!$M:$M, $C6, Sheet1!$L:$L, Sheet2!$A$7) -> 0 | L6: =COUNTIFS(Sheet1!$B:$B, Sheet3!L$2, Sheet1!$M:$M, $C6, Sheet1!$L:$L, Sheet2!$A$6)+COUNTIFS(Sheet1!$B:$B, Sheet3!L$2, Sheet1!$M:$M, $C6, Sheet1!$L:$L, Sheet2!$A$7)+COUNTIFS(Sheet1!$B:$B, Sheet3!L$2, Sheet1!$M:$M, $C6, Sheet1!$L:$L, Sheet2!$A$9) -> 0 | M6: =COUNTIFS(Sheet1!$B:$B, Sheet3!L$2, Sheet1!$M:$M, $C6, Sheet1!$L:$L, Sheet2!$A$6)+COUNTIFS(Sheet1!$B:$B, Sheet3!L$2, Sheet1!$M:$M, $C6, Sheet1!$L:$L, Sheet2!$A$7) -> 0 | N6: =COUNTIFS(Sheet1!$B:$B, Sheet3!N$2, Sheet1!$M:$M, $C6, Sheet1!$L:$L, Sheet2!$A$6)+COUNTIFS(Sheet1!$B:$B, Sheet3!N$2, Sheet1!$M:$M, $C6, Sheet1!$L:$L, Sheet2!$A$7)+COUNTIFS(Sheet1!$B:$B, Sheet3!N$2, Sheet1!$M:$M, $C6, Sheet1!$L:$L, Sheet2!$A$9) -> 0 | O6: =COUNTIFS(Sheet1!$B:$B, Sheet3!N$2, Sheet1!$M:$M, $C6, Sheet1!$L:$L, Sheet2!$A$6)+COUNTIFS(Sheet1!$B:$B, Sheet3!N$2, Sheet1!$M:$M, $C6, Sheet1!$L:$L, Sheet2!$A$7) -> 0 | P6: =COUNTIFS(Sheet1!$B:$B, Sheet3!P$2, Sheet1!$M:$M, $C6, Sheet1!$L:$L, Sheet2!$A$6)+COUNTIFS(Sheet1!$B:$B, Sheet3!P$2, Sheet1!$M:$M, $C6, Sheet1!$L:$L, Sheet2!$A$7)+COUNTIFS(Sheet1!$B:$B, Sheet3!P$2, Sheet1!$M:$M, $C6, Sheet1!$L:$L, Sheet2!$A$9) -> 0 | Q6: =COUNTIFS(Sheet1!$B:$B, Sheet3!P$2, Sheet1!$M:$M, $C6, Sheet1!$L:$L, Sheet2!$A$6)+COUNTIFS(Sheet1!$B:$B, Sheet3!P$2, Sheet1!$M:$M, $C6, Sheet1!$L:$L, Sheet2!$A$7) -> 0 | R6: =COUNTIFS(Sheet1!$B:$B, Sheet3!R$2, Sheet1!$M:$M, $C6, Sheet1!$L:$L, Sheet2!$A$6)+COUNTIFS(Sheet1!$B:$B, Sheet3!R$2, Sheet1!$M:$M, $C6, Sheet1!$L:$L, Sheet2!$A$7)+COUNTIFS(Sheet1!$B:$B, Sheet3!R$2, Sheet1!$M:$M, $C6, Sheet1!$L:$L, Sheet2!$A$9) -> 0 | S6: =COUNTIFS(Sheet1!$B:$B, Sheet3!R$2, Sheet1!$M:$M, $C6, Sheet1!$L:$L, Sheet2!$A$6)+COUNTIFS(Sheet1!$B:$B, Sheet3!R$2, Sheet1!$M:$M, $C6, Sheet1!$L:$L, Sheet2!$A$7) -> 0 | T6: =COUNTIFS(Sheet1!$B:$B, Sheet3!T$2, Sheet1!$M:$M, $C6, Sheet1!$L:$L, Sheet2!$A$6)+COUNTIFS(Sheet1!$B:$B, Sheet3!T$2, Sheet1!$M:$M, $C6, Sheet1!$L:$L, Sheet2!$A$7)+COUNTIFS(Sheet1!$B:$B, Sheet3!T$2, Sheet1!$M:$M, $C6, Sheet1!$L:$L, Sheet2!$A$9) -> 0 | U6: =COUNTIFS(Sheet1!$B:$B, Sheet3!T$2, Sheet1!$M:$M, $C6, Sheet1!$L:$L, Sheet2!$A$6)+COUNTIFS(Sheet1!$B:$B, Sheet3!T$2, Sheet1!$M:$M, $C6, Sheet1!$L:$L, Sheet2!$A$7) -> 0 | V6: =COUNTIFS(Sheet1!$B:$B, Sheet3!V$2, Sheet1!$M:$M, $C6, Sheet1!$L:$L, Sheet2!$A$6)+COUNTIFS(Sheet1!$B:$B, Sheet3!V$2, Sheet1!$M:$M, $C6, Sheet1!$L:$L, Sheet2!$A$7)+COUNTIFS(Sheet1!$B:$B, Sheet3!V$2, Sheet1!$M:$M, $C6, Sheet1!$L:$L, Sheet2!$A$9) -> 0 | W6: =COUNTIFS(Sheet1!$B:$B, Sheet3!V$2, Sheet1!$M:$M, $C6, Sheet1!$L:$L, Sheet2!$A$6)+COUNTIFS(Sheet1!$B:$B, Sheet3!V$2, Sheet1!$M:$M, $C6, Sheet1!$L:$L, Sheet2!$A$7) -> 0 | X6: =COUNTIFS(Sheet1!$B:$B, Sheet3!X$2, Sheet1!$M:$M, $C6, Sheet1!$L:$L, Sheet2!$A$6)+COUNTIFS(Sheet1!$B:$B, Sheet3!X$2, Sheet1!$M:$M, $C6, Sheet1!$L:$L, Sheet2!$A$7)+COUNTIFS(Sheet1!$B:$B, Sheet3!X$2, Sheet1!$M:$M, $C6, Sheet1!$L:$L, Sheet2!$A$9) -> 0 | Y6: =COUNTIFS(Sheet1!$B:$B, Sheet3!X$2, Sheet1!$M:$M, $C6, Sheet1!$L:$L, Sheet2!$A$6)+COUNTIFS(Sheet1!$B:$B, Sheet3!X$2, Sheet1!$M:$M, $C6, Sheet1!$L:$L, Sheet2!$A$7) -> 0 | Z6: =COUNTIFS(Sheet1!$B:$B, Sheet3!Z$2, Sheet1!$M:$M, $C6, Sheet1!$L:$L, Sheet2!$A$6)+COUNTIFS(Sheet1!$B:$B, Sheet3!Z$2, Sheet1!$M:$M, $C6, Sheet1!$L:$L, Sheet2!$A$7)+COUNTIFS(Sheet1!$B:$B, Sheet3!Z$2, Sheet1!$M:$M, $C6, Sheet1!$L:$L, Sheet2!$A$9) -> 0 | AA6: =COUNTIFS(Sheet1!$B:$B, Sheet3!Z$2, Sheet1!$M:$M, $C6, Sheet1!$L:$L, Sheet2!$A$6)+COUNTIFS(Sheet1!$B:$B, Sheet3!Z$2, Sheet1!$M:$M, $C6, Sheet1!$L:$L, Sheet2!$A$7) -> 0 | AB6: =COUNTIFS(Sheet1!$B:$B, Sheet3!AB$2, Sheet1!$M:$M, $C6, Sheet1!$L:$L, Sheet2!$A$6)+COUNTIFS(Sheet1!$B:$B, Sheet3!AB$2, Sheet1!$M:$M, $C6, Sheet1!$L:$L, Sheet2!$A$7)+COUNTIFS(Sheet1!$B:$B, Sheet3!AB$2, Sheet1!$M:$M, $C6, Sheet1!$L:$L, Sheet2!$A$9) -> 8 | AC6: =COUNTIFS(Sheet1!$B:$B, Sheet3!AB$2, Sheet1!$M:$M, $C6, Sheet1!$L:$L, Sheet2!$A$6)+COUNTIFS(Sheet1!$B:$B, Sheet3!AB$2, Sheet1!$M:$M, $C6, Sheet1!$L:$L, Sheet2!$A$7) -> 2 | AD6: =COUNTIFS(Sheet1!$B:$B, Sheet3!AD$2, Sheet1!$M:$M, $C6, Sheet1!$L:$L, Sheet2!$A$6)+COUNTIFS(Sheet1!$B:$B, Sheet3!AD$2, Sheet1!$M:$M, $C6, Sheet1!$L:$L, Sheet2!$A$7)+COUNTIFS(Sheet1!$B:$B, Sheet3!AD$2, Sheet1!$M:$M, $C6, Sheet1!$L:$L, Sheet2!$A$9) -> 9 | AE6: =COUNTIFS(Sheet1!$B:$B, Sheet3!AD$2, Sheet1!$M:$M, $C6, Sheet1!$L:$L, Sheet2!$A$6)+COUNTIFS(Sheet1!$B:$B, Sheet3!AD$2, Sheet1!$M:$M, $C6, Sheet1!$L:$L, Sheet2!$A$7) -> 3 | AF6: =COUNTIFS(Sheet1!$B:$B, Sheet3!AF$2, Sheet1!$M:$M, $C6, Sheet1!$L:$L, Sheet2!$A$6)+COUNTIFS(Sheet1!$B:$B, Sheet3!AF$2, Sheet1!$M:$M, $C6, Sheet1!$L:$L, Sheet2!$A$7)+COUNTIFS(Sheet1!$B:$B, Sheet3!AF$2, Sheet1!$M:$M, $C6, Sheet1!$L:$L, Sheet2!$A$9) -> 9 | AG6: =COUNTIFS(Sheet1!$B:$B, Sheet3!AF$2, Sheet1!$M:$M, $C6, Sheet1!$L:$L, Sheet2!$A$6)+COUNTIFS(Sheet1!$B:$B, Sheet3!AF$2, Sheet1!$M:$M, $C6, Sheet1!$L:$L, Sheet2!$A$7) -> 1 | AH6: =COUNTIFS(Sheet1!$B:$B, Sheet3!AH$2, Sheet1!$M:$M, $C6, Sheet1!$L:$L, Sheet2!$A$6)+COUNTIFS(Sheet1!$B:$B, Sheet3!AH$2, Sheet1!$M:$M, $C6, Sheet1!$L:$L, Sheet2!$A$7)+COUNTIFS(Sheet1!$B:$B, Sheet3!AH$2, Sheet1!$M:$M, $C6, Sheet1!$L:$L, Sheet2!$A$9) -> 0 | AI6: =COUNTIFS(Sheet1!$B:$B, Sheet3!AH$2, Sheet1!$M:$M, $C6, Sheet1!$L:$L, Sheet2!$A$6)+COUNTIFS(Sheet1!$B:$B, Sheet3!AH$2, Sheet1!$M:$M, $C6, Sheet1!$L:$L, Sheet2!$A$7) -> 0 | AJ6: =COUNTIFS(Sheet1!$B:$B, Sheet3!AJ$2, Sheet1!$M:$M, $C6, Sheet1!$L:$L, Sheet2!$A$6)+COUNTIFS(Sheet1!$B:$B, Sheet3!AJ$2, Sheet1!$M:$M, $C6, Sheet1!$L:$L, Sheet2!$A$7)+COUNTIFS(Sheet1!$B:$B, Sheet3!AJ$2, Sheet1!$M:$M, $C6, Sheet1!$L:$L, Sheet2!$A$9) -> 0 | AK6: =COUNTIFS(Sheet1!$B:$B, Sheet3!AJ$2, Sheet1!$M:$M, $C6, Sheet1!$L:$L, Sheet2!$A$6)+COUNTIFS(Sheet1!$B:$B, Sheet3!AJ$2, Sheet1!$M:$M, $C6, Sheet1!$L:$L, Sheet2!$A$7) -> 0 | AL6: =COUNTIFS(Sheet1!$B:$B, Sheet3!AL$2, Sheet1!$M:$M, $C6, Sheet1!$L:$L, Sheet2!$A$6)+COUNTIFS(Sheet1!$B:$B, Sheet3!AL$2, Sheet1!$M:$M, $C6, Sheet1!$L:$L, Sheet2!$A$7)+COUNTIFS(Sheet1!$B:$B, Sheet3!AL$2, Sheet1!$M:$M, $C6, Sheet1!$L:$L, Sheet2!$A$9) -> 0 | AM6: =COUNTIFS(Sheet1!$B:$B, Sheet3!AL$2, Sheet1!$M:$M, $C6, Sheet1!$L:$L, Sheet2!$A$6)+COUNTIFS(Sheet1!$B:$B, Sheet3!AL$2, Sheet1!$M:$M, $C6, Sheet1!$L:$L, Sheet2!$A$7) -> 0 | AN6: =COUNTIFS(Sheet1!$B:$B, Sheet3!AN$2, Sheet1!$M:$M, $C6, Sheet1!$L:$L, Sheet2!$A$6)+COUNTIFS(Sheet1!$B:$B, Sheet3!AN$2, Sheet1!$M:$M, $C6, Sheet1!$L:$L, Sheet2!$A$7)+COUNTIFS(Sheet1!$B:$B, Sheet3!AN$2, Sheet1!$M:$M, $C6, Sheet1!$L:$L, Sheet2!$A$9) -> 0 | AO6: =COUNTIFS(Sheet1!$B:$B, Sheet3!AN$2, Sheet1!$M:$M, $C6, Sheet1!$L:$L, Sheet2!$A$6)+COUNTIFS(Sheet1!$B:$B, Sheet3!AN$2, Sheet1!$M:$M, $C6, Sheet1!$L:$L, Sheet2!$A$7) -> 0 | AP6: =COUNTIFS(Sheet1!$B:$B, Sheet3!AP$2, Sheet1!$M:$M, $C6, Sheet1!$L:$L, Sheet2!$A$6)+COUNTIFS(Sheet1!$B:$B, Sheet3!AP$2, Sheet1!$M:$M, $C6, Sheet1!$L:$L, Sheet2!$A$7)+COUNTIFS(Sheet1!$B:$B, Sheet3!AP$2, Sheet1!$M:$M, $C6, Sheet1!$L:$L, Sheet2!$A$9) -> 0 | AQ6: =COUNTIFS(Sheet1!$B:$B, Sheet3!AP$2, Sheet1!$M:$M, $C6, Sheet1!$L:$L, Sheet2!$A$6)+COUNTIFS(Sheet1!$B:$B, Sheet3!AP$2, Sheet1!$M:$M, $C6, Sheet1!$L:$L, Sheet2!$A$7) -> 0 | AR6: =COUNTIFS(Sheet1!$B:$B, Sheet3!AR$2, Sheet1!$M:$M, $C6, Sheet1!$L:$L, Sheet2!$A$6)+COUNTIFS(Sheet1!$B:$B, Sheet3!AR$2, Sheet1!$M:$M, $C6, Sheet1!$L:$L, Sheet2!$A$7)+COUNTIFS(Sheet1!$B:$B, Sheet3!AR$2, Sheet1!$M:$M, $C6, Sheet1!$L:$L, Sheet2!$A$9) -> 0 | AS6: =COUNTIFS(Sheet1!$B:$B, Sheet3!AR$2, Sheet1!$M:$M, $C6, Sheet1!$L:$L, Sheet2!$A$6)+COUNTIFS(Sheet1!$B:$B, Sheet3!AR$2, Sheet1!$M:$M, $C6, Sheet1!$L:$L, Sheet2!$A$7) -> 0 | AT6: =COUNTIFS(Sheet1!$B:$B, Sheet3!AT$2, Sheet1!$M:$M, $C6, Sheet1!$L:$L, Sheet2!$A$6)+COUNTIFS(Sheet1!$B:$B, Sheet3!AT$2, Sheet1!$M:$M, $C6, Sheet1!$L:$L, Sheet2!$A$7)+COUNTIFS(Sheet1!$B:$B, Sheet3!AT$2, Sheet1!$M:$M, $C6, Sheet1!$L:$L, Sheet2!$A$9) -> 0 | AU6: =COUNTIFS(Sheet1!$B:$B, Sheet3!AT$2, Sheet1!$M:$M, $C6, Sheet1!$L:$L, Sheet2!$A$6)+COUNTIFS(Sheet1!$B:$B, Sheet3!AT$2, Sheet1!$M:$M, $C6, Sheet1!$L:$L, Sheet2!$A$7) -> 0 | AV6: =COUNTIFS(Sheet1!$B:$B, Sheet3!AV$2, Sheet1!$M:$M, $C6, Sheet1!$L:$L, Sheet2!$A$6)+COUNTIFS(Sheet1!$B:$B, Sheet3!AV$2, Sheet1!$M:$M, $C6, Sheet1!$L:$L, Sheet2!$A$7)+COUNTIFS(Sheet1!$B:$B, Sheet3!AV$2, Sheet1!$M:$M, $C6, Sheet1!$L:$L, Sheet2!$A$9) -> 0 | AW6: =COUNTIFS(Sheet1!$B:$B, Sheet3!AV$2, Sheet1!$M:$M, $C6, Sheet1!$L:$L, Sheet2!$A$6)+COUNTIFS(Sheet1!$B:$B, Sheet3!AV$2, Sheet1!$M:$M, $C6, Sheet1!$L:$L, Sheet2!$A$7) -> 0
A7: MONHRS | B7: APU1 | C7: MONHRS | D7: =COUNTIFS(Sheet1!$B:$B, Sheet3!D$2, Sheet1!$M:$M, $C7, Sheet1!$L:$L, Sheet2!$A$6)+COUNTIFS(Sheet1!$B:$B, Sheet3!D$2, Sheet1!$M:$M, $C7, Sheet1!$L:$L, Sheet2!$A$7)+COUNTIFS(Sheet1!$B:$B, Sheet3!D$2, Sheet1!$M:$M, $C7, Sheet1!$L:$L, Sheet2!$A$9) -> 0 | E7: =COUNTIFS(Sheet1!$B:$B, Sheet3!D$2, Sheet1!$M:$M, $C7, Sheet1!$L:$L, Sheet2!$A$6)+COUNTIFS(Sheet1!$B:$B, Sheet3!D$2, Sheet1!$M:$M, $C7, Sheet1!$L:$L, Sheet2!$A$7) -> 0 | F7: =COUNTIFS(Sheet1!$B:$B, Sheet3!F$2, Sheet1!$M:$M, $C7, Sheet1!$L:$L, Sheet2!$A$6)+COUNTIFS(Sheet1!$B:$B, Sheet3!F$2, Sheet1!$M:$M, $C7, Sheet1!$L:$L, Sheet2!$A$7)+COUNTIFS(Sheet1!$B:$B, Sheet3!F$2, Sheet1!$M:$M, $C7, Sheet1!$L:$L, Sheet2!$A$9) -> 0 | G7: =COUNTIFS(Sheet1!$B:$B, Sheet3!F$2, Sheet1!$M:$M, $C7, Sheet1!$L:$L, Sheet2!$A$6)+COUNTIFS(Sheet1!$B:$B, Sheet3!F$2, Sheet1!$M:$M, $C7, Sheet1!$L:$L, Sheet2!$A$7) -> 0 | H7: =COUNTIFS(Sheet1!$B:$B, Sheet3!H$2, Sheet1!$M:$M, $C7, Sheet1!$L:$L, Sheet2!$A$6)+COUNTIFS(Sheet1!$B:$B, Sheet3!H$2, Sheet1!$M:$M, $C7, Sheet1!$L:$L, Sheet2!$A$7)+COUNTIFS(Sheet1!$B:$B, Sheet3!H$2, Sheet1!$M:$M, $C7, Sheet1!$L:$L, Sheet2!$A$9) -> 0 | I7: =COUNTIFS(Sheet1!$B:$B, Sheet3!H$2, Sheet1!$M:$M, $C7, Sheet1!$L:$L, Sheet2!$A$6)+COUNTIFS(Sheet1!$B:$B, Sheet3!H$2, Sheet1!$M:$M, $C7, Sheet1!$L:$L, Sheet2!$A$7) -> 0 | J7: =COUNTIFS(Sheet1!$B:$B, Sheet3!J$2, Sheet1!$M:$M, $C7, Sheet1!$L:$L, Sheet2!$A$6)+COUNTIFS(Sheet1!$B:$B, Sheet3!J$2, Sheet1!$M:$M, $C7, Sheet1!$L:$L, Sheet2!$A$7)+COUNTIFS(Sheet1!$B:$B, Sheet3!J$2, Sheet1!$M:$M, $C7, Sheet1!$L:$L, Sheet2!$A$9) -> 0 | K7: =COUNTIFS(Sheet1!$B:$B, Sheet3!J$2, Sheet1!$M:$M, $C7, Sheet1!$L:$L, Sheet2!$A$6)+COUNTIFS(Sheet1!$B:$B, Sheet3!J$2, Sheet1!$M:$M, $C7, Sheet1!$L:$L, Sheet2!$A$7) -> 0 | L7: =COUNTIFS(Sheet1!$B:$B, Sheet3!L$2, Sheet1!$M:$M, $C7, Sheet1!$L:$L, Sheet2!$A$6)+COUNTIFS(Sheet1!$B:$B, Sheet3!L$2, Sheet1!$M:$M, $C7, Sheet1!$L:$L, Sheet2!$A$7)+COUNTIFS(Sheet1!$B:$B, Sheet3!L$2, Sheet1!$M:$M, $C7, Sheet1!$L:$L, Sheet2!$A$9) -> 0 | M7: =COUNTIFS(Sheet1!$B:$B, Sheet3!L$2, Sheet1!$M:$M, $C7, Sheet1!$L:$L, Sheet2!$A$6)+COUNTIFS(Sheet1!$B:$B, Sheet3!L$2, Sheet1!$M:$M, $C7, Sheet1!$L:$L, Sheet2!$A$7) -> 0 | N7: =COUNTIFS(Sheet1!$B:$B, Sheet3!N$2, Sheet1!$M:$M, $C7, Sheet1!$L:$L, Sheet2!$A$6)+COUNTIFS(Sheet1!$B:$B, Sheet3!N$2, Sheet1!$M:$M, $C7, Sheet1!$L:$L, Sheet2!$A$7)+COUNTIFS(Sheet1!$B:$B, Sheet3!N$2, Sheet1!$M:$M, $C7, Sheet1!$L:$L, Sheet2!$A$9) -> 0 | O7: =COUNTIFS(Sheet1!$B:$B, Sheet3!N$2, Sheet1!$M:$M, $C7, Sheet1!$L:$L, Sheet2!$A$6)+COUNTIFS(Sheet1!$B:$B, Sheet3!N$2, Sheet1!$M:$M, $C7, Sheet1!$L:$L, Sheet2!$A$7) -> 0 | P7: =COUNTIFS(Sheet1!$B:$B, Sheet3!P$2, Sheet1!$M:$M, $C7, Sheet1!$L:$L, Sheet2!$A$6)+COUNTIFS(Sheet1!$B:$B, Sheet3!P$2, Sheet1!$M:$M, $C7, Sheet1!$L:$L, Sheet2!$A$7)+COUNTIFS(Sheet1!$B:$B, Sheet3!P$2, Sheet1!$M:$M, $C7, Sheet1!$L:$L, Sheet2!$A$9) -> 0 | Q7: =COUNTIFS(Sheet1!$B:$B, Sheet3!P$2, Sheet1!$M:$M, $C7, Sheet1!$L:$L, Sheet2!$A$6)+COUNTIFS(Sheet1!$B:$B, Sheet3!P$2, Sheet1!$M:$M, $C7, Sheet1!$L:$L, Sheet2!$A$7) -> 0 | R7: =COUNTIFS(Sheet1!$B:$B, Sheet3!R$2, Sheet1!$M:$M, $C7, Sheet1!$L:$L, Sheet2!$A$6)+COUNTIFS(Sheet1!$B:$B, Sheet3!R$2, Sheet1!$M:$M, $C7, Sheet1!$L:$L, Sheet2!$A$7)+COUNTIFS(Sheet1!$B:$B, Sheet3!R$2, Sheet1!$M:$M, $C7, Sheet1!$L:$L, Sheet2!$A$9) -> 0 | S7: =COUNTIFS(Sheet1!$B:$B, Sheet3!R$2, Sheet1!$M:$M, $C7, Sheet1!$L:$L, Sheet2!$A$6)+COUNTIFS(Sheet1!$B:$B, Sheet3!R$2, Sheet1!$M:$M, $C7, Sheet1!$L:$L, Sheet2!$A$7) -> 0 | T7: =COUNTIFS(Sheet1!$B:$B, Sheet3!T$2, Sheet1!$M:$M, $C7, Sheet1!$L:$L, Sheet2!$A$6)+COUNTIFS(Sheet1!$B:$B, Sheet3!T$2, Sheet1!$M:$M, $C7, Sheet1!$L:$L, Sheet2!$A$7)+COUNTIFS(Sheet1!$B:$B, Sheet3!T$2, Sheet1!$M:$M, $C7, Sheet1!$L:$L, Sheet2!$A$9) -> 0 | U7: =COUNTIFS(Sheet1!$B:$B, Sheet3!T$2, Sheet1!$M:$M, $C7, Sheet1!$L:$L, Sheet2!$A$6)+COUNTIFS(Sheet1!$B:$B, Sheet3!T$2, Sheet1!$M:$M, $C7, Sheet1!$L:$L, Sheet2!$A$7) -> 0 | V7: =COUNTIFS(Sheet1!$B:$B, Sheet3!V$2, Sheet1!$M:$M, $C7, Sheet1!$L:$L, Sheet2!$A$6)+COUNTIFS(Sheet1!$B:$B, Sheet3!V$2, Sheet1!$M:$M, $C7, Sheet1!$L:$L, Sheet2!$A$7)+COUNTIFS(Sheet1!$B:$B, Sheet3!V$2, Sheet1!$M:$M, $C7, Sheet1!$L:$L, Sheet2!$A$9) -> 0 | W7: =COUNTIFS(Sheet1!$B:$B, Sheet3!V$2, Sheet1!$M:$M, $C7, Sheet1!$L:$L, Sheet2!$A$6)+COUNTIFS(Sheet1!$B:$B, Sheet3!V$2, Sheet1!$M:$M, $C7, Sheet1!$L:$L, Sheet2!$A$7) -> 0 | X7: =COUNTIFS(Sheet1!$B:$B, Sheet3!X$2, Sheet1!$M:$M, $C7, Sheet1!$L:$L, Sheet2!$A$6)+COUNTIFS(Sheet1!$B:$B, Sheet3!X$2, Sheet1!$M:$M, $C7, Sheet1!$L:$L, Sheet2!$A$7)+COUNTIFS(Sheet1!$B:$B, Sheet3!X$2, Sheet1!$M:$M, $C7, Sheet1!$L:$L, Sheet2!$A$9) -> 0 | Y7: =COUNTIFS(Sheet1!$B:$B, Sheet3!X$2, Sheet1!$M:$M, $C7, Sheet1!$L:$L, Sheet2!$A$6)+COUNTIFS(Sheet1!$B:$B, Sheet3!X$2, Sheet1!$M:$M, $C7, Sheet1!$L:$L, Sheet2!$A$7) -> 0 | Z7: =COUNTIFS(Sheet1!$B:$B, Sheet3!Z$2, Sheet1!$M:$M, $C7, Sheet1!$L:$L, Sheet2!$A$6)+COUNTIFS(Sheet1!$B:$B, Sheet3!Z$2, Sheet1!$M:$M, $C7, Sheet1!$L:$L, Sheet2!$A$7)+COUNTIFS(Sheet1!$B:$B, Sheet3!Z$2, Sheet1!$M:$M, $C7, Sheet1!$L:$L, Sheet2!$A$9) -> 0 | AA7: =COUNTIFS(Sheet1!$B:$B, Sheet3!Z$2, Sheet1!$M:$M, $C7, Sheet1!$L:$L, Sheet2!$A$6)+COUNTIFS(Sheet1!$B:$B, Sheet3!Z$2, Sheet1!$M:$M, $C7, Sheet1!$L:$L, Sheet2!$A$7) -> 0 | AB7: =COUNTIFS(Sheet1!$B:$B, Sheet3!AB$2, Sheet1!$M:$M, $C7, Sheet1!$L:$L, Sheet2!$A$6)+COUNTIFS(Sheet1!$B:$B, Sheet3!AB$2, Sheet1!$M:$M, $C7, Sheet1!$L:$L, Sheet2!$A$7)+COUNTIFS(Sheet1!$B:$B, Sheet3!AB$2, Sheet1!$M:$M, $C7, Sheet1!$L:$L, Sheet2!$A$9) -> 2 | AC7: =COUNTIFS(Sheet1!$B:$B, Sheet3!AB$2, Sheet1!$M:$M, $C7, Sheet1!$L:$L, Sheet2!$A$6)+COUNTIFS(Sheet1!$B:$B, Sheet3!AB$2, Sheet1!$M:$M, $C7, Sheet1!$L:$L, Sheet2!$A$7) -> 0 | AD7: =COUNTIFS(Sheet1!$B:$B, Sheet3!AD$2, Sheet1!$M:$M, $C7, Sheet1!$L:$L, Sheet2!$A$6)+COUNTIFS(Sheet1!$B:$B, Sheet3!AD$2, Sheet1!$M:$M, $C7, Sheet1!$L:$L, Sheet2!$A$7)+COUNTIFS(Sheet1!$B:$B, Sheet3!AD$2, Sheet1!$M:$M, $C7, Sheet1!$L:$L, Sheet2!$A$9) -> 0 | AE7: =COUNTIFS(Sheet1!$B:$B, Sheet3!AD$2, Sheet1!$M:$M, $C7, Sheet1!$L:$L, Sheet2!$A$6)+COUNTIFS(Sheet1!$B:$B, Sheet3!AD$2, Sheet1!$M:$M, $C7, Sheet1!$L:$L, Sheet2!$A$7) -> 0 | AF7: =COUNTIFS(Sheet1!$B:$B, Sheet3!AF$2, Sheet1!$M:$M, $C7, Sheet1!$L:$L, Sheet2!$A$6)+COUNTIFS(Sheet1!$B:$B, Sheet3!AF$2, Sheet1!$M:$M, $C7, Sheet1!$L:$L, Sheet2!$A$7)+COUNTIFS(Sheet1!$B:$B, Sheet3!AF$2, Sheet1!$M:$M, $C7, Sheet1!$L:$L, Sheet2!$A$9) -> 0 | AG7: =COUNTIFS(Sheet1!$B:$B, Sheet3!AF$2, Sheet1!$M:$M, $C7, Sheet1!$L:$L, Sheet2!$A$6)+COUNTIFS(Sheet1!$B:$B, Sheet3!AF$2, Sheet1!$M:$M, $C7, Sheet1!$L:$L, Sheet2!$A$7) -> 0 | AH7: =COUNTIFS(Sheet1!$B:$B, Sheet3!AH$2, Sheet1!$M:$M, $C7, Sheet1!$L:$L, Sheet2!$A$6)+COUNTIFS(Sheet1!$B:$B, Sheet3!AH$2, Sheet1!$M:$M, $C7, Sheet1!$L:$L, Sheet2!$A$7)+COUNTIFS(Sheet1!$B:$B, Sheet3!AH$2, Sheet1!$M:$M, $C7, Sheet1!$L:$L, Sheet2!$A$9) -> 0 | AI7: =COUNTIFS(Sheet1!$B:$B, Sheet3!AH$2, Sheet1!$M:$M, $C7, Sheet1!$L:$L, Sheet2!$A$6)+COUNTIFS(Sheet1!$B:$B, Sheet3!AH$2, Sheet1!$M:$M, $C7, Sheet1!$L:$L, Sheet2!$A$7) -> 0 | AJ7: =COUNTIFS(Sheet1!$B:$B, Sheet3!AJ$2, Sheet1!$M:$M, $C7, Sheet1!$L:$L, Sheet2!$A$6)+COUNTIFS(Sheet1!$B:$B, Sheet3!AJ$2, Sheet1!$M:$M, $C7, Sheet1!$L:$L, Sheet2!$A$7)+COUNTIFS(Sheet1!$B:$B, Sheet3!AJ$2, Sheet1!$M:$M, $C7, Sheet1!$L:$L, Sheet2!$A$9) -> 0 | AK7: =COUNTIFS(Sheet1!$B:$B, Sheet3!AJ$2, Sheet1!$M:$M, $C7, Sheet1!$L:$L, Sheet2!$A$6)+COUNTIFS(Sheet1!$B:$B, Sheet3!AJ$2, Sheet1!$M:$M, $C7, Sheet1!$L:$L, Sheet2!$A$7) -> 0 | AL7: =COUNTIFS(Sheet1!$B:$B, Sheet3!AL$2, Sheet1!$M:$M, $C7, Sheet1!$L:$L, Sheet2!$A$6)+COUNTIFS(Sheet1!$B:$B, Sheet3!AL$2, Sheet1!$M:$M, $C7, Sheet1!$L:$L, Sheet2!$A$7)+COUNTIFS(Sheet1!$B:$B, Sheet3!AL$2, Sheet1!$M:$M, $C7, Sheet1!$L:$L, Sheet2!$A$9) -> 0 | AM7: =COUNTIFS(Sheet1!$B:$B, Sheet3!AL$2, Sheet1!$M:$M, $C7, Sheet1!$L:$L, Sheet2!$A$6)+COUNTIFS(Sheet1!$B:$B, Sheet3!AL$2, Sheet1!$M:$M, $C7, Sheet1!$L:$L, Sheet2!$A$7) -> 0 | AN7: =COUNTIFS(Sheet1!$B:$B, Sheet3!AN$2, Sheet1!$M:$M, $C7, Sheet1!$L:$L, Sheet2!$A$6)+COUNTIFS(Sheet1!$B:$B, Sheet3!AN$2, Sheet1!$M:$M, $C7, Sheet1!$L:$L, Sheet2!$A$7)+COUNTIFS(Sheet1!$B:$B, Sheet3!AN$2, Sheet1!$M:$M, $C7, Sheet1!$L:$L, Sheet2!$A$9) -> 0 | AO7: =COUNTIFS(Sheet1!$B:$B, Sheet3!AN$2, Sheet1!$M:$M, $C7, Sheet1!$L:$L, Sheet2!$A$6)+COUNTIFS(Sheet1!$B:$B, Sheet3!AN$2, Sheet1!$M:$M, $C7, Sheet1!$L:$L, Sheet2!$A$7) -> 0 | AP7: =COUNTIFS(Sheet1!$B:$B, Sheet3!AP$2, Sheet1!$M:$M, $C7, Sheet1!$L:$L, Sheet2!$A$6)+COUNTIFS(Sheet1!$B:$B, Sheet3!AP$2, Sheet1!$M:$M, $C7, Sheet1!$L:$L, Sheet2!$A$7)+COUNTIFS(Sheet1!$B:$B, Sheet3!AP$2, Sheet1!$M:$M, $C7, Sheet1!$L:$L, Sheet2!$A$9) -> 0 | AQ7: =COUNTIFS(Sheet1!$B:$B, Sheet3!AP$2, Sheet1!$M:$M, $C7, Sheet1!$L:$L, Sheet2!$A$6)+COUNTIFS(Sheet1!$B:$B, Sheet3!AP$2, Sheet1!$M:$M, $C7, Sheet1!$L:$L, Sheet2!$A$7) -> 0 | AR7: =COUNTIFS(Sheet1!$B:$B, Sheet3!AR$2, Sheet1!$M:$M, $C7, Sheet1!$L:$L, Sheet2!$A$6)+COUNTIFS(Sheet1!$B:$B, Sheet3!AR$2, Sheet1!$M:$M, $C7, Sheet1!$L:$L, Sheet2!$A$7)+COUNTIFS(Sheet1!$B:$B, Sheet3!AR$2, Sheet1!$M:$M, $C7, Sheet1!$L:$L, Sheet2!$A$9) -> 0 | AS7: =COUNTIFS(Sheet1!$B:$B, Sheet3!AR$2, Sheet1!$M:$M, $C7, Sheet1!$L:$L, Sheet2!$A$6)+COUNTIFS(Sheet1!$B:$B, Sheet3!AR$2, Sheet1!$M:$M, $C7, Sheet1!$L:$L, Sheet2!$A$7) -> 0 | AT7: =COUNTIFS(Sheet1!$B:$B, Sheet3!AT$2, Sheet1!$M:$M, $C7, Sheet1!$L:$L, Sheet2!$A$6)+COUNTIFS(Sheet1!$B:$B, Sheet3!AT$2, Sheet1!$M:$M, $C7, Sheet1!$L:$L, Sheet2!$A$7)+COUNTIFS(Sheet1!$B:$B, Sheet3!AT$2, Sheet1!$M:$M, $C7, Sheet1!$L:$L, Sheet2!$A$9) -> 0 | AU7: =COUNTIFS(Sheet1!$B:$B, Sheet3!AT$2, Sheet1!$M:$M, $C7, Sheet1!$L:$L, Sheet2!$A$6)+COUNTIFS(Sheet1!$B:$B, Sheet3!AT$2, Sheet1!$M:$M, $C7, Sheet1!$L:$L, Sheet2!$A$7) -> 0 | AV7: =COUNTIFS(Sheet1!$B:$B, Sheet3!AV$2, Sheet1!$M:$M, $C7, Sheet1!$L:$L, Sheet2!$A$6)+COUNTIFS(Sheet1!$B:$B, Sheet3!AV$2, Sheet1!$M:$M, $C7, Sheet1!$L:$L, Sheet2!$A$7)+COUNTIFS(Sheet1!$B:$B, Sheet3!AV$2, Sheet1!$M:$M, $C7, Sheet1!$L:$L, Sheet2!$A$9) -> 0 | AW7: =COUNTIFS(Sheet1!$B:$B, Sheet3!AV$2, Sheet1!$M:$M, $C7, Sheet1!$L:$L, Sheet2!$A$6)+COUNTIFS(Sheet1!$B:$B, Sheet3!AV$2, Sheet1!$M:$M, $C7, Sheet1!$L:$L, Sheet2!$A$7) -> 0
A8: MONSKD | B8: APU1 | C8: MONSKID | D8: =COUNTIFS(Sheet1!$B:$B, Sheet3!D$2, Sheet1!$M:$M, $C8, Sheet1!$L:$L, Sheet2!$A$6)+COUNTIFS(Sheet1!$B:$B, Sheet3!D$2, Sheet1!$M:$M, $C8, Sheet1!$L:$L, Sheet2!$A$7)+COUNTIFS(Sheet1!$B:$B, Sheet3!D$2, Sheet1!$M:$M, $C8, Sheet1!$L:$L, Sheet2!$A$9) -> 0 | E8: =COUNTIFS(Sheet1!$B:$B, Sheet3!D$2, Sheet1!$M:$M, $C8, Sheet1!$L:$L, Sheet2!$A$6)+COUNTIFS(Sheet1!$B:$B, Sheet3!D$2, Sheet1!$M:$M, $C8, Sheet1!$L:$L, Sheet2!$A$7) -> 0 | F8: =COUNTIFS(Sheet1!$B:$B, Sheet3!F$2, Sheet1!$M:$M, $C8, Sheet1!$L:$L, Sheet2!$A$6)+COUNTIFS(Sheet1!$B:$B, Sheet3!F$2, Sheet1!$M:$M, $C8, Sheet1!$L:$L, Sheet2!$A$7)+COUNTIFS(Sheet1!$B:$B, Sheet3!F$2, Sheet1!$M:$M, $C8, Sheet1!$L:$L, Sheet2!$A$9) -> 0 | G8: =COUNTIFS(Sheet1!$B:$B, Sheet3!F$2, Sheet1!$M:$M, $C8, Sheet1!$L:$L, Sheet2!$A$6)+COUNTIFS(Sheet1!$B:$B, Sheet3!F$2, Sheet1!$M:$M, $C8, Sheet1!$L:$L, Sheet2!$A$7) -> 0 | H8: =COUNTIFS(Sheet1!$B:$B, Sheet3!H$2, Sheet1!$M:$M, $C8, Sheet1!$L:$L, Sheet2!$A$6)+COUNTIFS(Sheet1!$B:$B, Sheet3!H$2, Sheet1!$M:$M, $C8, Sheet1!$L:$L, Sheet2!$A$7)+COUNTIFS(Sheet1!$B:$B, Sheet3!H$2, Sheet1!$M:$M, $C8, Sheet1!$L:$L, Sheet2!$A$9) -> 0 | I8: =COUNTIFS(Sheet1!$B:$B, Sheet3!H$2, Sheet1!$M:$M, $C8, Sheet1!$L:$L, Sheet2!$A$6)+COUNTIFS(Sheet1!$B:$B, Sheet3!H$2, Sheet1!$M:$M, $C8, Sheet1!$L:$L, Sheet2!$A$7) -> 0 | J8: =COUNTIFS(Sheet1!$B:$B, Sheet3!J$2, Sheet1!$M:$M, $C8, Sheet1!$L:$L, Sheet2!$A$6)+COUNTIFS(Sheet1!$B:$B, Sheet3!J$2, Sheet1!$M:$M, $C8, Sheet1!$L:$L, Sheet2!$A$7)+COUNTIFS(Sheet1!$B:$B, Sheet3!J$2, Sheet1!$M:$M, $C8, Sheet1!$L:$L, Sheet2!$A$9) -> 0 | K8: =COUNTIFS(Sheet1!$B:$B, Sheet3!J$2, Sheet1!$M:$M, $C8, Sheet1!$L:$L, Sheet2!$A$6)+COUNTIFS(Sheet1!$B:$B, Sheet3!J$2, Sheet1!$M:$M, $C8, Sheet1!$L:$L, Sheet2!$A$7) -> 0 | L8: =COUNTIFS(Sheet1!$B:$B, Sheet3!L$2, Sheet1!$M:$M, $C8, Sheet1!$L:$L, Sheet2!$A$6)+COUNTIFS(Sheet1!$B:$B, Sheet3!L$2, Sheet1!$M:$M, $C8, Sheet1!$L:$L, Sheet2!$A$7)+COUNTIFS(Sheet1!$B:$B, Sheet3!L$2, Sheet1!$M:$M, $C8, Sheet1!$L:$L, Sheet2!$A$9) -> 0 | M8: =COUNTIFS(Sheet1!$B:$B, Sheet3!L$2, Sheet1!$M:$M, $C8, Sheet1!$L:$L, Sheet2!$A$6)+COUNTIFS(Sheet1!$B:$B, Sheet3!L$2, Sheet1!$M:$M, $C8, Sheet1!$L:$L, Sheet2!$A$7) -> 0 | N8: =COUNTIFS(Sheet1!$B:$B, Sheet3!N$2, Sheet1!$M:$M, $C8, Sheet1!$L:$L, Sheet2!$A$6)+COUNTIFS(Sheet1!$B:$B, Sheet3!N$2, Sheet1!$M:$M, $C8, Sheet1!$L:$L, Sheet2!$A$7)+COUNTIFS(Sheet1!$B:$B, Sheet3!N$2, Sheet1!$M:$M, $C8, Sheet1!$L:$L, Sheet2!$A$9) -> 0 | O8: =COUNTIFS(Sheet1!$B:$B, Sheet3!N$2, Sheet1!$M:$M, $C8, Sheet1!$L:$L, Sheet2!$A$6)+COUNTIFS(Sheet1!$B:$B, Sheet3!N$2, Sheet1!$M:$M, $C8, Sheet1!$L:$L, Sheet2!$A$7) -> 0 | P8: =COUNTIFS(Sheet1!$B:$B, Sheet3!P$2, Sheet1!$M:$M, $C8, Sheet1!$L:$L, Sheet2!$A$6)+COUNTIFS(Sheet1!$B:$B, Sheet3!P$2, Sheet1!$M:$M, $C8, Sheet1!$L:$L, Sheet2!$A$7)+COUNTIFS(Sheet1!$B:$B, Sheet3!P$2, Sheet1!$M:$M, $C8, Sheet1!$L:$L, Sheet2!$A$9) -> 0 | Q8: =COUNTIFS(Sheet1!$B:$B, Sheet3!P$2, Sheet1!$M:$M, $C8, Sheet1!$L:$L, Sheet2!$A$6)+COUNTIFS(Sheet1!$B:$B, Sheet3!P$2, Sheet1!$M:$M, $C8, Sheet1!$L:$L, Sheet2!$A$7) -> 0 | R8: =COUNTIFS(Sheet1!$B:$B, Sheet3!R$2, Sheet1!$M:$M, $C8, Sheet1!$L:$L, Sheet2!$A$6)+COUNTIFS(Sheet1!$B:$B, Sheet3!R$2, Sheet1!$M:$M, $C8, Sheet1!$L:$L, Sheet2!$A$7)+COUNTIFS(Sheet1!$B:$B, Sheet3!R$2, Sheet1!$M:$M, $C8, Sheet1!$L:$L, Sheet2!$A$9) -> 0 | S8: =COUNTIFS(Sheet1!$B:$B, Sheet3!R$2, Sheet1!$M:$M, $C8, Sheet1!$L:$L, Sheet2!$A$6)+COUNTIFS(Sheet1!$B:$B, Sheet3!R$2, Sheet1!$M:$M, $C8, Sheet1!$L:$L, Sheet2!$A$7) -> 0 | T8: =COUNTIFS(Sheet1!$B:$B, Sheet3!T$2, Sheet1!$M:$M, $C8, Sheet1!$L:$L, Sheet2!$A$6)+COUNTIFS(Sheet1!$B:$B, Sheet3!T$2, Sheet1!$M:$M, $C8, Sheet1!$L:$L, Sheet2!$A$7)+COUNTIFS(Sheet1!$B:$B, Sheet3!T$2, Sheet1!$M:$M, $C8, Sheet1!$L:$L, Sheet2!$A$9) -> 0 | U8: =COUNTIFS(Sheet1!$B:$B, Sheet3!T$2, Sheet1!$M:$M, $C8, Sheet1!$L:$L, Sheet2!$A$6)+COUNTIFS(Sheet1!$B:$B, Sheet3!T$2, Sheet1!$M:$M, $C8, Sheet1!$L:$L, Sheet2!$A$7) -> 0 | V8: =COUNTIFS(Sheet1!$B:$B, Sheet3!V$2, Sheet1!$M:$M, $C8, Sheet1!$L:$L, Sheet2!$A$6)+COUNTIFS(Sheet1!$B:$B, Sheet3!V$2, Sheet1!$M:$M, $C8, Sheet1!$L:$L, Sheet2!$A$7)+COUNTIFS(Sheet1!$B:$B, Sheet3!V$2, Sheet1!$M:$M, $C8, Sheet1!$L:$L, Sheet2!$A$9) -> 0 | W8: =COUNTIFS(Sheet1!$B:$B, Sheet3!V$2, Sheet1!$M:$M, $C8, Sheet1!$L:$L, Sheet2!$A$6)+COUNTIFS(Sheet1!$B:$B, Sheet3!V$2, Sheet1!$M:$M, $C8, Sheet1!$L:$L, Sheet2!$A$7) -> 0 | X8: =COUNTIFS(Sheet1!$B:$B, Sheet3!X$2, Sheet1!$M:$M, $C8, Sheet1!$L:$L, Sheet2!$A$6)+COUNTIFS(Sheet1!$B:$B, Sheet3!X$2, Sheet1!$M:$M, $C8, Sheet1!$L:$L, Sheet2!$A$7)+COUNTIFS(Sheet1!$B:$B, Sheet3!X$2, Sheet1!$M:$M, $C8, Sheet1!$L:$L, Sheet2!$A$9) -> 0 | Y8: =COUNTIFS(Sheet1!$B:$B, Sheet3!X$2, Sheet1!$M:$M, $C8, Sheet1!$L:$L, Sheet2!$A$6)+COUNTIFS(Sheet1!$B:$B, Sheet3!X$2, Sheet1!$M:$M, $C8, Sheet1!$L:$L, Sheet2!$A$7) -> 0 | Z8: =COUNTIFS(Sheet1!$B:$B, Sheet3!Z$2, Sheet1!$M:$M, $C8, Sheet1!$L:$L, Sheet2!$A$6)+COUNTIFS(Sheet1!$B:$B, Sheet3!Z$2, Sheet1!$M:$M, $C8, Sheet1!$L:$L, Sheet2!$A$7)+COUNTIFS(Sheet1!$B:$B, Sheet3!Z$2, Sheet1!$M:$M, $C8, Sheet1!$L:$L, Sheet2!$A$9) -> 0 | AA8: =COUNTIFS(Sheet1!$B:$B, Sheet3!Z$2, Sheet1!$M:$M, $C8, Sheet1!$L:$L, Sheet2!$A$6)+COUNTIFS(Sheet1!$B:$B, Sheet3!Z$2, Sheet1!$M:$M, $C8, Sheet1!$L:$L, Sheet2!$A$7) -> 0 | AB8: =COUNTIFS(Sheet1!$B:$B, Sheet3!AB$2, Sheet1!$M:$M, $C8, Sheet1!$L:$L, Sheet2!$A$6)+COUNTIFS(Sheet1!$B:$B, Sheet3!AB$2, Sheet1!$M:$M, $C8, Sheet1!$L:$L, Sheet2!$A$7)+COUNTIFS(Sheet1!$B:$B, Sheet3!AB$2, Sheet1!$M:$M, $C8, Sheet1!$L:$L, Sheet2!$A$9) -> 5 | AC8: =COUNTIFS(Sheet1!$B:$B, Sheet3!AB$2, Sheet1!$M:$M, $C8, Sheet1!$L:$L, Sheet2!$A$6)+COUNTIFS(Sheet1!$B:$B, Sheet3!AB$2, Sheet1!$M:$M, $C8, Sheet1!$L:$L, Sheet2!$A$7) -> 0 | AD8: =COUNTIFS(Sheet1!$B:$B, Sheet3!AD$2, Sheet1!$M:$M, $C8, Sheet1!$L:$L, Sheet2!$A$6)+COUNTIFS(Sheet1!$B:$B, Sheet3!AD$2, Sheet1!$M:$M, $C8, Sheet1!$L:$L, Sheet2!$A$7)+COUNTIFS(Sheet1!$B:$B, Sheet3!AD$2, Sheet1!$M:$M, $C8, Sheet1!$L:$L, Sheet2!$A$9) -> 6 | AE8: =COUNTIFS(Sheet1!$B:$B, Sheet3!AD$2, Sheet1!$M:$M, $C8, Sheet1!$L:$L, Sheet2!$A$6)+COUNTIFS(Sheet1!$B:$B, Sheet3!AD$2, Sheet1!$M:$M, $C8, Sheet1!$L:$L, Sheet2!$A$7) -> 6 | AF8: =COUNTIFS(Sheet1!$B:$B, Sheet3!AF$2, Sheet1!$M:$M, $C8, Sheet1!$L:$L, Sheet2!$A$6)+COUNTIFS(Sheet1!$B:$B, Sheet3!AF$2, Sheet1!$M:$M, $C8, Sheet1!$L:$L, Sheet2!$A$7)+COUNTIFS(Sheet1!$B:$B, Sheet3!AF$2, Sheet1!$M:$M, $C8, Sheet1!$L:$L, Sheet2!$A$9) -> 8 | AG8: =COUNTIFS(Sheet1!$B:$B, Sheet3!AF$2, Sheet1!$M:$M, $C8, Sheet1!$L:$L, Sheet2!$A$6)+COUNTIFS(Sheet1!$B:$B, Sheet3!AF$2, Sheet1!$M:$M, $C8, Sheet1!$L:$L, Sheet2!$A$7) -> 3 | AH8: =COUNTIFS(Sheet1!$B:$B, Sheet3!AH$2, Sheet1!$M:$M, $C8, Sheet1!$L:$L, Sheet2!$A$6)+COUNTIFS(Sheet1!$B:$B, Sheet3!AH$2, Sheet1!$M:$M, $C8, Sheet1!$L:$L, Sheet2!$A$7)+COUNTIFS(Sheet1!$B:$B, Sheet3!AH$2, Sheet1!$M:$M, $C8, Sheet1!$L:$L, Sheet2!$A$9) -> 0 | AI8: =COUNTIFS(Sheet1!$B:$B, Sheet3!AH$2, Sheet1!$M:$M, $C8, Sheet1!$L:$L, Sheet2!$A$6)+COUNTIFS(Sheet1!$B:$B, Sheet3!AH$2, Sheet1!$M:$M, $C8, Sheet1!$L:$L, Sheet2!$A$7) -> 0 | AJ8: =COUNTIFS(Sheet1!$B:$B, Sheet3!AJ$2, Sheet1!$M:$M, $C8, Sheet1!$L:$L, Sheet2!$A$6)+COUNTIFS(Sheet1!$B:$B, Sheet3!AJ$2, Sheet1!$M:$M, $C8, Sheet1!$L:$L, Sheet2!$A$7)+COUNTIFS(Sheet1!$B:$B, Sheet3!AJ$2, Sheet1!$M:$M, $C8, Sheet1!$L:$L, Sheet2!$A$9) -> 0 | AK8: =COUNTIFS(Sheet1!$B:$B, Sheet3!AJ$2, Sheet1!$M:$M, $C8, Sheet1!$L:$L, Sheet2!$A$6)+COUNTIFS(Sheet1!$B:$B, Sheet3!AJ$2, Sheet1!$M:$M, $C8, Sheet1!$L:$L, Sheet2!$A$7) -> 0 | AL8: =COUNTIFS(Sheet1!$B:$B, Sheet3!AL$2, Sheet1!$M:$M, $C8, Sheet1!$L:$L, Sheet2!$A$6)+COUNTIFS(Sheet1!$B:$B, Sheet3!AL$2, Sheet1!$M:$M, $C8, Sheet1!$L:$L, Sheet2!$A$7)+COUNTIFS(Sheet1!$B:$B, Sheet3!AL$2, Sheet1!$M:$M, $C8, Sheet1!$L:$L, Sheet2!$A$9) -> 0 | AM8: =COUNTIFS(Sheet1!$B:$B, Sheet3!AL$2, Sheet1!$M:$M, $C8, Sheet1!$L:$L, Sheet2!$A$6)+COUNTIFS(Sheet1!$B:$B, Sheet3!AL$2, Sheet1!$M:$M, $C8, Sheet1!$L:$L, Sheet2!$A$7) -> 0 | AN8: =COUNTIFS(Sheet1!$B:$B, Sheet3!AN$2, Sheet1!$M:$M, $C8, Sheet1!$L:$L, Sheet2!$A$6)+COUNTIFS(Sheet1!$B:$B, Sheet3!AN$2, Sheet1!$M:$M, $C8, Sheet1!$L:$L, Sheet2!$A$7)+COUNTIFS(Sheet1!$B:$B, Sheet3!AN$2, Sheet1!$M:$M, $C8, Sheet1!$L:$L, Sheet2!$A$9) -> 0 | AO8: =COUNTIFS(Sheet1!$B:$B, Sheet3!AN$2, Sheet1!$M:$M, $C8, Sheet1!$L:$L, Sheet2!$A$6)+COUNTIFS(Sheet1!$B:$B, Sheet3!AN$2, Sheet1!$M:$M, $C8, Sheet1!$L:$L, Sheet2!$A$7) -> 0 | AP8: =COUNTIFS(Sheet1!$B:$B, Sheet3!AP$2, Sheet1!$M:$M, $C8, Sheet1!$L:$L, Sheet2!$A$6)+COUNTIFS(Sheet1!$B:$B, Sheet3!AP$2, Sheet1!$M:$M, $C8, Sheet1!$L:$L, Sheet2!$A$7)+COUNTIFS(Sheet1!$B:$B, Sheet3!AP$2, Sheet1!$M:$M, $C8, Sheet1!$L:$L, Sheet2!$A$9) -> 0 | AQ8: =COUNTIFS(Sheet1!$B:$B, Sheet3!AP$2, Sheet1!$M:$M, $C8, Sheet1!$L:$L, Sheet2!$A$6)+COUNTIFS(Sheet1!$B:$B, Sheet3!AP$2, Sheet1!$M:$M, $C8, Sheet1!$L:$L, Sheet2!$A$7) -> 0 | AR8: =COUNTIFS(Sheet1!$B:$B, Sheet3!AR$2, Sheet1!$M:$M, $C8, Sheet1!$L:$L, Sheet2!$A$6)+COUNTIFS(Sheet1!$B:$B, Sheet3!AR$2, Sheet1!$M:$M, $C8, Sheet1!$L:$L, Sheet2!$A$7)+COUNTIFS(Sheet1!$B:$B, Sheet3!AR$2, Sheet1!$M:$M, $C8, Sheet1!$L:$L, Sheet2!$A$9) -> 0 | AS8: =COUNTIFS(Sheet1!$B:$B, Sheet3!AR$2, Sheet1!$M:$M, $C8, Sheet1!$L:$L, Sheet2!$A$6)+COUNTIFS(Sheet1!$B:$B, Sheet3!AR$2, Sheet1!$M:$M, $C8, Sheet1!$L:$L, Sheet2!$A$7) -> 0 | AT8: =COUNTIFS(Sheet1!$B:$B, Sheet3!AT$2, Sheet1!$M:$M, $C8, Sheet1!$L:$L, Sheet2!$A$6)+COUNTIFS(Sheet1!$B:$B, Sheet3!AT$2, Sheet1!$M:$M, $C8, Sheet1!$L:$L, Sheet2!$A$7)+COUNTIFS(Sheet1!$B:$B, Sheet3!AT$2, Sheet1!$M:$M, $C8, Sheet1!$L:$L, Sheet2!$A$9) -> 0 | AU8: =COUNTIFS(Sheet1!$B:$B, Sheet3!AT$2, Sheet1!$M:$M, $C8, Sheet1!$L:$L, Sheet2!$A$6)+COUNTIFS(Sheet1!$B:$B, Sheet3!AT$2, Sheet1!$M:$M, $C8, Sheet1!$L:$L, Sheet2!$A$7) -> 0 | AV8: =COUNTIFS(Sheet1!$B:$B, Sheet3!AV$2, Sheet1!$M:$M, $C8, Sheet1!$L:$L, Sheet2!$A$6)+COUNTIFS(Sheet1!$B:$B, Sheet3!AV$2, Sheet1!$M:$M, $C8, Sheet1!$L:$L, Sheet2!$A$7)+COUNTIFS(Sheet1!$B:$B, Sheet3!AV$2, Sheet1!$M:$M, $C8, Sheet1!$L:$L, Sheet2!$A$9) -> 0 | AW8: =COUNTIFS(Sheet1!$B:$B, Sheet3!AV$2, Sheet1!$M:$M, $C8, Sheet1!$L:$L, Sheet2!$A$6)+COUNTIFS(Sheet1!$B:$B, Sheet3!AV$2, Sheet1!$M:$M, $C8, Sheet1!$L:$L, Sheet2!$A$7) -> 0
A9: MONAFC | B9: APU2 | C9: MON-AFC | D9: =COUNTIFS(Sheet1!$B:$B, Sheet3!D$2, Sheet1!$M:$M, $C9, Sheet1!$L:$L, Sheet2!$A$6)+COUNTIFS(Sheet1!$B:$B, Sheet3!D$2, Sheet1!$M:$M, $C9, Sheet1!$L:$L, Sheet2!$A$7)+COUNTIFS(Sheet1!$B:$B, Sheet3!D$2, Sheet1!$M:$M, $C9, Sheet1!$L:$L, Sheet2!$A$9) -> 0 | E9: =COUNTIFS(Sheet1!$B:$B, Sheet3!D$2, Sheet1!$M:$M, $C9, Sheet1!$L:$L, Sheet2!$A$6)+COUNTIFS(Sheet1!$B:$B, Sheet3!D$2, Sheet1!$M:$M, $C9, Sheet1!$L:$L, Sheet2!$A$7) -> 0 | F9: =COUNTIFS(Sheet1!$B:$B, Sheet3!F$2, Sheet1!$M:$M, $C9, Sheet1!$L:$L, Sheet2!$A$6)+COUNTIFS(Sheet1!$B:$B, Sheet3!F$2, Sheet1!$M:$M, $C9, Sheet1!$L:$L, Sheet2!$A$7)+COUNTIFS(Sheet1!$B:$B, Sheet3!F$2, Sheet1!$M:$M, $C9, Sheet1!$L:$L, Sheet2!$A$9) -> 0 | G9: =COUNTIFS(Sheet1!$B:$B, Sheet3!F$2, Sheet1!$M:$M, $C9, Sheet1!$L:$L, Sheet2!$A$6)+COUNTIFS(Sheet1!$B:$B, Sheet3!F$2, Sheet1!$M:$M, $C9, Sheet1!$L:$L, Sheet2!$A$7) -> 0 | H9: =COUNTIFS(Sheet1!$B:$B, Sheet3!H$2, Sheet1!$M:$M, $C9, Sheet1!$L:$L, Sheet2!$A$6)+COUNTIFS(Sheet1!$B:$B, Sheet3!H$2, Sheet1!$M:$M, $C9, Sheet1!$L:$L, Sheet2!$A$7)+COUNTIFS(Sheet1!$B:$B, Sheet3!H$2, Sheet1!$M:$M, $C9, Sheet1!$L:$L, Sheet2!$A$9) -> 0 | I9: =COUNTIFS(Sheet1!$B:$B, Sheet3!H$2, Sheet1!$M:$M, $C9, Sheet1!$L:$L, Sheet2!$A$6)+COUNTIFS(Sheet1!$B:$B, Sheet3!H$2, Sheet1!$M:$M, $C9, Sheet1!$L:$L, Sheet2!$A$7) -> 0 | J9: =COUNTIFS(Sheet1!$B:$B, Sheet3!J$2, Sheet1!$M:$M, $C9, Sheet1!$L:$L, Sheet2!$A$6)+COUNTIFS(Sheet1!$B:$B, Sheet3!J$2, Sheet1!$M:$M, $C9, Sheet1!$L:$L, Sheet2!$A$7)+COUNTIFS(Sheet1!$B:$B, Sheet3!J$2, Sheet1!$M:$M, $C9, Sheet1!$L:$L, Sheet2!$A$9) -> 0 | K9: =COUNTIFS(Sheet1!$B:$B, Sheet3!J$2, Sheet1!$M:$M, $C9, Sheet1!$L:$L, Sheet2!$A$6)+COUNTIFS(Sheet1!$B:$B, Sheet3!J$2, Sheet1!$M:$M, $C9, Sheet1!$L:$L, Sheet2!$A$7) -> 0 | L9: =COUNTIFS(Sheet1!$B:$B, Sheet3!L$2, Sheet1!$M:$M, $C9, Sheet1!$L:$L, Sheet2!$A$6)+COUNTIFS(Sheet1!$B:$B, Sheet3!L$2, Sheet1!$M:$M, $C9, Sheet1!$L:$L, Sheet2!$A$7)+COUNTIFS(Sheet1!$B:$B, Sheet3!L$2, Sheet1!$M:$M, $C9, Sheet1!$L:$L, Sheet2!$A$9) -> 0 | M9: =COUNTIFS(Sheet1!$B:$B, Sheet3!L$2, Sheet1!$M:$M, $C9, Sheet1!$L:$L, Sheet2!$A$6)+COUNTIFS(Sheet1!$B:$B, Sheet3!L$2, Sheet1!$M:$M, $C9, Sheet1!$L:$L, Sheet2!$A$7) -> 0 | N9: =COUNTIFS(Sheet1!$B:$B, Sheet3!N$2, Sheet1!$M:$M, $C9, Sheet1!$L:$L, Sheet2!$A$6)+COUNTIFS(Sheet1!$B:$B, Sheet3!N$2, Sheet1!$M:$M, $C9, Sheet1!$L:$L, Sheet2!$A$7)+COUNTIFS(Sheet1!$B:$B, Sheet3!N$2, Sheet1!$M:$M, $C9, Sheet1!$L:$L, Sheet2!$A$9) -> 0 | O9: =COUNTIFS(Sheet1!$B:$B, Sheet3!N$2, Sheet1!$M:$M, $C9, Sheet1!$L:$L, Sheet2!$A$6)+COUNTIFS(Sheet1!$B:$B, Sheet3!N$2, Sheet1!$M:$M, $C9, Sheet1!$L:$L, Sheet2!$A$7) -> 0 | P9: =COUNTIFS(Sheet1!$B:$B, Sheet3!P$2, Sheet1!$M:$M, $C9, Sheet1!$L:$L, Sheet2!$A$6)+COUNTIFS(Sheet1!$B:$B, Sheet3!P$2, Sheet1!$M:$M, $C9, Sheet1!$L:$L, Sheet2!$A$7)+COUNTIFS(Sheet1!$B:$B, Sheet3!P$2, Sheet1!$M:$M, $C9, Sheet1!$L:$L, Sheet2!$A$9) -> 0 | Q9: =COUNTIFS(Sheet1!$B:$B, Sheet3!P$2, Sheet1!$M:$M, $C9, Sheet1!$L:$L, Sheet2!$A$6)+COUNTIFS(Sheet1!$B:$B, Sheet3!P$2, Sheet1!$M:$M, $C9, Sheet1!$L:$L, Sheet2!$A$7) -> 0 | R9: =COUNTIFS(Sheet1!$B:$B, Sheet3!R$2, Sheet1!$M:$M, $C9, Sheet1!$L:$L, Sheet2!$A$6)+COUNTIFS(Sheet1!$B:$B, Sheet3!R$2, Sheet1!$M:$M, $C9, Sheet1!$L:$L, Sheet2!$A$7)+COUNTIFS(Sheet1!$B:$B, Sheet3!R$2, Sheet1!$M:$M, $C9, Sheet1!$L:$L, Sheet2!$A$9) -> 0 | S9: =COUNTIFS(Sheet1!$B:$B, Sheet3!R$2, Sheet1!$M:$M, $C9, Sheet1!$L:$L, Sheet2!$A$6)+COUNTIFS(Sheet1!$B:$B, Sheet3!R$2, Sheet1!$M:$M, $C9, Sheet1!$L:$L, Sheet2!$A$7) -> 0 | T9: =COUNTIFS(Sheet1!$B:$B, Sheet3!T$2, Sheet1!$M:$M, $C9, Sheet1!$L:$L, Sheet2!$A$6)+COUNTIFS(Sheet1!$B:$B, Sheet3!T$2, Sheet1!$M:$M, $C9, Sheet1!$L:$L, Sheet2!$A$7)+COUNTIFS(Sheet1!$B:$B, Sheet3!T$2, Sheet1!$M:$M, $C9, Sheet1!$L:$L, Sheet2!$A$9) -> 0 | U9: =COUNTIFS(Sheet1!$B:$B, Sheet3!T$2, Sheet1!$M:$M, $C9, Sheet1!$L:$L, Sheet2!$A$6)+COUNTIFS(Sheet1!$B:$B, Sheet3!T$2, Sheet1!$M:$M, $C9, Sheet1!$L:$L, Sheet2!$A$7) -> 0 | V9: =COUNTIFS(Sheet1!$B:$B, Sheet3!V$2, Sheet1!$M:$M, $C9, Sheet1!$L:$L, Sheet2!$A$6)+COUNTIFS(Sheet1!$B:$B, Sheet3!V$2, Sheet1!$M:$M, $C9, Sheet1!$L:$L, Sheet2!$A$7)+COUNTIFS(Sheet1!$B:$B, Sheet3!V$2, Sheet1!$M:$M, $C9, Sheet1!$L:$L, Sheet2!$A$9) -> 0 | W9: =COUNTIFS(Sheet1!$B:$B, Sheet3!V$2, Sheet1!$M:$M, $C9, Sheet1!$L:$L, Sheet2!$A$6)+COUNTIFS(Sheet1!$B:$B, Sheet3!V$2, Sheet1!$M:$M, $C9, Sheet1!$L:$L, Sheet2!$A$7) -> 0 | X9: =COUNTIFS(Sheet1!$B:$B, Sheet3!X$2, Sheet1!$M:$M, $C9, Sheet1!$L:$L, Sheet2!$A$6)+COUNTIFS(Sheet1!$B:$B, Sheet3!X$2, Sheet1!$M:$M, $C9, Sheet1!$L:$L, Sheet2!$A$7)+COUNTIFS(Sheet1!$B:$B, Sheet3!X$2, Sheet1!$M:$M, $C9, Sheet1!$L:$L, Sheet2!$A$9) -> 0 | Y9: =COUNTIFS(Sheet1!$B:$B, Sheet3!X$2, Sheet1!$M:$M, $C9, Sheet1!$L:$L, Sheet2!$A$6)+COUNTIFS(Sheet1!$B:$B, Sheet3!X$2, Sheet1!$M:$M, $C9, Sheet1!$L:$L, Sheet2!$A$7) -> 0 | Z9: =COUNTIFS(Sheet1!$B:$B, Sheet3!Z$2, Sheet1!$M:$M, $C9, Sheet1!$L:$L, Sheet2!$A$6)+COUNTIFS(Sheet1!$B:$B, Sheet3!Z$2, Sheet1!$M:$M, $C9, Sheet1!$L:$L, Sheet2!$A$7)+COUNTIFS(Sheet1!$B:$B, Sheet3!Z$2, Sheet1!$M:$M, $C9, Sheet1!$L:$L, Sheet2!$A$9) -> 0 | AA9: =COUNTIFS(Sheet1!$B:$B, Sheet3!Z$2, Sheet1!$M:$M, $C9, Sheet1!$L:$L, Sheet2!$A$6)+COUNTIFS(Sheet1!$B:$B, Sheet3!Z$2, Sheet1!$M:$M, $C9, Sheet1!$L:$L, Sheet2!$A$7) -> 0 | AB9: =COUNTIFS(Sheet1!$B:$B, Sheet3!AB$2, Sheet1!$M:$M, $C9, Sheet1!$L:$L, Sheet2!$A$6)+COUNTIFS(Sheet1!$B:$B, Sheet3!AB$2, Sheet1!$M:$M, $C9, Sheet1!$L:$L, Sheet2!$A$7)+COUNTIFS(Sheet1!$B:$B, Sheet3!AB$2, Sheet1!$M:$M, $C9, Sheet1!$L:$L, Sheet2!$A$9) -> 8 | AC9: =COUNTIFS(Sheet1!$B:$B, Sheet3!AB$2, Sheet1!$M:$M, $C9, Sheet1!$L:$L, Sheet2!$A$6)+COUNTIFS(Sheet1!$B:$B, Sheet3!AB$2, Sheet1!$M:$M, $C9, Sheet1!$L:$L, Sheet2!$A$7) -> 3 | AD9: =COUNTIFS(Sheet1!$B:$B, Sheet3!AD$2, Sheet1!$M:$M, $C9, Sheet1!$L:$L, Sheet2!$A$6)+COUNTIFS(Sheet1!$B:$B, Sheet3!AD$2, Sheet1!$M:$M, $C9, Sheet1!$L:$L, Sheet2!$A$7)+COUNTIFS(Sheet1!$B:$B, Sheet3!AD$2, Sheet1!$M:$M, $C9, Sheet1!$L:$L, Sheet2!$A$9) -> 2 | AE9: =COUNTIFS(Sheet1!$B:$B, Sheet3!AD$2, Sheet1!$M:$M, $C9, Sheet1!$L:$L, Sheet2!$A$6)+COUNTIFS(Sheet1!$B:$B, Sheet3!AD$2, Sheet1!$M:$M, $C9, Sheet1!$L:$L, Sheet2!$A$7) -> 1 | AF9: =COUNTIFS(Sheet1!$B:$B, Sheet3!AF$2, Sheet1!$M:$M, $C9, Sheet1!$L:$L, Sheet2!$A$6)+COUNTIFS(Sheet1!$B:$B, Sheet3!AF$2, Sheet1!$M:$M, $C9, Sheet1!$L:$L, Sheet2!$A$7)+COUNTIFS(Sheet1!$B:$B, Sheet3!AF$2, Sheet1!$M:$M, $C9, Sheet1!$L:$L, Sheet2!$A$9) -> 5 | AG9: =COUNTIFS(Sheet1!$B:$B, Sheet3!AF$2, Sheet1!$M:$M, $C9, Sheet1!$L:$L, Sheet2!$A$6)+COUNTIFS(Sheet1!$B:$B, Sheet3!AF$2, Sheet1!$M:$M, $C9, Sheet1!$L:$L, Sheet2!$A$7) -> 2 | AH9: =COUNTIFS(Sheet1!$B:$B, Sheet3!AH$2, Sheet1!$M:$M, $C9, Sheet1!$L:$L, Sheet2!$A$6)+COUNTIFS(Sheet1!$B:$B, Sheet3!AH$2, Sheet1!$M:$M, $C9, Sheet1!$L:$L, Sheet2!$A$7)+COUNTIFS(Sheet1!$B:$B, Sheet3!AH$2, Sheet1!$M:$M, $C9, Sheet1!$L:$L, Sheet2!$A$9) -> 0 | AI9: =COUNTIFS(Sheet1!$B:$B, Sheet3!AH$2, Sheet1!$M:$M, $C9, Sheet1!$L:$L, Sheet2!$A$6)+COUNTIFS(Sheet1!$B:$B, Sheet3!AH$2, Sheet1!$M:$M, $C9, Sheet1!$L:$L, Sheet2!$A$7) -> 0 | AJ9: =COUNTIFS(Sheet1!$B:$B, Sheet3!AJ$2, Sheet1!$M:$M, $C9, Sheet1!$L:$L, Sheet2!$A$6)+COUNTIFS(Sheet1!$B:$B, Sheet3!AJ$2, Sheet1!$M:$M, $C9, Sheet1!$L:$L, Sheet2!$A$7)+COUNTIFS(Sheet1!$B:$B, Sheet3!AJ$2, Sheet1!$M:$M, $C9, Sheet1!$L:$L, Sheet2!$A$9) -> 0 | AK9: =COUNTIFS(Sheet1!$B:$B, Sheet3!AJ$2, Sheet1!$M:$M, $C9, Sheet1!$L:$L, Sheet2!$A$6)+COUNTIFS(Sheet1!$B:$B, Sheet3!AJ$2, Sheet1!$M:$M, $C9, Sheet1!$L:$L, Sheet2!$A$7) -> 0 | AL9: =COUNTIFS(Sheet1!$B:$B, Sheet3!AL$2, Sheet1!$M:$M, $C9, Sheet1!$L:$L, Sheet2!$A$6)+COUNTIFS(Sheet1!$B:$B, Sheet3!AL$2, Sheet1!$M:$M, $C9, Sheet1!$L:$L, Sheet2!$A$7)+COUNTIFS(Sheet1!$B:$B, Sheet3!AL$2, Sheet1!$M:$M, $C9, Sheet1!$L:$L, Sheet2!$A$9) -> 0 | AM9: =COUNTIFS(Sheet1!$B:$B, Sheet3!AL$2, Sheet1!$M:$M, $C9, Sheet1!$L:$L, Sheet2!$A$6)+COUNTIFS(Sheet1!$B:$B, Sheet3!AL$2, Sheet1!$M:$M, $C9, Sheet1!$L:$L, Sheet2!$A$7) -> 0 | AN9: =COUNTIFS(Sheet1!$B:$B, Sheet3!AN$2, Sheet1!$M:$M, $C9, Sheet1!$L:$L, Sheet2!$A$6)+COUNTIFS(Sheet1!$B:$B, Sheet3!AN$2, Sheet1!$M:$M, $C9, Sheet1!$L:$L, Sheet2!$A$7)+COUNTIFS(Sheet1!$B:$B, Sheet3!AN$2, Sheet1!$M:$M, $C9, Sheet1!$L:$L, Sheet2!$A$9) -> 0 | AO9: =COUNTIFS(Sheet1!$B:$B, Sheet3!AN$2, Sheet1!$M:$M, $C9, Sheet1!$L:$L, Sheet2!$A$6)+COUNTIFS(Sheet1!$B:$B, Sheet3!AN$2, Sheet1!$M:$M, $C9, Sheet1!$L:$L, Sheet2!$A$7) -> 0 | AP9: =COUNTIFS(Sheet1!$B:$B, Sheet3!AP$2, Sheet1!$M:$M, $C9, Sheet1!$L:$L, Sheet2!$A$6)+COUNTIFS(Sheet1!$B:$B, Sheet3!AP$2, Sheet1!$M:$M, $C9, Sheet1!$L:$L, Sheet2!$A$7)+COUNTIFS(Sheet1!$B:$B, Sheet3!AP$2, Sheet1!$M:$M, $C9, Sheet1!$L:$L, Sheet2!$A$9) -> 0 | AQ9: =COUNTIFS(Sheet1!$B:$B, Sheet3!AP$2, Sheet1!$M:$M, $C9, Sheet1!$L:$L, Sheet2!$A$6)+COUNTIFS(Sheet1!$B:$B, Sheet3!AP$2, Sheet1!$M:$M, $C9, Sheet1!$L:$L, Sheet2!$A$7) -> 0 | AR9: =COUNTIFS(Sheet1!$B:$B, Sheet3!AR$2, Sheet1!$M:$M, $C9, Sheet1!$L:$L, Sheet2!$A$6)+COUNTIFS(Sheet1!$B:$B, Sheet3!AR$2, Sheet1!$M:$M, $C9, Sheet1!$L:$L, Sheet2!$A$7)+COUNTIFS(Sheet1!$B:$B, Sheet3!AR$2, Sheet1!$M:$M, $C9, Sheet1!$L:$L, Sheet2!$A$9) -> 0 | AS9: =COUNTIFS(Sheet1!$B:$B, Sheet3!AR$2, Sheet1!$M:$M, $C9, Sheet1!$L:$L, Sheet2!$A$6)+COUNTIFS(Sheet1!$B:$B, Sheet3!AR$2, Sheet1!$M:$M, $C9, Sheet1!$L:$L, Sheet2!$A$7) -> 0 | AT9: =COUNTIFS(Sheet1!$B:$B, Sheet3!AT$2, Sheet1!$M:$M, $C9, Sheet1!$L:$L, Sheet2!$A$6)+COUNTIFS(Sheet1!$B:$B, Sheet3!AT$2, Sheet1!$M:$M, $C9, Sheet1!$L:$L, Sheet2!$A$7)+COUNTIFS(Sheet1!$B:$B, Sheet3!AT$2, Sheet1!$M:$M, $C9, Sheet1!$L:$L, Sheet2!$A$9) -> 0 | AU9: =COUNTIFS(Sheet1!$B:$B, Sheet3!AT$2, Sheet1!$M:$M, $C9, Sheet1!$L:$L, Sheet2!$A$6)+COUNTIFS(Sheet1!$B:$B, Sheet3!AT$2, Sheet1!$M:$M, $C9, Sheet1!$L:$L, Sheet2!$A$7) -> 0 | AV9: =COUNTIFS(Sheet1!$B:$B, Sheet3!AV$2, Sheet1!$M:$M, $C9, Sheet1!$L:$L, Sheet2!$A$6)+COUNTIFS(Sheet1!$B:$B, Sheet3!AV$2, Sheet1!$M:$M, $C9, Sheet1!$L:$L, Sheet2!$A$7)+COUNTIFS(Sheet1!$B:$B, Sheet3!AV$2, Sheet1!$M:$M, $C9, Sheet1!$L:$L, Sheet2!$A$9) -> 0 | AW9: =COUNTIFS(Sheet1!$B:$B, Sheet3!AV$2, Sheet1!$M:$M, $C9, Sheet1!$L:$L, Sheet2!$A$6)+COUNTIFS(Sheet1!$B:$B, Sheet3!AV$2, Sheet1!$M:$M, $C9, Sheet1!$L:$L, Sheet2!$A$7) -> 0
A10: MONDA | B10: APU2 | C10: MONDA | D10: =COUNTIFS(Sheet1!$B:$B, Sheet3!D$2, Sheet1!$M:$M, $C10, Sheet1!$L:$L, Sheet2!$A$6)+COUNTIFS(Sheet1!$B:$B, Sheet3!D$2, Sheet1!$M:$M, $C10, Sheet1!$L:$L, Sheet2!$A$7)+COUNTIFS(Sheet1!$B:$B, Sheet3!D$2, Sheet1!$M:$M, $C10, Sheet1!$L:$L, Sheet2!$A$9) -> 0 | E10: =COUNTIFS(Sheet1!$B:$B, Sheet3!D$2, Sheet1!$M:$M, $C10, Sheet1!$L:$L, Sheet2!$A$6)+COUNTIFS(Sheet1!$B:$B, Sheet3!D$2, Sheet1!$M:$M, $C10, Sheet1!$L:$L, Sheet2!$A$7) -> 0 | F10: =COUNTIFS(Sheet1!$B:$B, Sheet3!F$2, Sheet1!$M:$M, $C10, Sheet1!$L:$L, Sheet2!$A$6)+COUNTIFS(Sheet1!$B:$B, Sheet3!F$2, Sheet1!$M:$M, $C10, Sheet1!$L:$L, Sheet2!$A$7)+COUNTIFS(Sheet1!$B:$B, Sheet3!F$2, Sheet1!$M:$M, $C10, Sheet1!$L:$L, Sheet2!$A$9) -> 0 | G10: =COUNTIFS(Sheet1!$B:$B, Sheet3!F$2, Sheet1!$M:$M, $C10, Sheet1!$L:$L, Sheet2!$A$6)+COUNTIFS(Sheet1!$B:$B, Sheet3!F$2, Sheet1!$M:$M, $C10, Sheet1!$L:$L, Sheet2!$A$7) -> 0 | H10: =COUNTIFS(Sheet1!$B:$B, Sheet3!H$2, Sheet1!$M:$M, $C10, Sheet1!$L:$L, Sheet2!$A$6)+COUNTIFS(Sheet1!$B:$B, Sheet3!H$2, Sheet1!$M:$M, $C10, Sheet1!$L:$L, Sheet2!$A$7)+COUNTIFS(Sheet1!$B:$B, Sheet3!H$2, Sheet1!$M:$M, $C10, Sheet1!$L:$L, Sheet2!$A$9) -> 0 | I10: =COUNTIFS(Sheet1!$B:$B, Sheet3!H$2, Sheet1!$M:$M, $C10, Sheet1!$L:$L, Sheet2!$A$6)+COUNTIFS(Sheet1!$B:$B, Sheet3!H$2, Sheet1!$M:$M, $C10, Sheet1!$L:$L, Sheet2!$A$7) -> 0 | J10: =COUNTIFS(Sheet1!$B:$B, Sheet3!J$2, Sheet1!$M:$M, $C10, Sheet1!$L:$L, Sheet2!$A$6)+COUNTIFS(Sheet1!$B:$B, Sheet3!J$2, Sheet1!$M:$M, $C10, Sheet1!$L:$L, Sheet2!$A$7)+COUNTIFS(Sheet1!$B:$B, Sheet3!J$2, Sheet1!$M:$M, $C10, Sheet1!$L:$L, Sheet2!$A$9) -> 0 | K10: =COUNTIFS(Sheet1!$B:$B, Sheet3!J$2, Sheet1!$M:$M, $C10, Sheet1!$L:$L, Sheet2!$A$6)+COUNTIFS(Sheet1!$B:$B, Sheet3!J$2, Sheet1!$M:$M, $C10, Sheet1!$L:$L, Sheet2!$A$7) -> 0 | L10: =COUNTIFS(Sheet1!$B:$B, Sheet3!L$2, Sheet1!$M:$M, $C10, Sheet1!$L:$L, Sheet2!$A$6)+COUNTIFS(Sheet1!$B:$B, Sheet3!L$2, Sheet1!$M:$M, $C10, Sheet1!$L:$L, Sheet2!$A$7)+COUNTIFS(Sheet1!$B:$B, Sheet3!L$2, Sheet1!$M:$M, $C10, Sheet1!$L:$L, Sheet2!$A$9) -> 0 | M10: =COUNTIFS(Sheet1!$B:$B, Sheet3!L$2, Sheet1!$M:$M, $C10, Sheet1!$L:$L, Sheet2!$A$6)+COUNTIFS(Sheet1!$B:$B, Sheet3!L$2, Sheet1!$M:$M, $C10, Sheet1!$L:$L, Sheet2!$A$7) -> 0 | N10: =COUNTIFS(Sheet1!$B:$B, Sheet3!N$2, Sheet1!$M:$M, $C10, Sheet1!$L:$L, Sheet2!$A$6)+COUNTIFS(Sheet1!$B:$B, Sheet3!N$2, Sheet1!$M:$M, $C10, Sheet1!$L:$L, Sheet2!$A$7)+COUNTIFS(Sheet1!$B:$B, Sheet3!N$2, Sheet1!$M:$M, $C10, Sheet1!$L:$L, Sheet2!$A$9) -> 0 | O10: =COUNTIFS(Sheet1!$B:$B, Sheet3!N$2, Sheet1!$M:$M, $C10, Sheet1!$L:$L, Sheet2!$A$6)+COUNTIFS(Sheet1!$B:$B, Sheet3!N$2, Sheet1!$M:$M, $C10, Sheet1!$L:$L, Sheet2!$A$7) -> 0 | P10: =COUNTIFS(Sheet1!$B:$B, Sheet3!P$2, Sheet1!$M:$M, $C10, Sheet1!$L:$L, Sheet2!$A$6)+COUNTIFS(Sheet1!$B:$B, Sheet3!P$2, Sheet1!$M:$M, $C10, Sheet1!$L:$L, Sheet2!$A$7)+COUNTIFS(Sheet1!$B:$B, Sheet3!P$2, Sheet1!$M:$M, $C10, Sheet1!$L:$L, Sheet2!$A$9) -> 0 | Q10: =COUNTIFS(Sheet1!$B:$B, Sheet3!P$2, Sheet1!$M:$M, $C10, Sheet1!$L:$L, Sheet2!$A$6)+COUNTIFS(Sheet1!$B:$B, Sheet3!P$2, Sheet1!$M:$M, $C10, Sheet1!$L:$L, Sheet2!$A$7) -> 0 | R10: =COUNTIFS(Sheet1!$B:$B, Sheet3!R$2, Sheet1!$M:$M, $C10, Sheet1!$L:$L, Sheet2!$A$6)+COUNTIFS(Sheet1!$B:$B, Sheet3!R$2, Sheet1!$M:$M, $C10, Sheet1!$L:$L, Sheet2!$A$7)+COUNTIFS(Sheet1!$B:$B, Sheet3!R$2, Sheet1!$M:$M, $C10, Sheet1!$L:$L, Sheet2!$A$9) -> 0 | S10: =COUNTIFS(Sheet1!$B:$B, Sheet3!R$2, Sheet1!$M:$M, $C10, Sheet1!$L:$L, Sheet2!$A$6)+COUNTIFS(Sheet1!$B:$B, Sheet3!R$2, Sheet1!$M:$M, $C10, Sheet1!$L:$L, Sheet2!$A$7) -> 0 | T10: =COUNTIFS(Sheet1!$B:$B, Sheet3!T$2, Sheet1!$M:$M, $C10, Sheet1!$L:$L, Sheet2!$A$6)+COUNTIFS(Sheet1!$B:$B, Sheet3!T$2, Sheet1!$M:$M, $C10, Sheet1!$L:$L, Sheet2!$A$7)+COUNTIFS(Sheet1!$B:$B, Sheet3!T$2, Sheet1!$M:$M, $C10, Sheet1!$L:$L, Sheet2!$A$9) -> 0 | U10: =COUNTIFS(Sheet1!$B:$B, Sheet3!T$2, Sheet1!$M:$M, $C10, Sheet1!$L:$L, Sheet2!$A$6)+COUNTIFS(Sheet1!$B:$B, Sheet3!T$2, Sheet1!$M:$M, $C10, Sheet1!$L:$L, Sheet2!$A$7) -> 0 | V10: =COUNTIFS(Sheet1!$B:$B, Sheet3!V$2, Sheet1!$M:$M, $C10, Sheet1!$L:$L, Sheet2!$A$6)+COUNTIFS(Sheet1!$B:$B, Sheet3!V$2, Sheet1!$M:$M, $C10, Sheet1!$L:$L, Sheet2!$A$7)+COUNTIFS(Sheet1!$B:$B, Sheet3!V$2, Sheet1!$M:$M, $C10, Sheet1!$L:$L, Sheet2!$A$9) -> 0 | W10: =COUNTIFS(Sheet1!$B:$B, Sheet3!V$2, Sheet1!$M:$M, $C10, Sheet1!$L:$L, Sheet2!$A$6)+COUNTIFS(Sheet1!$B:$B, Sheet3!V$2, Sheet1!$M:$M, $C10, Sheet1!$L:$L, Sheet2!$A$7) -> 0 | X10: =COUNTIFS(Sheet1!$B:$B, Sheet3!X$2, Sheet1!$M:$M, $C10, Sheet1!$L:$L, Sheet2!$A$6)+COUNTIFS(Sheet1!$B:$B, Sheet3!X$2, Sheet1!$M:$M, $C10, Sheet1!$L:$L, Sheet2!$A$7)+COUNTIFS(Sheet1!$B:$B, Sheet3!X$2, Sheet1!$M:$M, $C10, Sheet1!$L:$L, Sheet2!$A$9) -> 0 | Y10: =COUNTIFS(Sheet1!$B:$B, Sheet3!X$2, Sheet1!$M:$M, $C10, Sheet1!$L:$L, Sheet2!$A$6)+COUNTIFS(Sheet1!$B:$B, Sheet3!X$2, Sheet1!$M:$M, $C10, Sheet1!$L:$L, Sheet2!$A$7) -> 0 | Z10: =COUNTIFS(Sheet1!$B:$B, Sheet3!Z$2, Sheet1!$M:$M, $C10, Sheet1!$L:$L, Sheet2!$A$6)+COUNTIFS(Sheet1!$B:$B, Sheet3!Z$2, Sheet1!$M:$M, $C10, Sheet1!$L:$L, Sheet2!$A$7)+COUNTIFS(Sheet1!$B:$B, Sheet3!Z$2, Sheet1!$M:$M, $C10, Sheet1!$L:$L, Sheet2!$A$9) -> 0 | AA10: =COUNTIFS(Sheet1!$B:$B, Sheet3!Z$2, Sheet1!$M:$M, $C10, Sheet1!$L:$L, Sheet2!$A$6)+COUNTIFS(Sheet1!$B:$B, Sheet3!Z$2, Sheet1!$M:$M, $C10, Sheet1!$L:$L, Sheet2!$A$7) -> 0 | AB10: =COUNTIFS(Sheet1!$B:$B, Sheet3!AB$2, Sheet1!$M:$M, $C10, Sheet1!$L:$L, Sheet2!$A$6)+COUNTIFS(Sheet1!$B:$B, Sheet3!AB$2, Sheet1!$M:$M, $C10, Sheet1!$L:$L, Sheet2!$A$7)+COUNTIFS(Sheet1!$B:$B, Sheet3!AB$2, Sheet1!$M:$M, $C10, Sheet1!$L:$L, Sheet2!$A$9) -> 5 | AC10: =COUNTIFS(Sheet1!$B:$B, Sheet3!AB$2, Sheet1!$M:$M, $C10, Sheet1!$L:$L, Sheet2!$A$6)+COUNTIFS(Sheet1!$B:$B, Sheet3!AB$2, Sheet1!$M:$M, $C10, Sheet1!$L:$L, Sheet2!$A$7) -> 1 | AD10: =COUNTIFS(Sheet1!$B:$B, Sheet3!AD$2, Sheet1!$M:$M, $C10, Sheet1!$L:$L, Sheet2!$A$6)+COUNTIFS(Sheet1!$B:$B, Sheet3!AD$2, Sheet1!$M:$M, $C10, Sheet1!$L:$L, Sheet2!$A$7)+COUNTIFS(Sheet1!$B:$B, Sheet3!AD$2, Sheet1!$M:$M, $C10, Sheet1!$L:$L, Sheet2!$A$9) -> 4 | AE10: =COUNTIFS(Sheet1!$B:$B, Sheet3!AD$2, Sheet1!$M:$M, $C10, Sheet1!$L:$L, Sheet2!$A$6)+COUNTIFS(Sheet1!$B:$B, Sheet3!AD$2, Sheet1!$M:$M, $C10, Sheet1!$L:$L, Sheet2!$A$7) -> 2 | AF10: =COUNTIFS(Sheet1!$B:$B, Sheet3!AF$2, Sheet1!$M:$M, $C10, Sheet1!$L:$L, Sheet2!$A$6)+COUNTIFS(Sheet1!$B:$B, Sheet3!AF$2, Sheet1!$M:$M, $C10, Sheet1!$L:$L, Sheet2!$A$7)+COUNTIFS(Sheet1!$B:$B, Sheet3!AF$2, Sheet1!$M:$M, $C10, Sheet1!$L:$L, Sheet2!$A$9) -> 12 | AG10: =COUNTIFS(Sheet1!$B:$B, Sheet3!AF$2, Sheet1!$M:$M, $C10, Sheet1!$L:$L, Sheet2!$A$6)+COUNTIFS(Sheet1!$B:$B, Sheet3!AF$2, Sheet1!$M:$M, $C10, Sheet1!$L:$L, Sheet2!$A$7) -> 4 | AH10: =COUNTIFS(Sheet1!$B:$B, Sheet3!AH$2, Sheet1!$M:$M, $C10, Sheet1!$L:$L, Sheet2!$A$6)+COUNTIFS(Sheet1!$B:$B, Sheet3!AH$2, Sheet1!$M:$M, $C10, Sheet1!$L:$L, Sheet2!$A$7)+COUNTIFS(Sheet1!$B:$B, Sheet3!AH$2, Sheet1!$M:$M, $C10, Sheet1!$L:$L, Sheet2!$A$9) -> 0 | AI10: =COUNTIFS(Sheet1!$B:$B, Sheet3!AH$2, Sheet1!$M:$M, $C10, Sheet1!$L:$L, Sheet2!$A$6)+COUNTIFS(Sheet1!$B:$B, Sheet3!AH$2, Sheet1!$M:$M, $C10, Sheet1!$L:$L, Sheet2!$A$7) -> 0 | AJ10: =COUNTIFS(Sheet1!$B:$B, Sheet3!AJ$2, Sheet1!$M:$M, $C10, Sheet1!$L:$L, Sheet2!$A$6)+COUNTIFS(Sheet1!$B:$B, Sheet3!AJ$2, Sheet1!$M:$M, $C10, Sheet1!$L:$L, Sheet2!$A$7)+COUNTIFS(Sheet1!$B:$B, Sheet3!AJ$2, Sheet1!$M:$M, $C10, Sheet1!$L:$L, Sheet2!$A$9) -> 0 | AK10: =COUNTIFS(Sheet1!$B:$B, Sheet3!AJ$2, Sheet1!$M:$M, $C10, Sheet1!$L:$L, Sheet2!$A$6)+COUNTIFS(Sheet1!$B:$B, Sheet3!AJ$2, Sheet1!$M:$M, $C10, Sheet1!$L:$L, Sheet2!$A$7) -> 0 | AL10: =COUNTIFS(Sheet1!$B:$B, Sheet3!AL$2, Sheet1!$M:$M, $C10, Sheet1!$L:$L, Sheet2!$A$6)+COUNTIFS(Sheet1!$B:$B, Sheet3!AL$2, Sheet1!$M:$M, $C10, Sheet1!$L:$L, Sheet2!$A$7)+COUNTIFS(Sheet1!$B:$B, Sheet3!AL$2, Sheet1!$M:$M, $C10, Sheet1!$L:$L, Sheet2!$A$9) -> 0 | AM10: =COUNTIFS(Sheet1!$B:$B, Sheet3!AL$2, Sheet1!$M:$M, $C10, Sheet1!$L:$L, Sheet2!$A$6)+COUNTIFS(Sheet1!$B:$B, Sheet3!AL$2, Sheet1!$M:$M, $C10, Sheet1!$L:$L, Sheet2!$A$7) -> 0 | AN10: =COUNTIFS(Sheet1!$B:$B, Sheet3!AN$2, Sheet1!$M:$M, $C10, Sheet1!$L:$L, Sheet2!$A$6)+COUNTIFS(Sheet1!$B:$B, Sheet3!AN$2, Sheet1!$M:$M, $C10, Sheet1!$L:$L, Sheet2!$A$7)+COUNTIFS(Sheet1!$B:$B, Sheet3!AN$2, Sheet1!$M:$M, $C10, Sheet1!$L:$L, Sheet2!$A$9) -> 0 | AO10: =COUNTIFS(Sheet1!$B:$B, Sheet3!AN$2, Sheet1!$M:$M, $C10, Sheet1!$L:$L, Sheet2!$A$6)+COUNTIFS(Sheet1!$B:$B, Sheet3!AN$2, Sheet1!$M:$M, $C10, Sheet1!$L:$L, Sheet2!$A$7) -> 0 | AP10: =COUNTIFS(Sheet1!$B:$B, Sheet3!AP$2, Sheet1!$M:$M, $C10, Sheet1!$L:$L, Sheet2!$A$6)+COUNTIFS(Sheet1!$B:$B, Sheet3!AP$2, Sheet1!$M:$M, $C10, Sheet1!$L:$L, Sheet2!$A$7)+COUNTIFS(Sheet1!$B:$B, Sheet3!AP$2, Sheet1!$M:$M, $C10, Sheet1!$L:$L, Sheet2!$A$9) -> 0 | AQ10: =COUNTIFS(Sheet1!$B:$B, Sheet3!AP$2, Sheet1!$M:$M, $C10, Sheet1!$L:$L, Sheet2!$A$6)+COUNTIFS(Sheet1!$B:$B, Sheet3!AP$2, Sheet1!$M:$M, $C10, Sheet1!$L:$L, Sheet2!$A$7) -> 0 | AR10: =COUNTIFS(Sheet1!$B:$B, Sheet3!AR$2, Sheet1!$M:$M, $C10, Sheet1!$L:$L, Sheet2!$A$6)+COUNTIFS(Sheet1!$B:$B, Sheet3!AR$2, Sheet1!$M:$M, $C10, Sheet1!$L:$L, Sheet2!$A$7)+COUNTIFS(Sheet1!$B:$B, Sheet3!AR$2, Sheet1!$M:$M, $C10, Sheet1!$L:$L, Sheet2!$A$9) -> 0 | AS10: =COUNTIFS(Sheet1!$B:$B, Sheet3!AR$2, Sheet1!$M:$M, $C10, Sheet1!$L:$L, Sheet2!$A$6)+COUNTIFS(Sheet1!$B:$B, Sheet3!AR$2, Sheet1!$M:$M, $C10, Sheet1!$L:$L, Sheet2!$A$7) -> 0 | AT10: =COUNTIFS(Sheet1!$B:$B, Sheet3!AT$2, Sheet1!$M:$M, $C10, Sheet1!$L:$L, Sheet2!$A$6)+COUNTIFS(Sheet1!$B:$B, Sheet3!AT$2, Sheet1!$M:$M, $C10, Sheet1!$L:$L, Sheet2!$A$7)+COUNTIFS(Sheet1!$B:$B, Sheet3!AT$2, Sheet1!$M:$M, $C10, Sheet1!$L:$L, Sheet2!$A$9) -> 0 | AU10: =COUNTIFS(Sheet1!$B:$B, Sheet3!AT$2, Sheet1!$M:$M, $C10, Sheet1!$L:$L, Sheet2!$A$6)+COUNTIFS(Sheet1!$B:$B, Sheet3!AT$2, Sheet1!$M:$M, $C10, Sheet1!$L:$L, Sheet2!$A$7) -> 0 | AV10: =COUNTIFS(Sheet1!$B:$B, Sheet3!AV$2, Sheet1!$M:$M, $C10, Sheet1!$L:$L, Sheet2!$A$6)+COUNTIFS(Sheet1!$B:$B, Sheet3!AV$2, Sheet1!$M:$M, $C10, Sheet1!$L:$L, Sheet2!$A$7)+COUNTIFS(Sheet1!$B:$B, Sheet3!AV$2, Sheet1!$M:$M, $C10, Sheet1!$L:$L, Sheet2!$A$9) -> 0 | AW10: =COUNTIFS(Sheet1!$B:$B, Sheet3!AV$2, Sheet1!$M:$M, $C10, Sheet1!$L:$L, Sheet2!$A$6)+COUNTIFS(Sheet1!$B:$B, Sheet3!AV$2, Sheet1!$M:$M, $C10, Sheet1!$L:$L, Sheet2!$A$7) -> 0
A11: MONKITS | B11: APU2 | C11: MONKITS | D11: =COUNTIFS(Sheet1!$B:$B, Sheet3!D$2, Sheet1!$M:$M, $C11, Sheet1!$L:$L, Sheet2!$A$6)+COUNTIFS(Sheet1!$B:$B, Sheet3!D$2, Sheet1!$M:$M, $C11, Sheet1!$L:$L, Sheet2!$A$7)+COUNTIFS(Sheet1!$B:$B, Sheet3!D$2, Sheet1!$M:$M, $C11, Sheet1!$L:$L, Sheet2!$A$9) -> 0 | E11: =COUNTIFS(Sheet1!$B:$B, Sheet3!D$2, Sheet1!$M:$M, $C11, Sheet1!$L:$L, Sheet2!$A$6)+COUNTIFS(Sheet1!$B:$B, Sheet3!D$2, Sheet1!$M:$M, $C11, Sheet1!$L:$L, Sheet2!$A$7) -> 0 | F11: =COUNTIFS(Sheet1!$B:$B, Sheet3!F$2, Sheet1!$M:$M, $C11, Sheet1!$L:$L, Sheet2!$A$6)+COUNTIFS(Sheet1!$B:$B, Sheet3!F$2, Sheet1!$M:$M, $C11, Sheet1!$L:$L, Sheet2!$A$7)+COUNTIFS(Sheet1!$B:$B, Sheet3!F$2, Sheet1!$M:$M, $C11, Sheet1!$L:$L, Sheet2!$A$9) -> 0 | G11: =COUNTIFS(Sheet1!$B:$B, Sheet3!F$2, Sheet1!$M:$M, $C11, Sheet1!$L:$L, Sheet2!$A$6)+COUNTIFS(Sheet1!$B:$B, Sheet3!F$2, Sheet1!$M:$M, $C11, Sheet1!$L:$L, Sheet2!$A$7) -> 0 | H11: =COUNTIFS(Sheet1!$B:$B, Sheet3!H$2, Sheet1!$M:$M, $C11, Sheet1!$L:$L, Sheet2!$A$6)+COUNTIFS(Sheet1!$B:$B, Sheet3!H$2, Sheet1!$M:$M, $C11, Sheet1!$L:$L, Sheet2!$A$7)+COUNTIFS(Sheet1!$B:$B, Sheet3!H$2, Sheet1!$M:$M, $C11, Sheet1!$L:$L, Sheet2!$A$9) -> 0 | I11: =COUNTIFS(Sheet1!$B:$B, Sheet3!H$2, Sheet1!$M:$M, $C11, Sheet1!$L:$L, Sheet2!$A$6)+COUNTIFS(Sheet1!$B:$B, Sheet3!H$2, Sheet1!$M:$M, $C11, Sheet1!$L:$L, Sheet2!$A$7) -> 0 | J11: =COUNTIFS(Sheet1!$B:$B, Sheet3!J$2, Sheet1!$M:$M, $C11, Sheet1!$L:$L, Sheet2!$A$6)+COUNTIFS(Sheet1!$B:$B, Sheet3!J$2, Sheet1!$M:$M, $C11, Sheet1!$L:$L, Sheet2!$A$7)+COUNTIFS(Sheet1!$B:$B, Sheet3!J$2, Sheet1!$M:$M, $C11, Sheet1!$L:$L, Sheet2!$A$9) -> 0 | K11: =COUNTIFS(Sheet1!$B:$B, Sheet3!J$2, Sheet1!$M:$M, $C11, Sheet1!$L:$L, Sheet2!$A$6)+COUNTIFS(Sheet1!$B:$B, Sheet3!J$2, Sheet1!$M:$M, $C11, Sheet1!$L:$L, Sheet2!$A$7) -> 0 | L11: =COUNTIFS(Sheet1!$B:$B, Sheet3!L$2, Sheet1!$M:$M, $C11, Sheet1!$L:$L, Sheet2!$A$6)+COUNTIFS(Sheet1!$B:$B, Sheet3!L$2, Sheet1!$M:$M, $C11, Sheet1!$L:$L, Sheet2!$A$7)+COUNTIFS(Sheet1!$B:$B, Sheet3!L$2, Sheet1!$M:$M, $C11, Sheet1!$L:$L, Sheet2!$A$9) -> 0 | M11: =COUNTIFS(Sheet1!$B:$B, Sheet3!L$2, Sheet1!$M:$M, $C11, Sheet1!$L:$L, Sheet2!$A$6)+COUNTIFS(Sheet1!$B:$B, Sheet3!L$2, Sheet1!$M:$M, $C11, Sheet1!$L:$L, Sheet2!$A$7) -> 0 | N11: =COUNTIFS(Sheet1!$B:$B, Sheet3!N$2, Sheet1!$M:$M, $C11, Sheet1!$L:$L, Sheet2!$A$6)+COUNTIFS(Sheet1!$B:$B, Sheet3!N$2, Sheet1!$M:$M, $C11, Sheet1!$L:$L, Sheet2!$A$7)+COUNTIFS(Sheet1!$B:$B, Sheet3!N$2, Sheet1!$M:$M, $C11, Sheet1!$L:$L, Sheet2!$A$9) -> 0 | O11: =COUNTIFS(Sheet1!$B:$B, Sheet3!N$2, Sheet1!$M:$M, $C11, Sheet1!$L:$L, Sheet2!$A$6)+COUNTIFS(Sheet1!$B:$B, Sheet3!N$2, Sheet1!$M:$M, $C11, Sheet1!$L:$L, Sheet2!$A$7) -> 0 | P11: =COUNTIFS(Sheet1!$B:$B, Sheet3!P$2, Sheet1!$M:$M, $C11, Sheet1!$L:$L, Sheet2!$A$6)+COUNTIFS(Sheet1!$B:$B, Sheet3!P$2, Sheet1!$M:$M, $C11, Sheet1!$L:$L, Sheet2!$A$7)+COUNTIFS(Sheet1!$B:$B, Sheet3!P$2, Sheet1!$M:$M, $C11, Sheet1!$L:$L, Sheet2!$A$9) -> 0 | Q11: =COUNTIFS(Sheet1!$B:$B, Sheet3!P$2, Sheet1!$M:$M, $C11, Sheet1!$L:$L, Sheet2!$A$6)+COUNTIFS(Sheet1!$B:$B, Sheet3!P$2, Sheet1!$M:$M, $C11, Sheet1!$L:$L, Sheet2!$A$7) -> 0 | R11: =COUNTIFS(Sheet1!$B:$B, Sheet3!R$2, Sheet1!$M:$M, $C11, Sheet1!$L:$L, Sheet2!$A$6)+COUNTIFS(Sheet1!$B:$B, Sheet3!R$2, Sheet1!$M:$M, $C11, Sheet1!$L:$L, Sheet2!$A$7)+COUNTIFS(Sheet1!$B:$B, Sheet3!R$2, Sheet1!$M:$M, $C11, Sheet1!$L:$L, Sheet2!$A$9) -> 0 | S11: =COUNTIFS(Sheet1!$B:$B, Sheet3!R$2, Sheet1!$M:$M, $C11, Sheet1!$L:$L, Sheet2!$A$6)+COUNTIFS(Sheet1!$B:$B, Sheet3!R$2, Sheet1!$M:$M, $C11, Sheet1!$L:$L, Sheet2!$A$7) -> 0 | T11: =COUNTIFS(Sheet1!$B:$B, Sheet3!T$2, Sheet1!$M:$M, $C11, Sheet1!$L:$L, Sheet2!$A$6)+COUNTIFS(Sheet1!$B:$B, Sheet3!T$2, Sheet1!$M:$M, $C11, Sheet1!$L:$L, Sheet2!$A$7)+COUNTIFS(Sheet1!$B:$B, Sheet3!T$2, Sheet1!$M:$M, $C11, Sheet1!$L:$L, Sheet2!$A$9) -> 0 | U11: =COUNTIFS(Sheet1!$B:$B, Sheet3!T$2, Sheet1!$M:$M, $C11, Sheet1!$L:$L, Sheet2!$A$6)+COUNTIFS(Sheet1!$B:$B, Sheet3!T$2, Sheet1!$M:$M, $C11, Sheet1!$L:$L, Sheet2!$A$7) -> 0 | V11: =COUNTIFS(Sheet1!$B:$B, Sheet3!V$2, Sheet1!$M:$M, $C11, Sheet1!$L:$L, Sheet2!$A$6)+COUNTIFS(Sheet1!$B:$B, Sheet3!V$2, Sheet1!$M:$M, $C11, Sheet1!$L:$L, Sheet2!$A$7)+COUNTIFS(Sheet1!$B:$B, Sheet3!V$2, Sheet1!$M:$M, $C11, Sheet1!$L:$L, Sheet2!$A$9) -> 0 | W11: =COUNTIFS(Sheet1!$B:$B, Sheet3!V$2, Sheet1!$M:$M, $C11, Sheet1!$L:$L, Sheet2!$A$6)+COUNTIFS(Sheet1!$B:$B, Sheet3!V$2, Sheet1!$M:$M, $C11, Sheet1!$L:$L, Sheet2!$A$7) -> 0 | X11: =COUNTIFS(Sheet1!$B:$B, Sheet3!X$2, Sheet1!$M:$M, $C11, Sheet1!$L:$L, Sheet2!$A$6)+COUNTIFS(Sheet1!$B:$B, Sheet3!X$2, Sheet1!$M:$M, $C11, Sheet1!$L:$L, Sheet2!$A$7)+COUNTIFS(Sheet1!$B:$B, Sheet3!X$2, Sheet1!$M:$M, $C11, Sheet1!$L:$L, Sheet2!$A$9) -> 0 | Y11: =COUNTIFS(Sheet1!$B:$B, Sheet3!X$2, Sheet1!$M:$M, $C11, Sheet1!$L:$L, Sheet2!$A$6)+COUNTIFS(Sheet1!$B:$B, Sheet3!X$2, Sheet1!$M:$M, $C11, Sheet1!$L:$L, Sheet2!$A$7) -> 0 | Z11: =COUNTIFS(Sheet1!$B:$B, Sheet3!Z$2, Sheet1!$M:$M, $C11, Sheet1!$L:$L, Sheet2!$A$6)+COUNTIFS(Sheet1!$B:$B, Sheet3!Z$2, Sheet1!$M:$M, $C11, Sheet1!$L:$L, Sheet2!$A$7)+COUNTIFS(Sheet1!$B:$B, Sheet3!Z$2, Sheet1!$M:$M, $C11, Sheet1!$L:$L, Sheet2!$A$9) -> 0 | AA11: =COUNTIFS(Sheet1!$B:$B, Sheet3!Z$2, Sheet1!$M:$M, $C11, Sheet1!$L:$L, Sheet2!$A$6)+COUNTIFS(Sheet1!$B:$B, Sheet3!Z$2, Sheet1!$M:$M, $C11, Sheet1!$L:$L, Sheet2!$A$7) -> 0 | AB11: =COUNTIFS(Sheet1!$B:$B, Sheet3!AB$2, Sheet1!$M:$M, $C11, Sheet1!$L:$L, Sheet2!$A$6)+COUNTIFS(Sheet1!$B:$B, Sheet3!AB$2, Sheet1!$M:$M, $C11, Sheet1!$L:$L, Sheet2!$A$7)+COUNTIFS(Sheet1!$B:$B, Sheet3!AB$2, Sheet1!$M:$M, $C11, Sheet1!$L:$L, Sheet2!$A$9) -> 2 | AC11: =COUNTIFS(Sheet1!$B:$B, Sheet3!AB$2, Sheet1!$M:$M, $C11, Sheet1!$L:$L, Sheet2!$A$6)+COUNTIFS(Sheet1!$B:$B, Sheet3!AB$2, Sheet1!$M:$M, $C11, Sheet1!$L:$L, Sheet2!$A$7) -> 2 | AD11: =COUNTIFS(Sheet1!$B:$B, Sheet3!AD$2, Sheet1!$M:$M, $C11, Sheet1!$L:$L, Sheet2!$A$6)+COUNTIFS(Sheet1!$B:$B, Sheet3!AD$2, Sheet1!$M:$M, $C11, Sheet1!$L:$L, Sheet2!$A$7)+COUNTIFS(Sheet1!$B:$B, Sheet3!AD$2, Sheet1!$M:$M, $C11, Sheet1!$L:$L, Sheet2!$A$9) -> 5 | AE11: =COUNTIFS(Sheet1!$B:$B, Sheet3!AD$2, Sheet1!$M:$M, $C11, Sheet1!$L:$L, Sheet2!$A$6)+COUNTIFS(Sheet1!$B:$B, Sheet3!AD$2, Sheet1!$M:$M, $C11, Sheet1!$L:$L, Sheet2!$A$7) -> 0 | AF11: =COUNTIFS(Sheet1!$B:$B, Sheet3!AF$2, Sheet1!$M:$M, $C11, Sheet1!$L:$L, Sheet2!$A$6)+COUNTIFS(Sheet1!$B:$B, Sheet3!AF$2, Sheet1!$M:$M, $C11, Sheet1!$L:$L, Sheet2!$A$7)+COUNTIFS(Sheet1!$B:$B, Sheet3!AF$2, Sheet1!$M:$M, $C11, Sheet1!$L:$L, Sheet2!$A$9) -> 8 | AG11: =COUNTIFS(Sheet1!$B:$B, Sheet3!AF$2, Sheet1!$M:$M, $C11, Sheet1!$L:$L, Sheet2!$A$6)+COUNTIFS(Sheet1!$B:$B, Sheet3!AF$2, Sheet1!$M:$M, $C11, Sheet1!$L:$L, Sheet2!$A$7) -> 3 | AH11: =COUNTIFS(Sheet1!$B:$B, Sheet3!AH$2, Sheet1!$M:$M, $C11, Sheet1!$L:$L, Sheet2!$A$6)+COUNTIFS(Sheet1!$B:$B, Sheet3!AH$2, Sheet1!$M:$M, $C11, Sheet1!$L:$L, Sheet2!$A$7)+COUNTIFS(Sheet1!$B:$B, Sheet3!AH$2, Sheet1!$M:$M, $C11, Sheet1!$L:$L, Sheet2!$A$9) -> 0 | AI11: =COUNTIFS(Sheet1!$B:$B, Sheet3!AH$2, Sheet1!$M:$M, $C11, Sheet1!$L:$L, Sheet2!$A$6)+COUNTIFS(Sheet1!$B:$B, Sheet3!AH$2, Sheet1!$M:$M, $C11, Sheet1!$L:$L, Sheet2!$A$7) -> 0 | AJ11: =COUNTIFS(Sheet1!$B:$B, Sheet3!AJ$2, Sheet1!$M:$M, $C11, Sheet1!$L:$L, Sheet2!$A$6)+COUNTIFS(Sheet1!$B:$B, Sheet3!AJ$2, Sheet1!$M:$M, $C11, Sheet1!$L:$L, Sheet2!$A$7)+COUNTIFS(Sheet1!$B:$B, Sheet3!AJ$2, Sheet1!$M:$M, $C11, Sheet1!$L:$L, Sheet2!$A$9) -> 0 | AK11: =COUNTIFS(Sheet1!$B:$B, Sheet3!AJ$2, Sheet1!$M:$M, $C11, Sheet1!$L:$L, Sheet2!$A$6)+COUNTIFS(Sheet1!$B:$B, Sheet3!AJ$2, Sheet1!$M:$M, $C11, Sheet1!$L:$L, Sheet2!$A$7) -> 0 | AL11: =COUNTIFS(Sheet1!$B:$B, Sheet3!AL$2, Sheet1!$M:$M, $C11, Sheet1!$L:$L, Sheet2!$A$6)+COUNTIFS(Sheet1!$B:$B, Sheet3!AL$2, Sheet1!$M:$M, $C11, Sheet1!$L:$L, Sheet2!$A$7)+COUNTIFS(Sheet1!$B:$B, Sheet3!AL$2, Sheet1!$M:$M, $C11, Sheet1!$L:$L, Sheet2!$A$9) -> 0 | AM11: =COUNTIFS(Sheet1!$B:$B, Sheet3!AL$2, Sheet1!$M:$M, $C11, Sheet1!$L:$L, Sheet2!$A$6)+COUNTIFS(Sheet1!$B:$B, Sheet3!AL$2, Sheet1!$M:$M, $C11, Sheet1!$L:$L, Sheet2!$A$7) -> 0 | AN11: =COUNTIFS(Sheet1!$B:$B, Sheet3!AN$2, Sheet1!$M:$M, $C11, Sheet1!$L:$L, Sheet2!$A$6)+COUNTIFS(Sheet1!$B:$B, Sheet3!AN$2, Sheet1!$M:$M, $C11, Sheet1!$L:$L, Sheet2!$A$7)+COUNTIFS(Sheet1!$B:$B, Sheet3!AN$2, Sheet1!$M:$M, $C11, Sheet1!$L:$L, Sheet2!$A$9) -> 0 | AO11: =COUNTIFS(Sheet1!$B:$B, Sheet3!AN$2, Sheet1!$M:$M, $C11, Sheet1!$L:$L, Sheet2!$A$6)+COUNTIFS(Sheet1!$B:$B, Sheet3!AN$2, Sheet1!$M:$M, $C11, Sheet1!$L:$L, Sheet2!$A$7) -> 0 | AP11: =COUNTIFS(Sheet1!$B:$B, Sheet3!AP$2, Sheet1!$M:$M, $C11, Sheet1!$L:$L, Sheet2!$A$6)+COUNTIFS(Sheet1!$B:$B, Sheet3!AP$2, Sheet1!$M:$M, $C11, Sheet1!$L:$L, Sheet2!$A$7)+COUNTIFS(Sheet1!$B:$B, Sheet3!AP$2, Sheet1!$M:$M, $C11, Sheet1!$L:$L, Sheet2!$A$9) -> 0 | AQ11: =COUNTIFS(Sheet1!$B:$B, Sheet3!AP$2, Sheet1!$M:$M, $C11, Sheet1!$L:$L, Sheet2!$A$6)+COUNTIFS(Sheet1!$B:$B, Sheet3!AP$2, Sheet1!$M:$M, $C11, Sheet1!$L:$L, Sheet2!$A$7) -> 0 | AR11: =COUNTIFS(Sheet1!$B:$B, Sheet3!AR$2, Sheet1!$M:$M, $C11, Sheet1!$L:$L, Sheet2!$A$6)+COUNTIFS(Sheet1!$B:$B, Sheet3!AR$2, Sheet1!$M:$M, $C11, Sheet1!$L:$L, Sheet2!$A$7)+COUNTIFS(Sheet1!$B:$B, Sheet3!AR$2, Sheet1!$M:$M, $C11, Sheet1!$L:$L, Sheet2!$A$9) -> 0 | AS11: =COUNTIFS(Sheet1!$B:$B, Sheet3!AR$2, Sheet1!$M:$M, $C11, Sheet1!$L:$L, Sheet2!$A$6)+COUNTIFS(Sheet1!$B:$B, Sheet3!AR$2, Sheet1!$M:$M, $C11, Sheet1!$L:$L, Sheet2!$A$7) -> 0 | AT11: =COUNTIFS(Sheet1!$B:$B, Sheet3!AT$2, Sheet1!$M:$M, $C11, Sheet1!$L:$L, Sheet2!$A$6)+COUNTIFS(Sheet1!$B:$B, Sheet3!AT$2, Sheet1!$M:$M, $C11, Sheet1!$L:$L, Sheet2!$A$7)+COUNTIFS(Sheet1!$B:$B, Sheet3!AT$2, Sheet1!$M:$M, $C11, Sheet1!$L:$L, Sheet2!$A$9) -> 0 | AU11: =COUNTIFS(Sheet1!$B:$B, Sheet3!AT$2, Sheet1!$M:$M, $C11, Sheet1!$L:$L, Sheet2!$A$6)+COUNTIFS(Sheet1!$B:$B, Sheet3!AT$2, Sheet1!$M:$M, $C11, Sheet1!$L:$L, Sheet2!$A$7) -> 0 | AV11: =COUNTIFS(Sheet1!$B:$B, Sheet3!AV$2, Sheet1!$M:$M, $C11, Sheet1!$L:$L, Sheet2!$A$6)+COUNTIFS(Sheet1!$B:$B, Sheet3!AV$2, Sheet1!$M:$M, $C11, Sheet1!$L:$L, Sheet2!$A$7)+COUNTIFS(Sheet1!$B:$B, Sheet3!AV$2, Sheet1!$M:$M, $C11, Sheet1!$L:$L, Sheet2!$A$9) -> 0 | AW11: =COUNTIFS(Sheet1!$B:$B, Sheet3!AV$2, Sheet1!$M:$M, $C11, Sheet1!$L:$L, Sheet2!$A$6)+COUNTIFS(Sheet1!$B:$B, Sheet3!AV$2, Sheet1!$M:$M, $C11, Sheet1!$L:$L, Sheet2!$A$7) -> 0
A12: MONPLENUM | B12: APU2 | C12: MONPLENUM | D12: =COUNTIFS(Sheet1!$B:$B, Sheet3!D$2, Sheet1!$M:$M, $C12, Sheet1!$L:$L, Sheet2!$A$6)+COUNTIFS(Sheet1!$B:$B, Sheet3!D$2, Sheet1!$M:$M, $C12, Sheet1!$L:$L, Sheet2!$A$7)+COUNTIFS(Sheet1!$B:$B, Sheet3!D$2, Sheet1!$M:$M, $C12, Sheet1!$L:$L, Sheet2!$A$9) -> 0 | E12: =COUNTIFS(Sheet1!$B:$B, Sheet3!D$2, Sheet1!$M:$M, $C12, Sheet1!$L:$L, Sheet2!$A$6)+COUNTIFS(Sheet1!$B:$B, Sheet3!D$2, Sheet1!$M:$M, $C12, Sheet1!$L:$L, Sheet2!$A$7) -> 0 | F12: =COUNTIFS(Sheet1!$B:$B, Sheet3!F$2, Sheet1!$M:$M, $C12, Sheet1!$L:$L, Sheet2!$A$6)+COUNTIFS(Sheet1!$B:$B, Sheet3!F$2, Sheet1!$M:$M, $C12, Sheet1!$L:$L, Sheet2!$A$7)+COUNTIFS(Sheet1!$B:$B, Sheet3!F$2, Sheet1!$M:$M, $C12, Sheet1!$L:$L, Sheet2!$A$9) -> 0 | G12: =COUNTIFS(Sheet1!$B:$B, Sheet3!F$2, Sheet1!$M:$M, $C12, Sheet1!$L:$L, Sheet2!$A$6)+COUNTIFS(Sheet1!$B:$B, Sheet3!F$2, Sheet1!$M:$M, $C12, Sheet1!$L:$L, Sheet2!$A$7) -> 0 | H12: =COUNTIFS(Sheet1!$B:$B, Sheet3!H$2, Sheet1!$M:$M, $C12, Sheet1!$L:$L, Sheet2!$A$6)+COUNTIFS(Sheet1!$B:$B, Sheet3!H$2, Sheet1!$M:$M, $C12, Sheet1!$L:$L, Sheet2!$A$7)+COUNTIFS(Sheet1!$B:$B, Sheet3!H$2, Sheet1!$M:$M, $C12, Sheet1!$L:$L, Sheet2!$A$9) -> 0 | I12: =COUNTIFS(Sheet1!$B:$B, Sheet3!H$2, Sheet1!$M:$M, $C12, Sheet1!$L:$L, Sheet2!$A$6)+COUNTIFS(Sheet1!$B:$B, Sheet3!H$2, Sheet1!$M:$M, $C12, Sheet1!$L:$L, Sheet2!$A$7) -> 0 | J12: =COUNTIFS(Sheet1!$B:$B, Sheet3!J$2, Sheet1!$M:$M, $C12, Sheet1!$L:$L, Sheet2!$A$6)+COUNTIFS(Sheet1!$B:$B, Sheet3!J$2, Sheet1!$M:$M, $C12, Sheet1!$L:$L, Sheet2!$A$7)+COUNTIFS(Sheet1!$B:$B, Sheet3!J$2, Sheet1!$M:$M, $C12, Sheet1!$L:$L, Sheet2!$A$9) -> 0 | K12: =COUNTIFS(Sheet1!$B:$B, Sheet3!J$2, Sheet1!$M:$M, $C12, Sheet1!$L:$L, Sheet2!$A$6)+COUNTIFS(Sheet1!$B:$B, Sheet3!J$2, Sheet1!$M:$M, $C12, Sheet1!$L:$L, Sheet2!$A$7) -> 0 | L12: =COUNTIFS(Sheet1!$B:$B, Sheet3!L$2, Sheet1!$M:$M, $C12, Sheet1!$L:$L, Sheet2!$A$6)+COUNTIFS(Sheet1!$B:$B, Sheet3!L$2, Sheet1!$M:$M, $C12, Sheet1!$L:$L, Sheet2!$A$7)+COUNTIFS(Sheet1!$B:$B, Sheet3!L$2, Sheet1!$M:$M, $C12, Sheet1!$L:$L, Sheet2!$A$9) -> 0 | M12: =COUNTIFS(Sheet1!$B:$B, Sheet3!L$2, Sheet1!$M:$M, $C12, Sheet1!$L:$L, Sheet2!$A$6)+COUNTIFS(Sheet1!$B:$B, Sheet3!L$2, Sheet1!$M:$M, $C12, Sheet1!$L:$L, Sheet2!$A$7) -> 0 | N12: =COUNTIFS(Sheet1!$B:$B, Sheet3!N$2, Sheet1!$M:$M, $C12, Sheet1!$L:$L, Sheet2!$A$6)+COUNTIFS(Sheet1!$B:$B, Sheet3!N$2, Sheet1!$M:$M, $C12, Sheet1!$L:$L, Sheet2!$A$7)+COUNTIFS(Sheet1!$B:$B, Sheet3!N$2, Sheet1!$M:$M, $C12, Sheet1!$L:$L, Sheet2!$A$9) -> 0 | O12: =COUNTIFS(Sheet1!$B:$B, Sheet3!N$2, Sheet1!$M:$M, $C12, Sheet1!$L:$L, Sheet2!$A$6)+COUNTIFS(Sheet1!$B:$B, Sheet3!N$2, Sheet1!$M:$M, $C12, Sheet1!$L:$L, Sheet2!$A$7) -> 0 | P12: =COUNTIFS(Sheet1!$B:$B, Sheet3!P$2, Sheet1!$M:$M, $C12, Sheet1!$L:$L, Sheet2!$A$6)+COUNTIFS(Sheet1!$B:$B, Sheet3!P$2, Sheet1!$M:$M, $C12, Sheet1!$L:$L, Sheet2!$A$7)+COUNTIFS(Sheet1!$B:$B, Sheet3!P$2, Sheet1!$M:$M, $C12, Sheet1!$L:$L, Sheet2!$A$9) -> 0 | Q12: =COUNTIFS(Sheet1!$B:$B, Sheet3!P$2, Sheet1!$M:$M, $C12, Sheet1!$L:$L, Sheet2!$A$6)+COUNTIFS(Sheet1!$B:$B, Sheet3!P$2, Sheet1!$M:$M, $C12, Sheet1!$L:$L, Sheet2!$A$7) -> 0 | R12: =COUNTIFS(Sheet1!$B:$B, Sheet3!R$2, Sheet1!$M:$M, $C12, Sheet1!$L:$L, Sheet2!$A$6)+COUNTIFS(Sheet1!$B:$B, Sheet3!R$2, Sheet1!$M:$M, $C12, Sheet1!$L:$L, Sheet2!$A$7)+COUNTIFS(Sheet1!$B:$B, Sheet3!R$2, Sheet1!$M:$M, $C12, Sheet1!$L:$L, Sheet2!$A$9) -> 0 | S12: =COUNTIFS(Sheet1!$B:$B, Sheet3!R$2, Sheet1!$M:$M, $C12, Sheet1!$L:$L, Sheet2!$A$6)+COUNTIFS(Sheet1!$B:$B, Sheet3!R$2, Sheet1!$M:$M, $C12, Sheet1!$L:$L, Sheet2!$A$7) -> 0 | T12: =COUNTIFS(Sheet1!$B:$B, Sheet3!T$2, Sheet1!$M:$M, $C12, Sheet1!$L:$L, Sheet2!$A$6)+COUNTIFS(Sheet1!$B:$B, Sheet3!T$2, Sheet1!$M:$M, $C12, Sheet1!$L:$L, Sheet2!$A$7)+COUNTIFS(Sheet1!$B:$B, Sheet3!T$2, Sheet1!$M:$M, $C12, Sheet1!$L:$L, Sheet2!$A$9) -> 0 | U12: =COUNTIFS(Sheet1!$B:$B, Sheet3!T$2, Sheet1!$M:$M, $C12, Sheet1!$L:$L, Sheet2!$A$6)+COUNTIFS(Sheet1!$B:$B, Sheet3!T$2, Sheet1!$M:$M, $C12, Sheet1!$L:$L, Sheet2!$A$7) -> 0 | V12: =COUNTIFS(Sheet1!$B:$B, Sheet3!V$2, Sheet1!$M:$M, $C12, Sheet1!$L:$L, Sheet2!$A$6)+COUNTIFS(Sheet1!$B:$B, Sheet3!V$2, Sheet1!$M:$M, $C12, Sheet1!$L:$L, Sheet2!$A$7)+COUNTIFS(Sheet1!$B:$B, Sheet3!V$2, Sheet1!$M:$M, $C12, Sheet1!$L:$L, Sheet2!$A$9) -> 0 | W12: =COUNTIFS(Sheet1!$B:$B, Sheet3!V$2, Sheet1!$M:$M, $C12, Sheet1!$L:$L, Sheet2!$A$6)+COUNTIFS(Sheet1!$B:$B, Sheet3!V$2, Sheet1!$M:$M, $C12, Sheet1!$L:$L, Sheet2!$A$7) -> 0 | X12: =COUNTIFS(Sheet1!$B:$B, Sheet3!X$2, Sheet1!$M:$M, $C12, Sheet1!$L:$L, Sheet2!$A$6)+COUNTIFS(Sheet1!$B:$B, Sheet3!X$2, Sheet1!$M:$M, $C12, Sheet1!$L:$L, Sheet2!$A$7)+COUNTIFS(Sheet1!$B:$B, Sheet3!X$2, Sheet1!$M:$M, $C12, Sheet1!$L:$L, Sheet2!$A$9) -> 0 | Y12: =COUNTIFS(Sheet1!$B:$B, Sheet3!X$2, Sheet1!$M:$M, $C12, Sheet1!$L:$L, Sheet2!$A$6)+COUNTIFS(Sheet1!$B:$B, Sheet3!X$2, Sheet1!$M:$M, $C12, Sheet1!$L:$L, Sheet2!$A$7) -> 0 | Z12: =COUNTIFS(Sheet1!$B:$B, Sheet3!Z$2, Sheet1!$M:$M, $C12, Sheet1!$L:$L, Sheet2!$A$6)+COUNTIFS(Sheet1!$B:$B, Sheet3!Z$2, Sheet1!$M:$M, $C12, Sheet1!$L:$L, Sheet2!$A$7)+COUNTIFS(Sheet1!$B:$B, Sheet3!Z$2, Sheet1!$M:$M, $C12, Sheet1!$L:$L, Sheet2!$A$9) -> 0 | AA12: =COUNTIFS(Sheet1!$B:$B, Sheet3!Z$2, Sheet1!$M:$M, $C12, Sheet1!$L:$L, Sheet2!$A$6)+COUNTIFS(Sheet1!$B:$B, Sheet3!Z$2, Sheet1!$M:$M, $C12, Sheet1!$L:$L, Sheet2!$A$7) -> 0 | AB12: =COUNTIFS(Sheet1!$B:$B, Sheet3!AB$2, Sheet1!$M:$M, $C12, Sheet1!$L:$L, Sheet2!$A$6)+COUNTIFS(Sheet1!$B:$B, Sheet3!AB$2, Sheet1!$M:$M, $C12, Sheet1!$L:$L, Sheet2!$A$7)+COUNTIFS(Sheet1!$B:$B, Sheet3!AB$2, Sheet1!$M:$M, $C12, Sheet1!$L:$L, Sheet2!$A$9) -> 5 | AC12: =COUNTIFS(Sheet1!$B:$B, Sheet3!AB$2, Sheet1!$M:$M, $C12, Sheet1!$L:$L, Sheet2!$A$6)+COUNTIFS(Sheet1!$B:$B, Sheet3!AB$2, Sheet1!$M:$M, $C12, Sheet1!$L:$L, Sheet2!$A$7) -> 2 | AD12: =COUNTIFS(Sheet1!$B:$B, Sheet3!AD$2, Sheet1!$M:$M, $C12, Sheet1!$L:$L, Sheet2!$A$6)+COUNTIFS(Sheet1!$B:$B, Sheet3!AD$2, Sheet1!$M:$M, $C12, Sheet1!$L:$L, Sheet2!$A$7)+COUNTIFS(Sheet1!$B:$B, Sheet3!AD$2, Sheet1!$M:$M, $C12, Sheet1!$L:$L, Sheet2!$A$9) -> 2 | AE12: =COUNTIFS(Sheet1!$B:$B, Sheet3!AD$2, Sheet1!$M:$M, $C12, Sheet1!$L:$L, Sheet2!$A$6)+COUNTIFS(Sheet1!$B:$B, Sheet3!AD$2, Sheet1!$M:$M, $C12, Sheet1!$L:$L, Sheet2!$A$7) -> 2 | AF12: =COUNTIFS(Sheet1!$B:$B, Sheet3!AF$2, Sheet1!$M:$M, $C12, Sheet1!$L:$L, Sheet2!$A$6)+COUNTIFS(Sheet1!$B:$B, Sheet3!AF$2, Sheet1!$M:$M, $C12, Sheet1!$L:$L, Sheet2!$A$7)+COUNTIFS(Sheet1!$B:$B, Sheet3!AF$2, Sheet1!$M:$M, $C12, Sheet1!$L:$L, Sheet2!$A$9) -> 3 | AG12: =COUNTIFS(Sheet1!$B:$B, Sheet3!AF$2, Sheet1!$M:$M, $C12, Sheet1!$L:$L, Sheet2!$A$6)+COUNTIFS(Sheet1!$B:$B, Sheet3!AF$2, Sheet1!$M:$M, $C12, Sheet1!$L:$L, Sheet2!$A$7) -> 0 | AH12: =COUNTIFS(Sheet1!$B:$B, Sheet3!AH$2, Sheet1!$M:$M, $C12, Sheet1!$L:$L, Sheet2!$A$6)+COUNTIFS(Sheet1!$B:$B, Sheet3!AH$2, Sheet1!$M:$M, $C12, Sheet1!$L:$L, Sheet2!$A$7)+COUNTIFS(Sheet1!$B:$B, Sheet3!AH$2, Sheet1!$M:$M, $C12, Sheet1!$L:$L, Sheet2!$A$9) -> 0 | AI12: =COUNTIFS(Sheet1!$B:$B, Sheet3!AH$2, Sheet1!$M:$M, $C12, Sheet1!$L:$L, Sheet2!$A$6)+COUNTIFS(Sheet1!$B:$B, Sheet3!AH$2, Sheet1!$M:$M, $C12, Sheet1!$L:$L, Sheet2!$A$7) -> 0 | AJ12: =COUNTIFS(Sheet1!$B:$B, Sheet3!AJ$2, Sheet1!$M:$M, $C12, Sheet1!$L:$L, Sheet2!$A$6)+COUNTIFS(Sheet1!$B:$B, Sheet3!AJ$2, Sheet1!$M:$M, $C12, Sheet1!$L:$L, Sheet2!$A$7)+COUNTIFS(Sheet1!$B:$B, Sheet3!AJ$2, Sheet1!$M:$M, $C12, Sheet1!$L:$L, Sheet2!$A$9) -> 0 | AK12: =COUNTIFS(Sheet1!$B:$B, Sheet3!AJ$2, Sheet1!$M:$M, $C12, Sheet1!$L:$L, Sheet2!$A$6)+COUNTIFS(Sheet1!$B:$B, Sheet3!AJ$2, Sheet1!$M:$M, $C12, Sheet1!$L:$L, Sheet2!$A$7) -> 0 | AL12: =COUNTIFS(Sheet1!$B:$B, Sheet3!AL$2, Sheet1!$M:$M, $C12, Sheet1!$L:$L, Sheet2!$A$6)+COUNTIFS(Sheet1!$B:$B, Sheet3!AL$2, Sheet1!$M:$M, $C12, Sheet1!$L:$L, Sheet2!$A$7)+COUNTIFS(Sheet1!$B:$B, Sheet3!AL$2, Sheet1!$M:$M, $C12, Sheet1!$L:$L, Sheet2!$A$9) -> 0 | AM12: =COUNTIFS(Sheet1!$B:$B, Sheet3!AL$2, Sheet1!$M:$M, $C12, Sheet1!$L:$L, Sheet2!$A$6)+COUNTIFS(Sheet1!$B:$B, Sheet3!AL$2, Sheet1!$M:$M, $C12, Sheet1!$L:$L, Sheet2!$A$7) -> 0 | AN12: =COUNTIFS(Sheet1!$B:$B, Sheet3!AN$2, Sheet1!$M:$M, $C12, Sheet1!$L:$L, Sheet2!$A$6)+COUNTIFS(Sheet1!$B:$B, Sheet3!AN$2, Sheet1!$M:$M, $C12, Sheet1!$L:$L, Sheet2!$A$7)+COUNTIFS(Sheet1!$B:$B, Sheet3!AN$2, Sheet1!$M:$M, $C12, Sheet1!$L:$L, Sheet2!$A$9) -> 0 | AO12: =COUNTIFS(Sheet1!$B:$B, Sheet3!AN$2, Sheet1!$M:$M, $C12, Sheet1!$L:$L, Sheet2!$A$6)+COUNTIFS(Sheet1!$B:$B, Sheet3!AN$2, Sheet1!$M:$M, $C12, Sheet1!$L:$L, Sheet2!$A$7) -> 0 | AP12: =COUNTIFS(Sheet1!$B:$B, Sheet3!AP$2, Sheet1!$M:$M, $C12, Sheet1!$L:$L, Sheet2!$A$6)+COUNTIFS(Sheet1!$B:$B, Sheet3!AP$2, Sheet1!$M:$M, $C12, Sheet1!$L:$L, Sheet2!$A$7)+COUNTIFS(Sheet1!$B:$B, Sheet3!AP$2, Sheet1!$M:$M, $C12, Sheet1!$L:$L, Sheet2!$A$9) -> 0 | AQ12: =COUNTIFS(Sheet1!$B:$B, Sheet3!AP$2, Sheet1!$M:$M, $C12, Sheet1!$L:$L, Sheet2!$A$6)+COUNTIFS(Sheet1!$B:$B, Sheet3!AP$2, Sheet1!$M:$M, $C12, Sheet1!$L:$L, Sheet2!$A$7) -> 0 | AR12: =COUNTIFS(Sheet1!$B:$B, Sheet3!AR$2, Sheet1!$M:$M, $C12, Sheet1!$L:$L, Sheet2!$A$6)+COUNTIFS(Sheet1!$B:$B, Sheet3!AR$2, Sheet1!$M:$M, $C12, Sheet1!$L:$L, Sheet2!$A$7)+COUNTIFS(Sheet1!$B:$B, Sheet3!AR$2, Sheet1!$M:$M, $C12, Sheet1!$L:$L, Sheet2!$A$9) -> 0 | AS12: =COUNTIFS(Sheet1!$B:$B, Sheet3!AR$2, Sheet1!$M:$M, $C12, Sheet1!$L:$L, Sheet2!$A$6)+COUNTIFS(Sheet1!$B:$B, Sheet3!AR$2, Sheet1!$M:$M, $C12, Sheet1!$L:$L, Sheet2!$A$7) -> 0 | AT12: =COUNTIFS(Sheet1!$B:$B, Sheet3!AT$2, Sheet1!$M:$M, $C12, Sheet1!$L:$L, Sheet2!$A$6)+COUNTIFS(Sheet1!$B:$B, Sheet3!AT$2, Sheet1!$M:$M, $C12, Sheet1!$L:$L, Sheet2!$A$7)+COUNTIFS(Sheet1!$B:$B, Sheet3!AT$2, Sheet1!$M:$M, $C12, Sheet1!$L:$L, Sheet2!$A$9) -> 0 | AU12: =COUNTIFS(Sheet1!$B:$B, Sheet3!AT$2, Sheet1!$M:$M, $C12, Sheet1!$L:$L, Sheet2!$A$6)+COUNTIFS(Sheet1!$B:$B, Sheet3!AT$2, Sheet1!$M:$M, $C12, Sheet1!$L:$L, Sheet2!$A$7) -> 0 | AV12: =COUNTIFS(Sheet1!$B:$B, Sheet3!AV$2, Sheet1!$M:$M, $C12, Sheet1!$L:$L, Sheet2!$A$6)+COUNTIFS(Sheet1!$B:$B, Sheet3!AV$2, Sheet1!$M:$M, $C12, Sheet1!$L:$L, Sheet2!$A$7)+COUNTIFS(Sheet1!$B:$B, Sheet3!AV$2, Sheet1!$M:$M, $C12, Sheet1!$L:$L, Sheet2!$A$9) -> 0 | AW12: =COUNTIFS(Sheet1!$B:$B, Sheet3!AV$2, Sheet1!$M:$M, $C12, Sheet1!$L:$L, Sheet2!$A$6)+COUNTIFS(Sheet1!$B:$B, Sheet3!AV$2, Sheet1!$M:$M, $C12, Sheet1!$L:$L, Sheet2!$A$7) -> 0
A13: MONPRE | B13: APU2 | C13: MONPRE | D13: =COUNTIFS(Sheet1!$B:$B, Sheet3!D$2, Sheet1!$M:$M, $C13, Sheet1!$L:$L, Sheet2!$A$6)+COUNTIFS(Sheet1!$B:$B, Sheet3!D$2, Sheet1!$M:$M, $C13, Sheet1!$L:$L, Sheet2!$A$7)+COUNTIFS(Sheet1!$B:$B, Sheet3!D$2, Sheet1!$M:$M, $C13, Sheet1!$L:$L, Sheet2!$A$9) -> 0 | E13: =COUNTIFS(Sheet1!$B:$B, Sheet3!D$2, Sheet1!$M:$M, $C13, Sheet1!$L:$L, Sheet2!$A$6)+COUNTIFS(Sheet1!$B:$B, Sheet3!D$2, Sheet1!$M:$M, $C13, Sheet1!$L:$L, Sheet2!$A$7) -> 0 | F13: =COUNTIFS(Sheet1!$B:$B, Sheet3!F$2, Sheet1!$M:$M, $C13, Sheet1!$L:$L, Sheet2!$A$6)+COUNTIFS(Sheet1!$B:$B, Sheet3!F$2, Sheet1!$M:$M, $C13, Sheet1!$L:$L, Sheet2!$A$7)+COUNTIFS(Sheet1!$B:$B, Sheet3!F$2, Sheet1!$M:$M, $C13, Sheet1!$L:$L, Sheet2!$A$9) -> 0 | G13: =COUNTIFS(Sheet1!$B:$B, Sheet3!F$2, Sheet1!$M:$M, $C13, Sheet1!$L:$L, Sheet2!$A$6)+COUNTIFS(Sheet1!$B:$B, Sheet3!F$2, Sheet1!$M:$M, $C13, Sheet1!$L:$L, Sheet2!$A$7) -> 0 | H13: =COUNTIFS(Sheet1!$B:$B, Sheet3!H$2, Sheet1!$M:$M, $C13, Sheet1!$L:$L, Sheet2!$A$6)+COUNTIFS(Sheet1!$B:$B, Sheet3!H$2, Sheet1!$M:$M, $C13, Sheet1!$L:$L, Sheet2!$A$7)+COUNTIFS(Sheet1!$B:$B, Sheet3!H$2, Sheet1!$M:$M, $C13, Sheet1!$L:$L, Sheet2!$A$9) -> 0 | I13: =COUNTIFS(Sheet1!$B:$B, Sheet3!H$2, Sheet1!$M:$M, $C13, Sheet1!$L:$L, Sheet2!$A$6)+COUNTIFS(Sheet1!$B:$B, Sheet3!H$2, Sheet1!$M:$M, $C13, Sheet1!$L:$L, Sheet2!$A$7) -> 0 | J13: =COUNTIFS(Sheet1!$B:$B, Sheet3!J$2, Sheet1!$M:$M, $C13, Sheet1!$L:$L, Sheet2!$A$6)+COUNTIFS(Sheet1!$B:$B, Sheet3!J$2, Sheet1!$M:$M, $C13, Sheet1!$L:$L, Sheet2!$A$7)+COUNTIFS(Sheet1!$B:$B, Sheet3!J$2, Sheet1!$M:$M, $C13, Sheet1!$L:$L, Sheet2!$A$9) -> 0 | K13: =COUNTIFS(Sheet1!$B:$B, Sheet3!J$2, Sheet1!$M:$M, $C13, Sheet1!$L:$L, Sheet2!$A$6)+COUNTIFS(Sheet1!$B:$B, Sheet3!J$2, Sheet1!$M:$M, $C13, Sheet1!$L:$L, Sheet2!$A$7) -> 0 | L13: =COUNTIFS(Sheet1!$B:$B, Sheet3!L$2, Sheet1!$M:$M, $C13, Sheet1!$L:$L, Sheet2!$A$6)+COUNTIFS(Sheet1!$B:$B, Sheet3!L$2, Sheet1!$M:$M, $C13, Sheet1!$L:$L, Sheet2!$A$7)+COUNTIFS(Sheet1!$B:$B, Sheet3!L$2, Sheet1!$M:$M, $C13, Sheet1!$L:$L, Sheet2!$A$9) -> 0 | M13: =COUNTIFS(Sheet1!$B:$B, Sheet3!L$2, Sheet1!$M:$M, $C13, Sheet1!$L:$L, Sheet2!$A$6)+COUNTIFS(Sheet1!$B:$B, Sheet3!L$2, Sheet1!$M:$M, $C13, Sheet1!$L:$L, Sheet2!$A$7) -> 0 | N13: =COUNTIFS(Sheet1!$B:$B, Sheet3!N$2, Sheet1!$M:$M, $C13, Sheet1!$L:$L, Sheet2!$A$6)+COUNTIFS(Sheet1!$B:$B, Sheet3!N$2, Sheet1!$M:$M, $C13, Sheet1!$L:$L, Sheet2!$A$7)+COUNTIFS(Sheet1!$B:$B, Sheet3!N$2, Sheet1!$M:$M, $C13, Sheet1!$L:$L, Sheet2!$A$9) -> 0 | O13: =COUNTIFS(Sheet1!$B:$B, Sheet3!N$2, Sheet1!$M:$M, $C13, Sheet1!$L:$L, Sheet2!$A$6)+COUNTIFS(Sheet1!$B:$B, Sheet3!N$2, Sheet1!$M:$M, $C13, Sheet1!$L:$L, Sheet2!$A$7) -> 0 | P13: =COUNTIFS(Sheet1!$B:$B, Sheet3!P$2, Sheet1!$M:$M, $C13, Sheet1!$L:$L, Sheet2!$A$6)+COUNTIFS(Sheet1!$B:$B, Sheet3!P$2, Sheet1!$M:$M, $C13, Sheet1!$L:$L, Sheet2!$A$7)+COUNTIFS(Sheet1!$B:$B, Sheet3!P$2, Sheet1!$M:$M, $C13, Sheet1!$L:$L, Sheet2!$A$9) -> 0 | Q13: =COUNTIFS(Sheet1!$B:$B, Sheet3!P$2, Sheet1!$M:$M, $C13, Sheet1!$L:$L, Sheet2!$A$6)+COUNTIFS(Sheet1!$B:$B, Sheet3!P$2, Sheet1!$M:$M, $C13, Sheet1!$L:$L, Sheet2!$A$7) -> 0 | R13: =COUNTIFS(Sheet1!$B:$B, Sheet3!R$2, Sheet1!$M:$M, $C13, Sheet1!$L:$L, Sheet2!$A$6)+COUNTIFS(Sheet1!$B:$B, Sheet3!R$2, Sheet1!$M:$M, $C13, Sheet1!$L:$L, Sheet2!$A$7)+COUNTIFS(Sheet1!$B:$B, Sheet3!R$2, Sheet1!$M:$M, $C13, Sheet1!$L:$L, Sheet2!$A$9) -> 0 | S13: =COUNTIFS(Sheet1!$B:$B, Sheet3!R$2, Sheet1!$M:$M, $C13, Sheet1!$L:$L, Sheet2!$A$6)+COUNTIFS(Sheet1!$B:$B, Sheet3!R$2, Sheet1!$M:$M, $C13, Sheet1!$L:$L, Sheet2!$A$7) -> 0 | T13: =COUNTIFS(Sheet1!$B:$B, Sheet3!T$2, Sheet1!$M:$M, $C13, Sheet1!$L:$L, Sheet2!$A$6)+COUNTIFS(Sheet1!$B:$B, Sheet3!T$2, Sheet1!$M:$M, $C13, Sheet1!$L:$L, Sheet2!$A$7)+COUNTIFS(Sheet1!$B:$B, Sheet3!T$2, Sheet1!$M:$M, $C13, Sheet1!$L:$L, Sheet2!$A$9) -> 0 | U13: =COUNTIFS(Sheet1!$B:$B, Sheet3!T$2, Sheet1!$M:$M, $C13, Sheet1!$L:$L, Sheet2!$A$6)+COUNTIFS(Sheet1!$B:$B, Sheet3!T$2, Sheet1!$M:$M, $C13, Sheet1!$L:$L, Sheet2!$A$7) -> 0 | V13: =COUNTIFS(Sheet1!$B:$B, Sheet3!V$2, Sheet1!$M:$M, $C13, Sheet1!$L:$L, Sheet2!$A$6)+COUNTIFS(Sheet1!$B:$B, Sheet3!V$2, Sheet1!$M:$M, $C13, Sheet1!$L:$L, Sheet2!$A$7)+COUNTIFS(Sheet1!$B:$B, Sheet3!V$2, Sheet1!$M:$M, $C13, Sheet1!$L:$L, Sheet2!$A$9) -> 0 | W13: =COUNTIFS(Sheet1!$B:$B, Sheet3!V$2, Sheet1!$M:$M, $C13, Sheet1!$L:$L, Sheet2!$A$6)+COUNTIFS(Sheet1!$B:$B, Sheet3!V$2, Sheet1!$M:$M, $C13, Sheet1!$L:$L, Sheet2!$A$7) -> 0 | X13: =COUNTIFS(Sheet1!$B:$B, Sheet3!X$2, Sheet1!$M:$M, $C13, Sheet1!$L:$L, Sheet2!$A$6)+COUNTIFS(Sheet1!$B:$B, Sheet3!X$2, Sheet1!$M:$M, $C13, Sheet1!$L:$L, Sheet2!$A$7)+COUNTIFS(Sheet1!$B:$B, Sheet3!X$2, Sheet1!$M:$M, $C13, Sheet1!$L:$L, Sheet2!$A$9) -> 0 | Y13: =COUNTIFS(Sheet1!$B:$B, Sheet3!X$2, Sheet1!$M:$M, $C13, Sheet1!$L:$L, Sheet2!$A$6)+COUNTIFS(Sheet1!$B:$B, Sheet3!X$2, Sheet1!$M:$M, $C13, Sheet1!$L:$L, Sheet2!$A$7) -> 0 | Z13: =COUNTIFS(Sheet1!$B:$B, Sheet3!Z$2, Sheet1!$M:$M, $C13, Sheet1!$L:$L, Sheet2!$A$6)+COUNTIFS(Sheet1!$B:$B, Sheet3!Z$2, Sheet1!$M:$M, $C13, Sheet1!$L:$L, Sheet2!$A$7)+COUNTIFS(Sheet1!$B:$B, Sheet3!Z$2, Sheet1!$M:$M, $C13, Sheet1!$L:$L, Sheet2!$A$9) -> 0 | AA13: =COUNTIFS(Sheet1!$B:$B, Sheet3!Z$2, Sheet1!$M:$M, $C13, Sheet1!$L:$L, Sheet2!$A$6)+COUNTIFS(Sheet1!$B:$B, Sheet3!Z$2, Sheet1!$M:$M, $C13, Sheet1!$L:$L, Sheet2!$A$7) -> 0 | AB13: =COUNTIFS(Sheet1!$B:$B, Sheet3!AB$2, Sheet1!$M:$M, $C13, Sheet1!$L:$L, Sheet2!$A$6)+COUNTIFS(Sheet1!$B:$B, Sheet3!AB$2, Sheet1!$M:$M, $C13, Sheet1!$L:$L, Sheet2!$A$7)+COUNTIFS(Sheet1!$B:$B, Sheet3!AB$2, Sheet1!$M:$M, $C13, Sheet1!$L:$L, Sheet2!$A$9) -> 4 | AC13: =COUNTIFS(Sheet1!$B:$B, Sheet3!AB$2, Sheet1!$M:$M, $C13, Sheet1!$L:$L, Sheet2!$A$6)+COUNTIFS(Sheet1!$B:$B, Sheet3!AB$2, Sheet1!$M:$M, $C13, Sheet1!$L:$L, Sheet2!$A$7) -> 4 | AD13: =COUNTIFS(Sheet1!$B:$B, Sheet3!AD$2, Sheet1!$M:$M, $C13, Sheet1!$L:$L, Sheet2!$A$6)+COUNTIFS(Sheet1!$B:$B, Sheet3!AD$2, Sheet1!$M:$M, $C13, Sheet1!$L:$L, Sheet2!$A$7)+COUNTIFS(Sheet1!$B:$B, Sheet3!AD$2, Sheet1!$M:$M, $C13, Sheet1!$L:$L, Sheet2!$A$9) -> 2 | AE13: =COUNTIFS(Sheet1!$B:$B, Sheet3!AD$2, Sheet1!$M:$M, $C13, Sheet1!$L:$L, Sheet2!$A$6)+COUNTIFS(Sheet1!$B:$B, Sheet3!AD$2, Sheet1!$M:$M, $C13, Sheet1!$L:$L, Sheet2!$A$7) -> 2 | AF13: =COUNTIFS(Sheet1!$B:$B, Sheet3!AF$2, Sheet1!$M:$M, $C13, Sheet1!$L:$L, Sheet2!$A$6)+COUNTIFS(Sheet1!$B:$B, Sheet3!AF$2, Sheet1!$M:$M, $C13, Sheet1!$L:$L, Sheet2!$A$7)+COUNTIFS(Sheet1!$B:$B, Sheet3!AF$2, Sheet1!$M:$M, $C13, Sheet1!$L:$L, Sheet2!$A$9) -> 7 | AG13: =COUNTIFS(Sheet1!$B:$B, Sheet3!AF$2, Sheet1!$M:$M, $C13, Sheet1!$L:$L, Sheet2!$A$6)+COUNTIFS(Sheet1!$B:$B, Sheet3!AF$2, Sheet1!$M:$M, $C13, Sheet1!$L:$L, Sheet2!$A$7) -> 7 | AH13: =COUNTIFS(Sheet1!$B:$B, Sheet3!AH$2, Sheet1!$M:$M, $C13, Sheet1!$L:$L, Sheet2!$A$6)+COUNTIFS(Sheet1!$B:$B, Sheet3!AH$2, Sheet1!$M:$M, $C13, Sheet1!$L:$L, Sheet2!$A$7)+COUNTIFS(Sheet1!$B:$B, Sheet3!AH$2, Sheet1!$M:$M, $C13, Sheet1!$L:$L, Sheet2!$A$9) -> 0 | AI13: =COUNTIFS(Sheet1!$B:$B, Sheet3!AH$2, Sheet1!$M:$M, $C13, Sheet1!$L:$L, Sheet2!$A$6)+COUNTIFS(Sheet1!$B:$B, Sheet3!AH$2, Sheet1!$M:$M, $C13, Sheet1!$L:$L, Sheet2!$A$7) -> 0 | AJ13: =COUNTIFS(Sheet1!$B:$B, Sheet3!AJ$2, Sheet1!$M:$M, $C13, Sheet1!$L:$L, Sheet2!$A$6)+COUNTIFS(Sheet1!$B:$B, Sheet3!AJ$2, Sheet1!$M:$M, $C13, Sheet1!$L:$L, Sheet2!$A$7)+COUNTIFS(Sheet1!$B:$B, Sheet3!AJ$2, Sheet1!$M:$M, $C13, Sheet1!$L:$L, Sheet2!$A$9) -> 0 | AK13: =COUNTIFS(Sheet1!$B:$B, Sheet3!AJ$2, Sheet1!$M:$M, $C13, Sheet1!$L:$L, Sheet2!$A$6)+COUNTIFS(Sheet1!$B:$B, Sheet3!AJ$2, Sheet1!$M:$M, $C13, Sheet1!$L:$L, Sheet2!$A$7) -> 0 | AL13: =COUNTIFS(Sheet1!$B:$B, Sheet3!AL$2, Sheet1!$M:$M, $C13, Sheet1!$L:$L, Sheet2!$A$6)+COUNTIFS(Sheet1!$B:$B, Sheet3!AL$2, Sheet1!$M:$M, $C13, Sheet1!$L:$L, Sheet2!$A$7)+COUNTIFS(Sheet1!$B:$B, Sheet3!AL$2, Sheet1!$M:$M, $C13, Sheet1!$L:$L, Sheet2!$A$9) -> 0 | AM13: =COUNTIFS(Sheet1!$B:$B, Sheet3!AL$2, Sheet1!$M:$M, $C13, Sheet1!$L:$L, Sheet2!$A$6)+COUNTIFS(Sheet1!$B:$B, Sheet3!AL$2, Sheet1!$M:$M, $C13, Sheet1!$L:$L, Sheet2!$A$7) -> 0 | AN13: =COUNTIFS(Sheet1!$B:$B, Sheet3!AN$2, Sheet1!$M:$M, $C13, Sheet1!$L:$L, Sheet2!$A$6)+COUNTIFS(Sheet1!$B:$B, Sheet3!AN$2, Sheet1!$M:$M, $C13, Sheet1!$L:$L, Sheet2!$A$7)+COUNTIFS(Sheet1!$B:$B, Sheet3!AN$2, Sheet1!$M:$M, $C13, Sheet1!$L:$L, Sheet2!$A$9) -> 0 | AO13: =COUNTIFS(Sheet1!$B:$B, Sheet3!AN$2, Sheet1!$M:$M, $C13, Sheet1!$L:$L, Sheet2!$A$6)+COUNTIFS(Sheet1!$B:$B, Sheet3!AN$2, Sheet1!$M:$M, $C13, Sheet1!$L:$L, Sheet2!$A$7) -> 0 | AP13: =COUNTIFS(Sheet1!$B:$B, Sheet3!AP$2, Sheet1!$M:$M, $C13, Sheet1!$L:$L, Sheet2!$A$6)+COUNTIFS(Sheet1!$B:$B, Sheet3!AP$2, Sheet1!$M:$M, $C13, Sheet1!$L:$L, Sheet2!$A$7)+COUNTIFS(Sheet1!$B:$B, Sheet3!AP$2, Sheet1!$M:$M, $C13, Sheet1!$L:$L, Sheet2!$A$9) -> 0 | AQ13: =COUNTIFS(Sheet1!$B:$B, Sheet3!AP$2, Sheet1!$M:$M, $C13, Sheet1!$L:$L, Sheet2!$A$6)+COUNTIFS(Sheet1!$B:$B, Sheet3!AP$2, Sheet1!$M:$M, $C13, Sheet1!$L:$L, Sheet2!$A$7) -> 0 | AR13: =COUNTIFS(Sheet1!$B:$B, Sheet3!AR$2, Sheet1!$M:$M, $C13, Sheet1!$L:$L, Sheet2!$A$6)+COUNTIFS(Sheet1!$B:$B, Sheet3!AR$2, Sheet1!$M:$M, $C13, Sheet1!$L:$L, Sheet2!$A$7)+COUNTIFS(Sheet1!$B:$B, Sheet3!AR$2, Sheet1!$M:$M, $C13, Sheet1!$L:$L, Sheet2!$A$9) -> 0 | AS13: =COUNTIFS(Sheet1!$B:$B, Sheet3!AR$2, Sheet1!$M:$M, $C13, Sheet1!$L:$L, Sheet2!$A$6)+COUNTIFS(Sheet1!$B:$B, Sheet3!AR$2, Sheet1!$M:$M, $C13, Sheet1!$L:$L, Sheet2!$A$7) -> 0 | AT13: =COUNTIFS(Sheet1!$B:$B, Sheet3!AT$2, Sheet1!$M:$M, $C13, Sheet1!$L:$L, Sheet2!$A$6)+COUNTIFS(Sheet1!$B:$B, Sheet3!AT$2, Sheet1!$M:$M, $C13, Sheet1!$L:$L, Sheet2!$A$7)+COUNTIFS(Sheet1!$B:$B, Sheet3!AT$2, Sheet1!$M:$M, $C13, Sheet1!$L:$L, Sheet2!$A$9) -> 0 | AU13: =COUNTIFS(Sheet1!$B:$B, Sheet3!AT$2, Sheet1!$M:$M, $C13, Sheet1!$L:$L, Sheet2!$A$6)+COUNTIFS(Sheet1!$B:$B, Sheet3!AT$2, Sheet1!$M:$M, $C13, Sheet1!$L:$L, Sheet2!$A$7) -> 0 | AV13: =COUNTIFS(Sheet1!$B:$B, Sheet3!AV$2, Sheet1!$M:$M, $C13, Sheet1!$L:$L, Sheet2!$A$6)+COUNTIFS(Sheet1!$B:$B, Sheet3!AV$2, Sheet1!$M:$M, $C13, Sheet1!$L:$L, Sheet2!$A$7)+COUNTIFS(Sheet1!$B:$B, Sheet3!AV$2, Sheet1!$M:$M, $C13, Sheet1!$L:$L, Sheet2!$A$9) -> 0 | AW13: =COUNTIFS(Sheet1!$B:$B, Sheet3!AV$2, Sheet1!$M:$M, $C13, Sheet1!$L:$L, Sheet2!$A$6)+COUNTIFS(Sheet1!$B:$B, Sheet3!AV$2, Sheet1!$M:$M, $C13, Sheet1!$L:$L, Sheet2!$A$7) -> 0
A14: MONXDU100 | B14: APU2 | C14: MONXDU100 | D14: =COUNTIFS(Sheet1!$B:$B, Sheet3!D$2, Sheet1!$M:$M, $C14, Sheet1!$L:$L, Sheet2!$A$6)+COUNTIFS(Sheet1!$B:$B, Sheet3!D$2, Sheet1!$M:$M, $C14, Sheet1!$L:$L, Sheet2!$A$7)+COUNTIFS(Sheet1!$B:$B, Sheet3!D$2, Sheet1!$M:$M, $C14, Sheet1!$L:$L, Sheet2!$A$9) -> 0 | E14: =COUNTIFS(Sheet1!$B:$B, Sheet3!D$2, Sheet1!$M:$M, $C14, Sheet1!$L:$L, Sheet2!$A$6)+COUNTIFS(Sheet1!$B:$B, Sheet3!D$2, Sheet1!$M:$M, $C14, Sheet1!$L:$L, Sheet2!$A$7) -> 0 | F14: =COUNTIFS(Sheet1!$B:$B, Sheet3!F$2, Sheet1!$M:$M, $C14, Sheet1!$L:$L, Sheet2!$A$6)+COUNTIFS(Sheet1!$B:$B, Sheet3!F$2, Sheet1!$M:$M, $C14, Sheet1!$L:$L, Sheet2!$A$7)+COUNTIFS(Sheet1!$B:$B, Sheet3!F$2, Sheet1!$M:$M, $C14, Sheet1!$L:$L, Sheet2!$A$9) -> 0 | G14: =COUNTIFS(Sheet1!$B:$B, Sheet3!F$2, Sheet1!$M:$M, $C14, Sheet1!$L:$L, Sheet2!$A$6)+COUNTIFS(Sheet1!$B:$B, Sheet3!F$2, Sheet1!$M:$M, $C14, Sheet1!$L:$L, Sheet2!$A$7) -> 0 | H14: =COUNTIFS(Sheet1!$B:$B, Sheet3!H$2, Sheet1!$M:$M, $C14, Sheet1!$L:$L, Sheet2!$A$6)+COUNTIFS(Sheet1!$B:$B, Sheet3!H$2, Sheet1!$M:$M, $C14, Sheet1!$L:$L, Sheet2!$A$7)+COUNTIFS(Sheet1!$B:$B, Sheet3!H$2, Sheet1!$M:$M, $C14, Sheet1!$L:$L, Sheet2!$A$9) -> 0 | I14: =COUNTIFS(Sheet1!$B:$B, Sheet3!H$2, Sheet1!$M:$M, $C14, Sheet1!$L:$L, Sheet2!$A$6)+COUNTIFS(Sheet1!$B:$B, Sheet3!H$2, Sheet1!$M:$M, $C14, Sheet1!$L:$L, Sheet2!$A$7) -> 0 | J14: =COUNTIFS(Sheet1!$B:$B, Sheet3!J$2, Sheet1!$M:$M, $C14, Sheet1!$L:$L, Sheet2!$A$6)+COUNTIFS(Sheet1!$B:$B, Sheet3!J$2, Sheet1!$M:$M, $C14, Sheet1!$L:$L, Sheet2!$A$7)+COUNTIFS(Sheet1!$B:$B, Sheet3!J$2, Sheet1!$M:$M, $C14, Sheet1!$L:$L, Sheet2!$A$9) -> 0 | K14: =COUNTIFS(Sheet1!$B:$B, Sheet3!J$2, Sheet1!$M:$M, $C14, Sheet1!$L:$L, Sheet2!$A$6)+COUNTIFS(Sheet1!$B:$B, Sheet3!J$2, Sheet1!$M:$M, $C14, Sheet1!$L:$L, Sheet2!$A$7) -> 0 | L14: =COUNTIFS(Sheet1!$B:$B, Sheet3!L$2, Sheet1!$M:$M, $C14, Sheet1!$L:$L, Sheet2!$A$6)+COUNTIFS(Sheet1!$B:$B, Sheet3!L$2, Sheet1!$M:$M, $C14, Sheet1!$L:$L, Sheet2!$A$7)+COUNTIFS(Sheet1!$B:$B, Sheet3!L$2, Sheet1!$M:$M, $C14, Sheet1!$L:$L, Sheet2!$A$9) -> 0 | M14: =COUNTIFS(Sheet1!$B:$B, Sheet3!L$2, Sheet1!$M:$M, $C14, Sheet1!$L:$L, Sheet2!$A$6)+COUNTIFS(Sheet1!$B:$B, Sheet3!L$2, Sheet1!$M:$M, $C14, Sheet1!$L:$L, Sheet2!$A$7) -> 0 | N14: =COUNTIFS(Sheet1!$B:$B, Sheet3!N$2, Sheet1!$M:$M, $C14, Sheet1!$L:$L, Sheet2!$A$6)+COUNTIFS(Sheet1!$B:$B, Sheet3!N$2, Sheet1!$M:$M, $C14, Sheet1!$L:$L, Sheet2!$A$7)+COUNTIFS(Sheet1!$B:$B, Sheet3!N$2, Sheet1!$M:$M, $C14, Sheet1!$L:$L, Sheet2!$A$9) -> 0 | O14: =COUNTIFS(Sheet1!$B:$B, Sheet3!N$2, Sheet1!$M:$M, $C14, Sheet1!$L:$L, Sheet2!$A$6)+COUNTIFS(Sheet1!$B:$B, Sheet3!N$2, Sheet1!$M:$M, $C14, Sheet1!$L:$L, Sheet2!$A$7) -> 0 | P14: =COUNTIFS(Sheet1!$B:$B, Sheet3!P$2, Sheet1!$M:$M, $C14, Sheet1!$L:$L, Sheet2!$A$6)+COUNTIFS(Sheet1!$B:$B, Sheet3!P$2, Sheet1!$M:$M, $C14, Sheet1!$L:$L, Sheet2!$A$7)+COUNTIFS(Sheet1!$B:$B, Sheet3!P$2, Sheet1!$M:$M, $C14, Sheet1!$L:$L, Sheet2!$A$9) -> 0 | Q14: =COUNTIFS(Sheet1!$B:$B, Sheet3!P$2, Sheet1!$M:$M, $C14, Sheet1!$L:$L, Sheet2!$A$6)+COUNTIFS(Sheet1!$B:$B, Sheet3!P$2, Sheet1!$M:$M, $C14, Sheet1!$L:$L, Sheet2!$A$7) -> 0 | R14: =COUNTIFS(Sheet1!$B:$B, Sheet3!R$2, Sheet1!$M:$M, $C14, Sheet1!$L:$L, Sheet2!$A$6)+COUNTIFS(Sheet1!$B:$B, Sheet3!R$2, Sheet1!$M:$M, $C14, Sheet1!$L:$L, Sheet2!$A$7)+COUNTIFS(Sheet1!$B:$B, Sheet3!R$2, Sheet1!$M:$M, $C14, Sheet1!$L:$L, Sheet2!$A$9) -> 0 | S14: =COUNTIFS(Sheet1!$B:$B, Sheet3!R$2, Sheet1!$M:$M, $C14, Sheet1!$L:$L, Sheet2!$A$6)+COUNTIFS(Sheet1!$B:$B, Sheet3!R$2, Sheet1!$M:$M, $C14, Sheet1!$L:$L, Sheet2!$A$7) -> 0 | T14: =COUNTIFS(Sheet1!$B:$B, Sheet3!T$2, Sheet1!$M:$M, $C14, Sheet1!$L:$L, Sheet2!$A$6)+COUNTIFS(Sheet1!$B:$B, Sheet3!T$2, Sheet1!$M:$M, $C14, Sheet1!$L:$L, Sheet2!$A$7)+COUNTIFS(Sheet1!$B:$B, Sheet3!T$2, Sheet1!$M:$M, $C14, Sheet1!$L:$L, Sheet2!$A$9) -> 0 | U14: =COUNTIFS(Sheet1!$B:$B, Sheet3!T$2, Sheet1!$M:$M, $C14, Sheet1!$L:$L, Sheet2!$A$6)+COUNTIFS(Sheet1!$B:$B, Sheet3!T$2, Sheet1!$M:$M, $C14, Sheet1!$L:$L, Sheet2!$A$7) -> 0 | V14: =COUNTIFS(Sheet1!$B:$B, Sheet3!V$2, Sheet1!$M:$M, $C14, Sheet1!$L:$L, Sheet2!$A$6)+COUNTIFS(Sheet1!$B:$B, Sheet3!V$2, Sheet1!$M:$M, $C14, Sheet1!$L:$L, Sheet2!$A$7)+COUNTIFS(Sheet1!$B:$B, Sheet3!V$2, Sheet1!$M:$M, $C14, Sheet1!$L:$L, Sheet2!$A$9) -> 0 | W14: =COUNTIFS(Sheet1!$B:$B, Sheet3!V$2, Sheet1!$M:$M, $C14, Sheet1!$L:$L, Sheet2!$A$6)+COUNTIFS(Sheet1!$B:$B, Sheet3!V$2, Sheet1!$M:$M, $C14, Sheet1!$L:$L, Sheet2!$A$7) -> 0 | X14: =COUNTIFS(Sheet1!$B:$B, Sheet3!X$2, Sheet1!$M:$M, $C14, Sheet1!$L:$L, Sheet2!$A$6)+COUNTIFS(Sheet1!$B:$B, Sheet3!X$2, Sheet1!$M:$M, $C14, Sheet1!$L:$L, Sheet2!$A$7)+COUNTIFS(Sheet1!$B:$B, Sheet3!X$2, Sheet1!$M:$M, $C14, Sheet1!$L:$L, Sheet2!$A$9) -> 0 | Y14: =COUNTIFS(Sheet1!$B:$B, Sheet3!X$2, Sheet1!$M:$M, $C14, Sheet1!$L:$L, Sheet2!$A$6)+COUNTIFS(Sheet1!$B:$B, Sheet3!X$2, Sheet1!$M:$M, $C14, Sheet1!$L:$L, Sheet2!$A$7) -> 0 | Z14: =COUNTIFS(Sheet1!$B:$B, Sheet3!Z$2, Sheet1!$M:$M, $C14, Sheet1!$L:$L, Sheet2!$A$6)+COUNTIFS(Sheet1!$B:$B, Sheet3!Z$2, Sheet1!$M:$M, $C14, Sheet1!$L:$L, Sheet2!$A$7)+COUNTIFS(Sheet1!$B:$B, Sheet3!Z$2, Sheet1!$M:$M, $C14, Sheet1!$L:$L, Sheet2!$A$9) -> 0 | AA14: =COUNTIFS(Sheet1!$B:$B, Sheet3!Z$2, Sheet1!$M:$M, $C14, Sheet1!$L:$L, Sheet2!$A$6)+COUNTIFS(Sheet1!$B:$B, Sheet3!Z$2, Sheet1!$M:$M, $C14, Sheet1!$L:$L, Sheet2!$A$7) -> 0 | AB14: =COUNTIFS(Sheet1!$B:$B, Sheet3!AB$2, Sheet1!$M:$M, $C14, Sheet1!$L:$L, Sheet2!$A$6)+COUNTIFS(Sheet1!$B:$B, Sheet3!AB$2, Sheet1!$M:$M, $C14, Sheet1!$L:$L, Sheet2!$A$7)+COUNTIFS(Sheet1!$B:$B, Sheet3!AB$2, Sheet1!$M:$M, $C14, Sheet1!$L:$L, Sheet2!$A$9) -> 1 | AC14: =COUNTIFS(Sheet1!$B:$B, Sheet3!AB$2, Sheet1!$M:$M, $C14, Sheet1!$L:$L, Sheet2!$A$6)+COUNTIFS(Sheet1!$B:$B, Sheet3!AB$2, Sheet1!$M:$M, $C14, Sheet1!$L:$L, Sheet2!$A$7) -> 0 | AD14: =COUNTIFS(Sheet1!$B:$B, Sheet3!AD$2, Sheet1!$M:$M, $C14, Sheet1!$L:$L, Sheet2!$A$6)+COUNTIFS(Sheet1!$B:$B, Sheet3!AD$2, Sheet1!$M:$M, $C14, Sheet1!$L:$L, Sheet2!$A$7)+COUNTIFS(Sheet1!$B:$B, Sheet3!AD$2, Sheet1!$M:$M, $C14, Sheet1!$L:$L, Sheet2!$A$9) -> 0 | AE14: =COUNTIFS(Sheet1!$B:$B, Sheet3!AD$2, Sheet1!$M:$M, $C14, Sheet1!$L:$L, Sheet2!$A$6)+COUNTIFS(Sheet1!$B:$B, Sheet3!AD$2, Sheet1!$M:$M, $C14, Sheet1!$L:$L, Sheet2!$A$7) -> 0 | AF14: =COUNTIFS(Sheet1!$B:$B, Sheet3!AF$2, Sheet1!$M:$M, $C14, Sheet1!$L:$L, Sheet2!$A$6)+COUNTIFS(Sheet1!$B:$B, Sheet3!AF$2, Sheet1!$M:$M, $C14, Sheet1!$L:$L, Sheet2!$A$7)+COUNTIFS(Sheet1!$B:$B, Sheet3!AF$2, Sheet1!$M:$M, $C14, Sheet1!$L:$L, Sheet2!$A$9) -> 1 | AG14: =COUNTIFS(Sheet1!$B:$B, Sheet3!AF$2, Sheet1!$M:$M, $C14, Sheet1!$L:$L, Sheet2!$A$6)+COUNTIFS(Sheet1!$B:$B, Sheet3!AF$2, Sheet1!$M:$M, $C14, Sheet1!$L:$L, Sheet2!$A$7) -> 1 | AH14: =COUNTIFS(Sheet1!$B:$B, Sheet3!AH$2, Sheet1!$M:$M, $C14, Sheet1!$L:$L, Sheet2!$A$6)+COUNTIFS(Sheet1!$B:$B, Sheet3!AH$2, Sheet1!$M:$M, $C14, Sheet1!$L:$L, Sheet2!$A$7)+COUNTIFS(Sheet1!$B:$B, Sheet3!AH$2, Sheet1!$M:$M, $C14, Sheet1!$L:$L, Sheet2!$A$9) -> 0 | AI14: =COUNTIFS(Sheet1!$B:$B, Sheet3!AH$2, Sheet1!$M:$M, $C14, Sheet1!$L:$L, Sheet2!$A$6)+COUNTIFS(Sheet1!$B:$B, Sheet3!AH$2, Sheet1!$M:$M, $C14, Sheet1!$L:$L, Sheet2!$A$7) -> 0 | AJ14: =COUNTIFS(Sheet1!$B:$B, Sheet3!AJ$2, Sheet1!$M:$M, $C14, Sheet1!$L:$L, Sheet2!$A$6)+COUNTIFS(Sheet1!$B:$B, Sheet3!AJ$2, Sheet1!$M:$M, $C14, Sheet1!$L:$L, Sheet2!$A$7)+COUNTIFS(Sheet1!$B:$B, Sheet3!AJ$2, Sheet1!$M:$M, $C14, Sheet1!$L:$L, Sheet2!$A$9) -> 0 | AK14: =COUNTIFS(Sheet1!$B:$B, Sheet3!AJ$2, Sheet1!$M:$M, $C14, Sheet1!$L:$L, Sheet2!$A$6)+COUNTIFS(Sheet1!$B:$B, Sheet3!AJ$2, Sheet1!$M:$M, $C14, Sheet1!$L:$L, Sheet2!$A$7) -> 0 | AL14: =COUNTIFS(Sheet1!$B:$B, Sheet3!AL$2, Sheet1!$M:$M, $C14, Sheet1!$L:$L, Sheet2!$A$6)+COUNTIFS(Sheet1!$B:$B, Sheet3!AL$2, Sheet1!$M:$M, $C14, Sheet1!$L:$L, Sheet2!$A$7)+COUNTIFS(Sheet1!$B:$B, Sheet3!AL$2, Sheet1!$M:$M, $C14, Sheet1!$L:$L, Sheet2!$A$9) -> 0 | AM14: =COUNTIFS(Sheet1!$B:$B, Sheet3!AL$2, Sheet1!$M:$M, $C14, Sheet1!$L:$L, Sheet2!$A$6)+COUNTIFS(Sheet1!$B:$B, Sheet3!AL$2, Sheet1!$M:$M, $C14, Sheet1!$L:$L, Sheet2!$A$7) -> 0 | AN14: =COUNTIFS(Sheet1!$B:$B, Sheet3!AN$2, Sheet1!$M:$M, $C14, Sheet1!$L:$L, Sheet2!$A$6)+COUNTIFS(Sheet1!$B:$B, Sheet3!AN$2, Sheet1!$M:$M, $C14, Sheet1!$L:$L, Sheet2!$A$7)+COUNTIFS(Sheet1!$B:$B, Sheet3!AN$2, Sheet1!$M:$M, $C14, Sheet1!$L:$L, Sheet2!$A$9) -> 0 | AO14: =COUNTIFS(Sheet1!$B:$B, Sheet3!AN$2, Sheet1!$M:$M, $C14, Sheet1!$L:$L, Sheet2!$A$6)+COUNTIFS(Sheet1!$B:$B, Sheet3!AN$2, Sheet1!$M:$M, $C14, Sheet1!$L:$L, Sheet2!$A$7) -> 0 | AP14: =COUNTIFS(Sheet1!$B:$B, Sheet3!AP$2, Sheet1!$M:$M, $C14, Sheet1!$L:$L, Sheet2!$A$6)+COUNTIFS(Sheet1!$B:$B, Sheet3!AP$2, Sheet1!$M:$M, $C14, Sheet1!$L:$L, Sheet2!$A$7)+COUNTIFS(Sheet1!$B:$B, Sheet3!AP$2, Sheet1!$M:$M, $C14, Sheet1!$L:$L, Sheet2!$A$9) -> 0 | AQ14: =COUNTIFS(Sheet1!$B:$B, Sheet3!AP$2, Sheet1!$M:$M, $C14, Sheet1!$L:$L, Sheet2!$A$6)+COUNTIFS(Sheet1!$B:$B, Sheet3!AP$2, Sheet1!$M:$M, $C14, Sheet1!$L:$L, Sheet2!$A$7) -> 0 | AR14: =COUNTIFS(Sheet1!$B:$B, Sheet3!AR$2, Sheet1!$M:$M, $C14, Sheet1!$L:$L, Sheet2!$A$6)+COUNTIFS(Sheet1!$B:$B, Sheet3!AR$2, Sheet1!$M:$M, $C14, Sheet1!$L:$L, Sheet2!$A$7)+COUNTIFS(Sheet1!$B:$B, Sheet3!AR$2, Sheet1!$M:$M, $C14, Sheet1!$L:$L, Sheet2!$A$9) -> 0 | AS14: =COUNTIFS(Sheet1!$B:$B, Sheet3!AR$2, Sheet1!$M:$M, $C14, Sheet1!$L:$L, Sheet2!$A$6)+COUNTIFS(Sheet1!$B:$B, Sheet3!AR$2, Sheet1!$M:$M, $C14, Sheet1!$L:$L, Sheet2!$A$7) -> 0 | AT14: =COUNTIFS(Sheet1!$B:$B, Sheet3!AT$2, Sheet1!$M:$M, $C14, Sheet1!$L:$L, Sheet2!$A$6)+COUNTIFS(Sheet1!$B:$B, Sheet3!AT$2, Sheet1!$M:$M, $C14, Sheet1!$L:$L, Sheet2!$A$7)+COUNTIFS(Sheet1!$B:$B, Sheet3!AT$2, Sheet1!$M:$M, $C14, Sheet1!$L:$L, Sheet2!$A$9) -> 0 | AU14: =COUNTIFS(Sheet1!$B:$B, Sheet3!AT$2, Sheet1!$M:$M, $C14, Sheet1!$L:$L, Sheet2!$A$6)+COUNTIFS(Sheet1!$B:$B, Sheet3!AT$2, Sheet1!$M:$M, $C14, Sheet1!$L:$L, Sheet2!$A$7) -> 0 | AV14: =COUNTIFS(Sheet1!$B:$B, Sheet3!AV$2, Sheet1!$M:$M, $C14, Sheet1!$L:$L, Sheet2!$A$6)+COUNTIFS(Sheet1!$B:$B, Sheet3!AV$2, Sheet1!$M:$M, $C14, Sheet1!$L:$L, Sheet2!$A$7)+COUNTIFS(Sheet1!$B:$B, Sheet3!AV$2, Sheet1!$M:$M, $C14, Sheet1!$L:$L, Sheet2!$A$9) -> 0 | AW14: =COUNTIFS(Sheet1!$B:$B, Sheet3!AV$2, Sheet1!$M:$M, $C14, Sheet1!$L:$L, Sheet2!$A$6)+COUNTIFS(Sheet1!$B:$B, Sheet3!AV$2, Sheet1!$M:$M, $C14, Sheet1!$L:$L, Sheet2!$A$7) -> 0
... A21: MONMC | B21: APU3 | C21: MONMC | D21: =COUNTIFS(Sheet1!$B:$B, Sheet3!D$2, Sheet1!$M:$M, $C21, Sheet1!$L:$L, Sheet2!$A$6)+COUNTIFS(Sheet1!$B:$B, Sheet3!D$2, Sheet1!$M:$M, $C21, Sheet1!$L:$L, Sheet2!$A$7)+COUNTIFS(Sheet1!$B:$B, Sheet3!D$2, Sheet1!$M:$M, $C21, Sheet1!$L:$L, Sheet2!$A$9) -> 0 | E21: =COUNTIFS(Sheet1!$B:$B, Sheet3!D$2, Sheet1!$M:$M, $C21, Sheet1!$L:$L, Sheet2!$A$6)+COUNTIFS(Sheet1!$B:$B, Sheet3!D$2, Sheet1!$M:$M, $C21, Sheet1!$L:$L, Sheet2!$A$7) -> 0 | F21: =COUNTIFS(Sheet1!$B:$B, Sheet3!F$2, Sheet1!$M:$M, $C21, Sheet1!$L:$L, Sheet2!$A$6)+COUNTIFS(Sheet1!$B:$B, Sheet3!F$2, Sheet1!$M:$M, $C21, Sheet1!$L:$L, Sheet2!$A$7)+COUNTIFS(Sheet1!$B:$B, Sheet3!F$2, Sheet1!$M:$M, $C21, Sheet1!$L:$L, Sheet2!$A$9) -> 0 | G21: =COUNTIFS(Sheet1!$B:$B, Sheet3!F$2, Sheet1!$M:$M, $C21, Sheet1!$L:$L, Sheet2!$A$6)+COUNTIFS(Sheet1!$B:$B, Sheet3!F$2, Sheet1!$M:$M, $C21, Sheet1!$L:$L, Sheet2!$A$7) -> 0 | H21: =COUNTIFS(Sheet1!$B:$B, Sheet3!H$2, Sheet1!$M:$M, $C21, Sheet1!$L:$L, Sheet2!$A$6)+COUNTIFS(Sheet1!$B:$B, Sheet3!H$2, Sheet1!$M:$M, $C21, Sheet1!$L:$L, Sheet2!$A$7)+COUNTIFS(Sheet1!$B:$B, Sheet3!H$2, Sheet1!$M:$M, $C21, Sheet1!$L:$L, Sheet2!$A$9) -> 0 | I21: =COUNTIFS(Sheet1!$B:$B, Sheet3!H$2, Sheet1!$M:$M, $C21, Sheet1!$L:$L, Sheet2!$A$6)+COUNTIFS(Sheet1!$B:$B, Sheet3!H$2, Sheet1!$M:$M, $C21, Sheet1!$L:$L, Sheet2!$A$7) -> 0 | J21: =COUNTIFS(Sheet1!$B:$B, Sheet3!J$2, Sheet1!$M:$M, $C21, Sheet1!$L:$L, Sheet2!$A$6)+COUNTIFS(Sheet1!$B:$B, Sheet3!J$2, Sheet1!$M:$M, $C21, Sheet1!$L:$L, Sheet2!$A$7)+COUNTIFS(Sheet1!$B:$B, Sheet3!J$2, Sheet1!$M:$M, $C21, Sheet1!$L:$L, Sheet2!$A$9) -> 0 | K21: =COUNTIFS(Sheet1!$B:$B, Sheet3!J$2, Sheet1!$M:$M, $C21, Sheet1!$L:$L, Sheet2!$A$6)+COUNTIFS(Sheet1!$B:$B, Sheet3!J$2, Sheet1!$M:$M, $C21, Sheet1!$L:$L, Sheet2!$A$7) -> 0 | L21: =COUNTIFS(Sheet1!$B:$B, Sheet3!L$2, Sheet1!$M:$M, $C21, Sheet1!$L:$L, Sheet2!$A$6)+COUNTIFS(Sheet1!$B:$B, Sheet3!L$2, Sheet1!$M:$M, $C21, Sheet1!$L:$L, Sheet2!$A$7)+COUNTIFS(Sheet1!$B:$B, Sheet3!L$2, Sheet1!$M:$M, $C21, Sheet1!$L:$L, Sheet2!$A$9) -> 0 | M21: =COUNTIFS(Sheet1!$B:$B, Sheet3!L$2, Sheet1!$M:$M, $C21, Sheet1!$L:$L, Sheet2!$A$6)+COUNTIFS(Sheet1!$B:$B, Sheet3!L$2, Sheet1!$M:$M, $C21, Sheet1!$L:$L, Sheet2!$A$7) -> 0 | N21: =COUNTIFS(Sheet1!$B:$B, Sheet3!N$2, Sheet1!$M:$M, $C21, Sheet1!$L:$L, Sheet2!$A$6)+COUNTIFS(Sheet1!$B:$B, Sheet3!N$2, Sheet1!$M:$M, $C21, Sheet1!$L:$L, Sheet2!$A$7)+COUNTIFS(Sheet1!$B:$B, Sheet3!N$2, Sheet1!$M:$M, $C21, Sheet1!$L:$L, Sheet2!$A$9) -> 0 | O21: =COUNTIFS(Sheet1!$B:$B, Sheet3!N$2, Sheet1!$M:$M, $C21, Sheet1!$L:$L, Sheet2!$A$6)+COUNTIFS(Sheet1!$B:$B, Sheet3!N$2, Sheet1!$M:$M, $C21, Sheet1!$L:$L, Sheet2!$A$7) -> 0 | P21: =COUNTIFS(Sheet1!$B:$B, Sheet3!P$2, Sheet1!$M:$M, $C21, Sheet1!$L:$L, Sheet2!$A$6)+COUNTIFS(Sheet1!$B:$B, Sheet3!P$2, Sheet1!$M:$M, $C21, Sheet1!$L:$L, Sheet2!$A$7)+COUNTIFS(Sheet1!$B:$B, Sheet3!P$2, Sheet1!$M:$M, $C21, Sheet1!$L:$L, Sheet2!$A$9) -> 0 | Q21: =COUNTIFS(Sheet1!$B:$B, Sheet3!P$2, Sheet1!$M:$M, $C21, Sheet1!$L:$L, Sheet2!$A$6)+COUNTIFS(Sheet1!$B:$B, Sheet3!P$2, Sheet1!$M:$M, $C21, Sheet1!$L:$L, Sheet2!$A$7) -> 0 | R21: =COUNTIFS(Sheet1!$B:$B, Sheet3!R$2, Sheet1!$M:$M, $C21, Sheet1!$L:$L, Sheet2!$A$6)+COUNTIFS(Sheet1!$B:$B, Sheet3!R$2, Sheet1!$M:$M, $C21, Sheet1!$L:$L, Sheet2!$A$7)+COUNTIFS(Sheet1!$B:$B, Sheet3!R$2, Sheet1!$M:$M, $C21, Sheet1!$L:$L, Sheet2!$A$9) -> 0 | S21: =COUNTIFS(Sheet1!$B:$B, Sheet3!R$2, Sheet1!$M:$M, $C21, Sheet1!$L:$L, Sheet2!$A$6)+COUNTIFS(Sheet1!$B:$B, Sheet3!R$2, Sheet1!$M:$M, $C21, Sheet1!$L:$L, Sheet2!$A$7) -> 0 | T21: =COUNTIFS(Sheet1!$B:$B, Sheet3!T$2, Sheet1!$M:$M, $C21, Sheet1!$L:$L, Sheet2!$A$6)+COUNTIFS(Sheet1!$B:$B, Sheet3!T$2, Sheet1!$M:$M, $C21, Sheet1!$L:$L, Sheet2!$A$7)+COUNTIFS(Sheet1!$B:$B, Sheet3!T$2, Sheet1!$M:$M, $C21, Sheet1!$L:$L, Sheet2!$A$9) -> 0 | U21: =COUNTIFS(Sheet1!$B:$B, Sheet3!T$2, Sheet1!$M:$M, $C21, Sheet1!$L:$L, Sheet2!$A$6)+COUNTIFS(Sheet1!$B:$B, Sheet3!T$2, Sheet1!$M:$M, $C21, Sheet1!$L:$L, Sheet2!$A$7) -> 0 | V21: =COUNTIFS(Sheet1!$B:$B, Sheet3!V$2, Sheet1!$M:$M, $C21, Sheet1!$L:$L, Sheet2!$A$6)+COUNTIFS(Sheet1!$B:$B, Sheet3!V$2, Sheet1!$M:$M, $C21, Sheet1!$L:$L, Sheet2!$A$7)+COUNTIFS(Sheet1!$B:$B, Sheet3!V$2, Sheet1!$M:$M, $C21, Sheet1!$L:$L, Sheet2!$A$9) -> 0 | W21: =COUNTIFS(Sheet1!$B:$B, Sheet3!V$2, Sheet1!$M:$M, $C21, Sheet1!$L:$L, Sheet2!$A$6)+COUNTIFS(Sheet1!$B:$B, Sheet3!V$2, Sheet1!$M:$M, $C21, Sheet1!$L:$L, Sheet2!$A$7) -> 0 | X21: =COUNTIFS(Sheet1!$B:$B, Sheet3!X$2, Sheet1!$M:$M, $C21, Sheet1!$L:$L, Sheet2!$A$6)+COUNTIFS(Sheet1!$B:$B, Sheet3!X$2, Sheet1!$M:$M, $C21, Sheet1!$L:$L, Sheet2!$A$7)+COUNTIFS(Sheet1!$B:$B, Sheet3!X$2, Sheet1!$M:$M, $C21, Sheet1!$L:$L, Sheet2!$A$9) -> 0 | Y21: =COUNTIFS(Sheet1!$B:$B, Sheet3!X$2, Sheet1!$M:$M, $C21, Sheet1!$L:$L, Sheet2!$A$6)+COUNTIFS(Sheet1!$B:$B, Sheet3!X$2, Sheet1!$M:$M, $C21, Sheet1!$L:$L, Sheet2!$A$7) -> 0 | Z21: =COUNTIFS(Sheet1!$B:$B, Sheet3!Z$2, Sheet1!$M:$M, $C21, Sheet1!$L:$L, Sheet2!$A$6)+COUNTIFS(Sheet1!$B:$B, Sheet3!Z$2, Sheet1!$M:$M, $C21, Sheet1!$L:$L, Sheet2!$A$7)+COUNTIFS(Sheet1!$B:$B, Sheet3!Z$2, Sheet1!$M:$M, $C21, Sheet1!$L:$L, Sheet2!$A$9) -> 0 | AA21: =COUNTIFS(Sheet1!$B:$B, Sheet3!Z$2, Sheet1!$M:$M, $C21, Sheet1!$L:$L, Sheet2!$A$6)+COUNTIFS(Sheet1!$B:$B, Sheet3!Z$2, Sheet1!$M:$M, $C21, Sheet1!$L:$L, Sheet2!$A$7) -> 0 | AB21: =COUNTIFS(Sheet1!$B:$B, Sheet3!AB$2, Sheet1!$M:$M, $C21, Sheet1!$L:$L, Sheet2!$A$6)+COUNTIFS(Sheet1!$B:$B, Sheet3!AB$2, Sheet1!$M:$M, $C21, Sheet1!$L:$L, Sheet2!$A$7)+COUNTIFS(Sheet1!$B:$B, Sheet3!AB$2, Sheet1!$M:$M, $C21, Sheet1!$L:$L, Sheet2!$A$9) -> 37 | AC21: =COUNTIFS(Sheet1!$B:$B, Sheet3!AB$2, Sheet1!$M:$M, $C21, Sheet1!$L:$L, Sheet2!$A$6)+COUNTIFS(Sheet1!$B:$B, Sheet3!AB$2, Sheet1!$M:$M, $C21, Sheet1!$L:$L, Sheet2!$A$7) -> 37 | AD21: =COUNTIFS(Sheet1!$B:$B, Sheet3!AD$2, Sheet1!$M:$M, $C21, Sheet1!$L:$L, Sheet2!$A$6)+COUNTIFS(Sheet1!$B:$B, Sheet3!AD$2, Sheet1!$M:$M, $C21, Sheet1!$L:$L, Sheet2!$A$7)+COUNTIFS(Sheet1!$B:$B, Sheet3!AD$2, Sheet1!$M:$M, $C21, Sheet1!$L:$L, Sheet2!$A$9) -> 21 | AE21: =COUNTIFS(Sheet1!$B:$B, Sheet3!AD$2, Sheet1!$M:$M, $C21, Sheet1!$L:$L, Sheet2!$A$6)+COUNTIFS(Sheet1!$B:$B, Sheet3!AD$2, Sheet1!$M:$M, $C21, Sheet1!$L:$L, Sheet2!$A$7) -> 21 | AF21: =COUNTIFS(Sheet1!$B:$B, Sheet3!AF$2, Sheet1!$M:$M, $C21, Sheet1!$L:$L, Sheet2!$A$6)+COUNTIFS(Sheet1!$B:$B, Sheet3!AF$2, Sheet1!$M:$M, $C21, Sheet1!$L:$L, Sheet2!$A$7)+COUNTIFS(Sheet1!$B:$B, Sheet3!AF$2, Sheet1!$M:$M, $C21, Sheet1!$L:$L, Sheet2!$A$9) -> 9 | AG21: =COUNTIFS(Sheet1!$B:$B, Sheet3!AF$2, Sheet1!$M:$M, $C21, Sheet1!$L:$L, Sheet2!$A$6)+COUNTIFS(Sheet1!$B:$B, Sheet3!AF$2, Sheet1!$M:$M, $C21, Sheet1!$L:$L, Sheet2!$A$7) -> 9 | AH21: =COUNTIFS(Sheet1!$B:$B, Sheet3!AH$2, Sheet1!$M:$M, $C21, Sheet1!$L:$L, Sheet2!$A$6)+COUNTIFS(Sheet1!$B:$B, Sheet3!AH$2, Sheet1!$M:$M, $C21, Sheet1!$L:$L, Sheet2!$A$7)+COUNTIFS(Sheet1!$B:$B, Sheet3!AH$2, Sheet1!$M:$M, $C21, Sheet1!$L:$L, Sheet2!$A$9) -> 0 | AI21: =COUNTIFS(Sheet1!$B:$B, Sheet3!AH$2, Sheet1!$M:$M, $C21, Sheet1!$L:$L, Sheet2!$A$6)+COUNTIFS(Sheet1!$B:$B, Sheet3!AH$2, Sheet1!$M:$M, $C21, Sheet1!$L:$L, Sheet2!$A$7) -> 0 | AJ21: =COUNTIFS(Sheet1!$B:$B, Sheet3!AJ$2, Sheet1!$M:$M, $C21, Sheet1!$L:$L, Sheet2!$A$6)+COUNTIFS(Sheet1!$B:$B, Sheet3!AJ$2, Sheet1!$M:$M, $C21, Sheet1!$L:$L, Sheet2!$A$7)+COUNTIFS(Sheet1!$B:$B, Sheet3!AJ$2, Sheet1!$M:$M, $C21, Sheet1!$L:$L, Sheet2!$A$9) -> 0 | AK21: =COUNTIFS(Sheet1!$B:$B, Sheet3!AJ$2, Sheet1!$M:$M, $C21, Sheet1!$L:$L, Sheet2!$A$6)+COUNTIFS(Sheet1!$B:$B, Sheet3!AJ$2, Sheet1!$M:$M, $C21, Sheet1!$L:$L, Sheet2!$A$7) -> 0 | AL21: =COUNTIFS(Sheet1!$B:$B, Sheet3!AL$2, Sheet1!$M:$M, $C21, Sheet1!$L:$L, Sheet2!$A$6)+COUNTIFS(Sheet1!$B:$B, Sheet3!AL$2, Sheet1!$M:$M, $C21, Sheet1!$L:$L, Sheet2!$A$7)+COUNTIFS(Sheet1!$B:$B, Sheet3!AL$2, Sheet1!$M:$M, $C21, Sheet1!$L:$L, Sheet2!$A$9) -> 0 | AM21: =COUNTIFS(Sheet1!$B:$B, Sheet3!AL$2, Sheet1!$M:$M, $C21, Sheet1!$L:$L, Sheet2!$A$6)+COUNTIFS(Sheet1!$B:$B, Sheet3!AL$2, Sheet1!$M:$M, $C21, Sheet1!$L:$L, Sheet2!$A$7) -> 0 | AN21: =COUNTIFS(Sheet1!$B:$B, Sheet3!AN$2, Sheet1!$M:$M, $C21, Sheet1!$L:$L, Sheet2!$A$6)+COUNTIFS(Sheet1!$B:$B, Sheet3!AN$2, Sheet1!$M:$M, $C21, Sheet1!$L:$L, Sheet2!$A$7)+COUNTIFS(Sheet1!$B:$B, Sheet3!AN$2, Sheet1!$M:$M, $C21, Sheet1!$L:$L, Sheet2!$A$9) -> 0 | AO21: =COUNTIFS(Sheet1!$B:$B, Sheet3!AN$2, Sheet1!$M:$M, $C21, Sheet1!$L:$L, Sheet2!$A$6)+COUNTIFS(Sheet1!$B:$B, Sheet3!AN$2, Sheet1!$M:$M, $C21, Sheet1!$L:$L, Sheet2!$A$7) -> 0 | AP21: =COUNTIFS(Sheet1!$B:$B, Sheet3!AP$2, Sheet1!$M:$M, $C21, Sheet1!$L:$L, Sheet2!$A$6)+COUNTIFS(Sheet1!$B:$B, Sheet3!AP$2, Sheet1!$M:$M, $C21, Sheet1!$L:$L, Sheet2!$A$7)+COUNTIFS(Sheet1!$B:$B, Sheet3!AP$2, Sheet1!$M:$M, $C21, Sheet1!$L:$L, Sheet2!$A$9) -> 0 | AQ21: =COUNTIFS(Sheet1!$B:$B, Sheet3!AP$2, Sheet1!$M:$M, $C21, Sheet1!$L:$L, Sheet2!$A$6)+COUNTIFS(Sheet1!$B:$B, Sheet3!AP$2, Sheet1!$M:$M, $C21, Sheet1!$L:$L, Sheet2!$A$7) -> 0 | AR21: =COUNTIFS(Sheet1!$B:$B, Sheet3!AR$2, Sheet1!$M:$M, $C21, Sheet1!$L:$L, Sheet2!$A$6)+COUNTIFS(Sheet1!$B:$B, Sheet3!AR$2, Sheet1!$M:$M, $C21, Sheet1!$L:$L, Sheet2!$A$7)+COUNTIFS(Sheet1!$B:$B, Sheet3!AR$2, Sheet1!$M:$M, $C21, Sheet1!$L:$L, Sheet2!$A$9) -> 0 | AS21: =COUNTIFS(Sheet1!$B:$B, Sheet3!AR$2, Sheet1!$M:$M, $C21, Sheet1!$L:$L, Sheet2!$A$6)+COUNTIFS(Sheet1!$B:$B, Sheet3!AR$2, Sheet1!$M:$M, $C21, Sheet1!$L:$L, Sheet2!$A$7) -> 0 | AT21: =COUNTIFS(Sheet1!$B:$B, Sheet3!AT$2, Sheet1!$M:$M, $C21, Sheet1!$L:$L, Sheet2!$A$6)+COUNTIFS(Sheet1!$B:$B, Sheet3!AT$2, Sheet1!$M:$M, $C21, Sheet1!$L:$L, Sheet2!$A$7)+COUNTIFS(Sheet1!$B:$B, Sheet3!AT$2, Sheet1!$M:$M, $C21, Sheet1!$L:$L, Sheet2!$A$9) -> 0 | AU21: =COUNTIFS(Sheet1!$B:$B, Sheet3!AT$2, Sheet1!$M:$M, $C21, Sheet1!$L:$L, Sheet2!$A$6)+COUNTIFS(Sheet1!$B:$B, Sheet3!AT$2, Sheet1!$M:$M, $C21, Sheet1!$L:$L, Sheet2!$A$7) -> 0 | AV21: =COUNTIFS(Sheet1!$B:$B, Sheet3!AV$2, Sheet1!$M:$M, $C21, Sheet1!$L:$L, Sheet2!$A$6)+COUNTIFS(Sheet1!$B:$B, Sheet3!AV$2, Sheet1!$M:$M, $C21, Sheet1!$L:$L, Sheet2!$A$7)+COUNTIFS(Sheet1!$B:$B, Sheet3!AV$2, Sheet1!$M:$M, $C21, Sheet1!$L:$L, Sheet2!$A$9) -> 0 | AW21: =COUNTIFS(Sheet1!$B:$B, Sheet3!AV$2, Sheet1!$M:$M, $C21, Sheet1!$L:$L, Sheet2!$A$6)+COUNTIFS(Sheet1!$B:$B, Sheet3!AV$2, Sheet1!$M:$M, $C21, Sheet1!$L:$L, Sheet2!$A$7) -> 0

Sheet Sheet4
C1: 45964 | F1: 45965 | I1: 45966 | L1: 45967 | O1: 45968 | R1: 45971 | U1: 45972 | X1: 45973 | AA1: 45974 | AD1: 45975 | AG1: 45978 | AJ1: 45979 | AM1: 45980 | AP1: 45981 | AS1: 45982 | AV1: 45985 | AY1: 45986 | BB1: 45987 | BE1: 45988 | BH1: 45989
A2: APU | B2: Location | C2: Totales | D2: Diferencia | E2: Sin contar | F2: Totales | G2: Diferencia | H2: Sin contar | I2: Totales | J2: Diferencia | K2: Sin contar | L2: Totales | M2: Diferencia | N2: Sin contar | O2: Totales | P2: Diferencia | Q2: Sin contar | R2: Totales | S2: Diferencia | T2: Sin contar | U2: Totales | V2: Diferencia | W2: Sin contar | X2: Totales | Y2: Diferencia | Z2: Sin contar | AA2: Totales | AB2: Diferencia | AC2: Sin contar | AD2: Totales | AE2: Diferencia | AF2: Sin contar | AG2: Totales | AH2: Diferencia | AI2: Sin contar | AJ2: Totales | AK2: Diferencia | AL2: Sin contar | AM2: Totales | AN2: Diferencia | AO2: Sin contar | AP2: Totales | AQ2: Diferencia | AR2: Sin contar | AS2: Totales | AT2: Diferencia | AU2: Sin contar | AV2: Totales | AW2: Diferencia | AX2: Sin contar | AY2: Totales | AZ2: Diferencia | BA2: Sin contar | BB2: Totales | BC2: Diferencia | BD2: Sin contar | BE2: Totales | BF2: Diferencia | BG2: Sin contar | BH2: Totales | BI2: Diferencia | BJ2: Sin contar
